Carregado data\users.json em 0.137s
Salvo data\users.json em 0.661s
Senha do usuário de teste atualizada: testuser / test123
Teste hash gerado: scrypt:32768:8:1$T0mq35ufUtVZNqEF$553f0c3d3632cf83...
Verificação do hash: True
[INFO] Administrador padrão já existe
Carregado data\categories.json em 0.058s
Carregado data\fields.json em 0.044s
Carregado data\greetings.json em 0.031s
Carregado data\questions.json em 0.063s
Carregado data\answers.json em 0.072s
 * Serving Flask app 'app'
 * Debug mode: on
WARNING: This is a development server. Do not use it in a production deployment. Use a production WSGI server instead.
 * Running on all addresses (0.0.0.0)
 * Running on http://127.0.0.1:3000
 * Running on http://192.168.15.152:3000
Press CTRL+C to quit
 * Restarting with stat
 * Debugger is active!
 * Debugger PIN: 119-877-265
 * Detected change in 'C:\\Users\\ICOMON\\Documents\\Ml direta\\app.py', reloading
Carregado data\users.json em 0.355s
Salvo data\users.json em 1.145s
Senha do usuário de teste atualizada: testuser / test123
Teste hash gerado: scrypt:32768:8:1$XlFWXiQh0qcQqUb7$f211c22c2f617694...
Verificação do hash: True
[INFO] Administrador padrão já existe
Carregado data\categories.json em 0.002s
Carregado data\fields.json em 0.002s
Carregado data\greetings.json em 0.001s
Carregado data\questions.json em 0.001s
Carregado data\answers.json em 0.001s
Exception in thread Thread-1 (serve_forever):
 * Restarting with stat
 * Debugger is active!
 * Debugger PIN: 119-877-265
127.0.0.1 - - [12/May/2026 16:55:12] "GET /login HTTP/1.1" 200 -
127.0.0.1 - - [12/May/2026 16:55:13] "GET /login HTTP/1.1" 200 -
127.0.0.1 - - [12/May/2026 16:55:28] "POST /login HTTP/1.1" 302 -
127.0.0.1 - - [12/May/2026 16:55:28] "GET /greeting HTTP/1.1" 200 -
127.0.0.1 - - [12/May/2026 16:55:31] "GET /dashboard HTTP/1.1" 302 -
127.0.0.1 - - [12/May/2026 16:55:32] "GET /admin/dashboard HTTP/1.1" 200 -
127.0.0.1 - - [12/May/2026 16:55:33] "GET /static/js/script.js HTTP/1.1" 304 -
127.0.0.1 - - [12/May/2026 16:55:33] "GET /static/css/style.css HTTP/1.1" 304 -
127.0.0.1 - - [12/May/2026 16:55:37] "GET /admin/users HTTP/1.1" 200 -
127.0.0.1 - - [12/May/2026 16:55:38] "GET /static/css/style.css HTTP/1.1" 304 -
127.0.0.1 - - [12/May/2026 16:55:38] "GET /static/js/script.js HTTP/1.1" 304 -
127.0.0.1 - - [12/May/2026 16:55:40] "GET /admin/upload HTTP/1.1" 200 -
127.0.0.1 - - [12/May/2026 16:55:40] "GET /static/css/style.css HTTP/1.1" 304 -
127.0.0.1 - - [12/May/2026 16:55:40] "GET /static/js/script.js HTTP/1.1" 304 -
127.0.0.1 - - [12/May/2026 16:56:24] "GET /login HTTP/1.1" 200 -
127.0.0.1 - - [12/May/2026 16:56:24] "GET /favicon.ico HTTP/1.1" 404 -
127.0.0.1 - - [12/May/2026 16:56:28] "POST /login HTTP/1.1" 200 -
127.0.0.1 - - [12/May/2026 16:56:28] "POST /admin/upload HTTP/1.1" 302 -
127.0.0.1 - - [12/May/2026 16:56:29] "GET /admin/upload HTTP/1.1" 200 -
127.0.0.1 - - [12/May/2026 16:56:29] "GET /static/js/script.js HTTP/1.1" 304 -
127.0.0.1 - - [12/May/2026 16:56:29] "GET /static/css/style.css HTTP/1.1" 304 -
127.0.0.1 - - [12/May/2026 16:56:42] "GET /login HTTP/1.1" 200 -
127.0.0.1 - - [12/May/2026 16:56:43] "GET /favicon.ico HTTP/1.1" 404 -
127.0.0.1 - - [12/May/2026 16:56:47] "POST /login HTTP/1.1" 200 -
Carregado data\users.json em 0.303s
Salvo data\users.json em 1.509s
Senha do usuário de teste atualizada: testuser / test123
Teste hash gerado: scrypt:32768:8:1$tLcZmanEy0f8vQ5s$08ef2be082acfe7f...
Verificação do hash: True
[INFO] Administrador padrão já existe
Carregado data\categories.json em 0.015s
Carregado data\fields.json em 0.005s
Carregado data\greetings.json em 0.001s
Carregado data\questions.json em 0.001s
Carregado data\answers.json em 0.024s
Tentativa de login - Login: r025220, Senha: r@95810
Carregado data\users.json em 0.277s
USUARIO ENCONTRADO: r025220 (ID: 112)
Hash: scrypt:32768:8:1$EhBKFPukle3zsRUv$73b9a35f6f2b39ca...
VERIFICACAO SENHA: True
LOGIN SUCESSO: r025220
Carregado data\users.json em 0.247s
DEBUG: Iniciando processamento do arquivo: Upload Plataforma Icomon rede.xlsx
DEBUG: Tamanho do arquivo: 0
DEBUG: Tentando ler arquivo Excel...
DEBUG: Arquivo Excel lido com sucesso
Carregado data\users.json em 0.136s
Arquivo carregado em 4.592s - 23 linhas
Processando usuário existente: r061004 (Matrícula: 61004)
SENHA ATUALIZADA: r@58536
CAMPO ADICIONAL ATUALIZADO: CADASTRO - FUNÇÃO = CABISTA F OPTICA
CAMPO ADICIONAL ATUALIZADO: CADASTRO - ADMISSÃO = 2026-05-06 00:00:00
CAMPO ADICIONAL ATUALIZADO: CADASTRO - GERENTE REGIONAL = ROBSON COSTA PATROCINIO
CAMPO ADICIONAL ATUALIZADO: CADASTRO - GERENTE CORPORATIVO = FRANCISCO ADOLFO ZAMPOL DE MARCO
CAMPO ADICIONAL ATUALIZADO: INTEGRAÇÃO - MODALIDADE = PRESENCIAL
CAMPO ADICIONAL ATUALIZADO: INTEGRAÇÃO - LOCAL = RUA SÃO QUIRINO, 758 - VILA GUILHERME - SÃO PAULO - SP
CAMPO ADICIONAL ATUALIZADO: INTEGRAÇÃO - DATA INÍCIO = 2026-05-06 00:00:00
CAMPO ADICIONAL ATUALIZADO: INTEGRAÇÃO - DATA TÉRMINO = 2026-05-06 00:00:00
CAMPO ADICIONAL ATUALIZADO: INTEGRAÇÃO - INSTRUTOR = GELSIVAN
CAMPO ADICIONAL ATUALIZADO: 1ª RETIRADA - CARREGAMENTO - LOCAL = RUA ÁLVARO ALVIM, 1123 - PAULICÉIA - SÃO BERNARDO DO CAMPO - SP
CAMPO ADICIONAL ATUALIZADO: 1ª RETIRADA - CARREGAMENTO - DATA DE CARREGAMENTO = 2026-05-13 00:00:00
CAMPO ADICIONAL ATUALIZADO: INTRODUÇÃO A SAÚDE E SEGURANÇA DO TRABALHO - MODALIDADE = ONLINE T2
CAMPO ADICIONAL ATUALIZADO: INTRODUÇÃO A SAÚDE E SEGURANÇA DO TRABALHO - LOCAL = https://teams.microsoft.com/meet/238144599512544?p=NPH77zpsohs8Eugsac
CAMPO ADICIONAL ATUALIZADO: INTRODUÇÃO A SAÚDE E SEGURANÇA DO TRABALHO - DATA INÍCIO = 2026-05-07 00:00:00
CAMPO ADICIONAL ATUALIZADO: INTRODUÇÃO A SAÚDE E SEGURANÇA DO TRABALHO - DATA TÉRMINO = 2026-05-07 00:00:00
CAMPO ADICIONAL ATUALIZADO: INTRODUÇÃO A SAÚDE E SEGURANÇA DO TRABALHO - INSTRUTOR = SESMT
CAMPO ADICIONAL ATUALIZADO: NORMATIVO (ONLINE) - DATA INÍCIO = 2026-05-08 00:00:00
CAMPO ADICIONAL ATUALIZADO: NORMATIVO (ONLINE) - DATA TÉRMINO = 2026-05-14 00:00:00
CAMPO ADICIONAL ATUALIZADO: NORMATIVO (ONLINE) - INSTRUTOR = LUCIANO
CAMPO ADICIONAL ATUALIZADO: NORMATIVO (ONLINE) - ACESSO = https://teams.microsoft.com/meet/252035871893270?p=l1vJ3D0n81QLLIoTom
CAMPO ADICIONAL ATUALIZADO: NORMATIVO (PRESENCIAL) - LOCAL = RUA ÁLVARO ALVIM, 1123 - PAULICÉIA - SÃO BERNARDO DO CAMPO - SP
CAMPO ADICIONAL ATUALIZADO: NORMATIVO (PRESENCIAL) - DATA INÍCIO = 2026-05-15 00:00:00
CAMPO ADICIONAL ATUALIZADO: NORMATIVO (PRESENCIAL) - DATA TÉRMINO = 2026-05-18 00:00:00
CAMPO ADICIONAL ATUALIZADO: NORMATIVO (PRESENCIAL) - INSTRUTOR = LUCIANO
CAMPO ADICIONAL ATUALIZADO: 2ª RETIRADA - CARREGAMENTO - DATA DE CARREGAMENTO = 2026-05-19 00:00:00
CAMPO ADICIONAL ATUALIZADO: 2ª RETIRADA - CARREGAMENTO - LOCAL = RUA SÃO QUIRINO, 758 - VILA GUILHERME - SÃO PAULO - SP
CAMPO ADICIONAL ATUALIZADO: OPERAÇÃO - DATA DE OPERAÇÃO = 2026-05-20 00:00:00
CAMPO ADICIONAL ATUALIZADO: OPERAÇÃO - LOCAL = RUA ÁLVARO ALVIM, 1123 - PAULICÉIA - SÃO BERNARDO DO CAMPO - SP
CAMPO ADICIONAL ATUALIZADO: CURSO TÉCNICO - MODALIDADE = -
CAMPO ADICIONAL ATUALIZADO: CURSO TÉCNICO - LOCAL = -
CAMPO ADICIONAL ATUALIZADO: CURSO TÉCNICO - DATA INÍCIO = -
CAMPO ADICIONAL ATUALIZADO: CURSO TÉCNICO - DATA TÉRMINO = -
CAMPO ADICIONAL ATUALIZADO: CURSO TÉCNICO - INSTRUTOR = -
CAMPO ADICIONAL ATUALIZADO: DUPLADO - DATA INÍCIO = -
CAMPO ADICIONAL ATUALIZADO: DUPLADO - DATA TÉRMINO = -
CAMPO ADICIONAL ATUALIZADO: DUPLADO - GER. REGIONAL = -
CAMPO ADICIONAL ATUALIZADO: DUPLADO - LOCAL DE APRESENTAÇÃO = -
CAMPO ADICIONAL ATUALIZADO: CURSO TÉCNICO RETORNO - MODALIDADE = -
CAMPO ADICIONAL ATUALIZADO: CURSO TÉCNICO RETORNO - LOCAL = -
CAMPO ADICIONAL ATUALIZADO: CURSO TÉCNICO RETORNO - DATA INÍCIO = -
CAMPO ADICIONAL ATUALIZADO: CURSO TÉCNICO RETORNO - INSTRUTOR = -
CAMPO ADICIONAL ATUALIZADO: CURSO TÉCNICO RETORNO - DATA TÉRMINO = -
CAMPO ADICIONAL ATUALIZADO: DUPLADO FASE 2 - DATA INÍCIO = -
CAMPO ADICIONAL ATUALIZADO: DUPLADO FASE 2 - DATA TÉRMINO = -
CAMPO ADICIONAL ATUALIZADO: DUPLADO FASE 2 - GER. REGIONAL = -
CAMPO ADICIONAL ATUALIZADO: DUPLADO FASE 2 - LOCAL DE APRESENTAÇÃO = -
Processando usuário existente: r061005 (Matrícula: 61005)
SENHA ATUALIZADA: r@13870
CAMPO ADICIONAL ATUALIZADO: CADASTRO - FUNÇÃO = AUX TELECOM
CAMPO ADICIONAL ATUALIZADO: CADASTRO - ADMISSÃO = 2026-05-06 00:00:00
CAMPO ADICIONAL ATUALIZADO: CADASTRO - GERENTE REGIONAL = EDVAN PEREIRA DA ROCHA
CAMPO ADICIONAL ATUALIZADO: CADASTRO - GERENTE CORPORATIVO = PAULO HENRIQUE VALERIO DA SILVA
CAMPO ADICIONAL ATUALIZADO: INTEGRAÇÃO - MODALIDADE = PRESENCIAL
CAMPO ADICIONAL ATUALIZADO: INTEGRAÇÃO - LOCAL = RUA SÃO QUIRINO, 758 - VILA GUILHERME - SÃO PAULO - SP
CAMPO ADICIONAL ATUALIZADO: INTEGRAÇÃO - DATA INÍCIO = 2026-05-06 00:00:00
CAMPO ADICIONAL ATUALIZADO: INTEGRAÇÃO - DATA TÉRMINO = 2026-05-06 00:00:00
CAMPO ADICIONAL ATUALIZADO: INTEGRAÇÃO - INSTRUTOR = GELSIVAN
CAMPO ADICIONAL ATUALIZADO: 1ª RETIRADA - CARREGAMENTO - LOCAL = RUA SÃO QUIRINO, 758 - VILA GUILHERME - SÃO PAULO - SP
CAMPO ADICIONAL ATUALIZADO: 1ª RETIRADA - CARREGAMENTO - DATA DE CARREGAMENTO = 2026-05-13 00:00:00
CAMPO ADICIONAL ATUALIZADO: INTRODUÇÃO A SAÚDE E SEGURANÇA DO TRABALHO - MODALIDADE = ONLINE T2
CAMPO ADICIONAL ATUALIZADO: INTRODUÇÃO A SAÚDE E SEGURANÇA DO TRABALHO - LOCAL = https://teams.microsoft.com/meet/238144599512544?p=NPH77zpsohs8Eugsac
CAMPO ADICIONAL ATUALIZADO: INTRODUÇÃO A SAÚDE E SEGURANÇA DO TRABALHO - DATA INÍCIO = 2026-05-07 00:00:00
CAMPO ADICIONAL ATUALIZADO: INTRODUÇÃO A SAÚDE E SEGURANÇA DO TRABALHO - DATA TÉRMINO = 2026-05-07 00:00:00
CAMPO ADICIONAL ATUALIZADO: INTRODUÇÃO A SAÚDE E SEGURANÇA DO TRABALHO - INSTRUTOR = SESMT
CAMPO ADICIONAL ATUALIZADO: NORMATIVO (ONLINE) - DATA INÍCIO = 2026-05-08 00:00:00
CAMPO ADICIONAL ATUALIZADO: NORMATIVO (ONLINE) - DATA TÉRMINO = 2026-05-14 00:00:00
CAMPO ADICIONAL ATUALIZADO: NORMATIVO (ONLINE) - INSTRUTOR = LUCIANO
CAMPO ADICIONAL ATUALIZADO: NORMATIVO (ONLINE) - ACESSO = https://teams.microsoft.com/meet/252035871893270?p=l1vJ3D0n81QLLIoTom
CAMPO ADICIONAL ATUALIZADO: NORMATIVO (PRESENCIAL) - LOCAL = RUA SÃO QUIRINO, 758 - VILA GUILHERME - SÃO PAULO - SP
CAMPO ADICIONAL ATUALIZADO: NORMATIVO (PRESENCIAL) - DATA INÍCIO = 2026-05-15 00:00:00
CAMPO ADICIONAL ATUALIZADO: NORMATIVO (PRESENCIAL) - DATA TÉRMINO = 2026-05-18 00:00:00
CAMPO ADICIONAL ATUALIZADO: NORMATIVO (PRESENCIAL) - INSTRUTOR = LUCIANO
CAMPO ADICIONAL ATUALIZADO: 2ª RETIRADA - CARREGAMENTO - DATA DE CARREGAMENTO = 2026-05-19 00:00:00
CAMPO ADICIONAL ATUALIZADO: 2ª RETIRADA - CARREGAMENTO - LOCAL = RUA SÃO QUIRINO, 758 - VILA GUILHERME - SÃO PAULO - SP
CAMPO ADICIONAL ATUALIZADO: OPERAÇÃO - DATA DE OPERAÇÃO = 2026-05-20 00:00:00
CAMPO ADICIONAL ATUALIZADO: OPERAÇÃO - LOCAL = RUA SÃO QUIRINO, 758 - VILA GUILHERME - SÃO PAULO - SP
CAMPO ADICIONAL ATUALIZADO: CURSO TÉCNICO - MODALIDADE = -
CAMPO ADICIONAL ATUALIZADO: CURSO TÉCNICO - LOCAL = -
CAMPO ADICIONAL ATUALIZADO: CURSO TÉCNICO - DATA INÍCIO = -
CAMPO ADICIONAL ATUALIZADO: CURSO TÉCNICO - DATA TÉRMINO = -
CAMPO ADICIONAL ATUALIZADO: CURSO TÉCNICO - INSTRUTOR = -
CAMPO ADICIONAL ATUALIZADO: DUPLADO - DATA INÍCIO = -
CAMPO ADICIONAL ATUALIZADO: DUPLADO - DATA TÉRMINO = -
CAMPO ADICIONAL ATUALIZADO: DUPLADO - GER. REGIONAL = -
CAMPO ADICIONAL ATUALIZADO: DUPLADO - LOCAL DE APRESENTAÇÃO = -
CAMPO ADICIONAL ATUALIZADO: CURSO TÉCNICO RETORNO - MODALIDADE = -
CAMPO ADICIONAL ATUALIZADO: CURSO TÉCNICO RETORNO - LOCAL = -
CAMPO ADICIONAL ATUALIZADO: CURSO TÉCNICO RETORNO - DATA INÍCIO = -
CAMPO ADICIONAL ATUALIZADO: CURSO TÉCNICO RETORNO - INSTRUTOR = -
CAMPO ADICIONAL ATUALIZADO: CURSO TÉCNICO RETORNO - DATA TÉRMINO = -
CAMPO ADICIONAL ATUALIZADO: DUPLADO FASE 2 - DATA INÍCIO = -
CAMPO ADICIONAL ATUALIZADO: DUPLADO FASE 2 - DATA TÉRMINO = -
CAMPO ADICIONAL ATUALIZADO: DUPLADO FASE 2 - GER. REGIONAL = -
CAMPO ADICIONAL ATUALIZADO: DUPLADO FASE 2 - LOCAL DE APRESENTAÇÃO = -
Processando usuário existente: r061017 (Matrícula: 61017)
SENHA ATUALIZADA: r@17809
CAMPO ADICIONAL ATUALIZADO: CADASTRO - FUNÇÃO = AUX TELECOM
CAMPO ADICIONAL ATUALIZADO: CADASTRO - ADMISSÃO = 2026-05-06 00:00:00
CAMPO ADICIONAL ATUALIZADO: CADASTRO - GERENTE REGIONAL = RAFAEL MARTINELLI DA SILVA
CAMPO ADICIONAL ATUALIZADO: CADASTRO - GERENTE CORPORATIVO = FRANCISCO ADOLFO ZAMPOL DE MARCO
CAMPO ADICIONAL ATUALIZADO: INTEGRAÇÃO - MODALIDADE = PRESENCIAL
CAMPO ADICIONAL ATUALIZADO: INTEGRAÇÃO - LOCAL = RUA SÃO QUIRINO, 758 - VILA GUILHERME - SÃO PAULO - SP
CAMPO ADICIONAL ATUALIZADO: INTEGRAÇÃO - DATA INÍCIO = 2026-05-06 00:00:00
CAMPO ADICIONAL ATUALIZADO: INTEGRAÇÃO - DATA TÉRMINO = 2026-05-06 00:00:00
CAMPO ADICIONAL ATUALIZADO: INTEGRAÇÃO - INSTRUTOR = GELSIVAN
CAMPO ADICIONAL ATUALIZADO: 1ª RETIRADA - CARREGAMENTO - LOCAL = RUA SÃO QUIRINO, 758 - VILA GUILHERME - SÃO PAULO - SP
CAMPO ADICIONAL ATUALIZADO: 1ª RETIRADA - CARREGAMENTO - DATA DE CARREGAMENTO = 2026-05-13 00:00:00
CAMPO ADICIONAL ATUALIZADO: INTRODUÇÃO A SAÚDE E SEGURANÇA DO TRABALHO - MODALIDADE = ONLINE T2
CAMPO ADICIONAL ATUALIZADO: INTRODUÇÃO A SAÚDE E SEGURANÇA DO TRABALHO - LOCAL = https://teams.microsoft.com/meet/238144599512544?p=NPH77zpsohs8Eugsac
CAMPO ADICIONAL ATUALIZADO: INTRODUÇÃO A SAÚDE E SEGURANÇA DO TRABALHO - DATA INÍCIO = 2026-05-07 00:00:00
CAMPO ADICIONAL ATUALIZADO: INTRODUÇÃO A SAÚDE E SEGURANÇA DO TRABALHO - DATA TÉRMINO = 2026-05-07 00:00:00
CAMPO ADICIONAL ATUALIZADO: INTRODUÇÃO A SAÚDE E SEGURANÇA DO TRABALHO - INSTRUTOR = SESMT
CAMPO ADICIONAL ATUALIZADO: NORMATIVO (ONLINE) - DATA INÍCIO = 2026-05-08 00:00:00
CAMPO ADICIONAL ATUALIZADO: NORMATIVO (ONLINE) - DATA TÉRMINO = 2026-05-14 00:00:00
CAMPO ADICIONAL ATUALIZADO: NORMATIVO (ONLINE) - INSTRUTOR = LUCIANO
CAMPO ADICIONAL ATUALIZADO: NORMATIVO (ONLINE) - ACESSO = https://teams.microsoft.com/meet/252035871893270?p=l1vJ3D0n81QLLIoTom
CAMPO ADICIONAL ATUALIZADO: NORMATIVO (PRESENCIAL) - LOCAL = RUA SÃO QUIRINO, 758 - VILA GUILHERME - SÃO PAULO - SP
CAMPO ADICIONAL ATUALIZADO: NORMATIVO (PRESENCIAL) - DATA INÍCIO = 2026-05-15 00:00:00
CAMPO ADICIONAL ATUALIZADO: NORMATIVO (PRESENCIAL) - DATA TÉRMINO = 2026-05-18 00:00:00
CAMPO ADICIONAL ATUALIZADO: NORMATIVO (PRESENCIAL) - INSTRUTOR = LUCIANO
CAMPO ADICIONAL ATUALIZADO: 2ª RETIRADA - CARREGAMENTO - DATA DE CARREGAMENTO = 2026-05-19 00:00:00
CAMPO ADICIONAL ATUALIZADO: 2ª RETIRADA - CARREGAMENTO - LOCAL = RUA SÃO QUIRINO, 758 - VILA GUILHERME - SÃO PAULO - SP
CAMPO ADICIONAL ATUALIZADO: OPERAÇÃO - DATA DE OPERAÇÃO = 2026-05-20 00:00:00
CAMPO ADICIONAL ATUALIZADO: OPERAÇÃO - LOCAL = RUA SÃO QUIRINO, 758 - VILA GUILHERME - SÃO PAULO - SP
CAMPO ADICIONAL ATUALIZADO: CURSO TÉCNICO - MODALIDADE = -
CAMPO ADICIONAL ATUALIZADO: CURSO TÉCNICO - LOCAL = -
CAMPO ADICIONAL ATUALIZADO: CURSO TÉCNICO - DATA INÍCIO = -
CAMPO ADICIONAL ATUALIZADO: CURSO TÉCNICO - DATA TÉRMINO = -
CAMPO ADICIONAL ATUALIZADO: CURSO TÉCNICO - INSTRUTOR = -
CAMPO ADICIONAL ATUALIZADO: DUPLADO - DATA INÍCIO = -
CAMPO ADICIONAL ATUALIZADO: DUPLADO - DATA TÉRMINO = -
CAMPO ADICIONAL ATUALIZADO: DUPLADO - GER. REGIONAL = -
CAMPO ADICIONAL ATUALIZADO: DUPLADO - LOCAL DE APRESENTAÇÃO = -
CAMPO ADICIONAL ATUALIZADO: CURSO TÉCNICO RETORNO - MODALIDADE = -
CAMPO ADICIONAL ATUALIZADO: CURSO TÉCNICO RETORNO - LOCAL = -
CAMPO ADICIONAL ATUALIZADO: CURSO TÉCNICO RETORNO - DATA INÍCIO = -
CAMPO ADICIONAL ATUALIZADO: CURSO TÉCNICO RETORNO - INSTRUTOR = -
CAMPO ADICIONAL ATUALIZADO: CURSO TÉCNICO RETORNO - DATA TÉRMINO = -
CAMPO ADICIONAL ATUALIZADO: DUPLADO FASE 2 - DATA INÍCIO = -
CAMPO ADICIONAL ATUALIZADO: DUPLADO FASE 2 - DATA TÉRMINO = -
CAMPO ADICIONAL ATUALIZADO: DUPLADO FASE 2 - GER. REGIONAL = -
CAMPO ADICIONAL ATUALIZADO: DUPLADO FASE 2 - LOCAL DE APRESENTAÇÃO = -
Processando usuário existente: r061027 (Matrícula: 61027)
SENHA ATUALIZADA: r@72860
CAMPO ADICIONAL ATUALIZADO: CADASTRO - FUNÇÃO = AUX TELECOM
CAMPO ADICIONAL ATUALIZADO: CADASTRO - ADMISSÃO = 2026-05-06 00:00:00
CAMPO ADICIONAL ATUALIZADO: CADASTRO - GERENTE REGIONAL = EDVAN PEREIRA DA ROCHA
CAMPO ADICIONAL ATUALIZADO: CADASTRO - GERENTE CORPORATIVO = PAULO HENRIQUE VALERIO DA SILVA
CAMPO ADICIONAL ATUALIZADO: INTEGRAÇÃO - MODALIDADE = PRESENCIAL
CAMPO ADICIONAL ATUALIZADO: INTEGRAÇÃO - LOCAL = RUA SÃO QUIRINO, 758 - VILA GUILHERME - SÃO PAULO - SP
CAMPO ADICIONAL ATUALIZADO: INTEGRAÇÃO - DATA INÍCIO = 2026-05-06 00:00:00
CAMPO ADICIONAL ATUALIZADO: INTEGRAÇÃO - DATA TÉRMINO = 2026-05-06 00:00:00
CAMPO ADICIONAL ATUALIZADO: INTEGRAÇÃO - INSTRUTOR = GELSIVAN
CAMPO ADICIONAL ATUALIZADO: 1ª RETIRADA - CARREGAMENTO - LOCAL = RUA SÃO QUIRINO, 758 - VILA GUILHERME - SÃO PAULO - SP
CAMPO ADICIONAL ATUALIZADO: 1ª RETIRADA - CARREGAMENTO - DATA DE CARREGAMENTO = 2026-05-13 00:00:00
CAMPO ADICIONAL ATUALIZADO: INTRODUÇÃO A SAÚDE E SEGURANÇA DO TRABALHO - MODALIDADE = ONLINE T2
CAMPO ADICIONAL ATUALIZADO: INTRODUÇÃO A SAÚDE E SEGURANÇA DO TRABALHO - LOCAL = https://teams.microsoft.com/meet/238144599512544?p=NPH77zpsohs8Eugsac
CAMPO ADICIONAL ATUALIZADO: INTRODUÇÃO A SAÚDE E SEGURANÇA DO TRABALHO - DATA INÍCIO = 2026-05-07 00:00:00
CAMPO ADICIONAL ATUALIZADO: INTRODUÇÃO A SAÚDE E SEGURANÇA DO TRABALHO - DATA TÉRMINO = 2026-05-07 00:00:00
CAMPO ADICIONAL ATUALIZADO: INTRODUÇÃO A SAÚDE E SEGURANÇA DO TRABALHO - INSTRUTOR = SESMT
CAMPO ADICIONAL ATUALIZADO: NORMATIVO (ONLINE) - DATA INÍCIO = 2026-05-08 00:00:00
CAMPO ADICIONAL ATUALIZADO: NORMATIVO (ONLINE) - DATA TÉRMINO = 2026-05-14 00:00:00
CAMPO ADICIONAL ATUALIZADO: NORMATIVO (ONLINE) - INSTRUTOR = LUCIANO
CAMPO ADICIONAL ATUALIZADO: NORMATIVO (ONLINE) - ACESSO = https://teams.microsoft.com/meet/252035871893270?p=l1vJ3D0n81QLLIoTom
CAMPO ADICIONAL ATUALIZADO: NORMATIVO (PRESENCIAL) - LOCAL = RUA SÃO QUIRINO, 758 - VILA GUILHERME - SÃO PAULO - SP
CAMPO ADICIONAL ATUALIZADO: NORMATIVO (PRESENCIAL) - DATA INÍCIO = 2026-05-15 00:00:00
CAMPO ADICIONAL ATUALIZADO: NORMATIVO (PRESENCIAL) - DATA TÉRMINO = 2026-05-18 00:00:00
CAMPO ADICIONAL ATUALIZADO: NORMATIVO (PRESENCIAL) - INSTRUTOR = LUCIANO
CAMPO ADICIONAL ATUALIZADO: 2ª RETIRADA - CARREGAMENTO - DATA DE CARREGAMENTO = 2026-05-19 00:00:00
CAMPO ADICIONAL ATUALIZADO: 2ª RETIRADA - CARREGAMENTO - LOCAL = RUA SÃO QUIRINO, 758 - VILA GUILHERME - SÃO PAULO - SP
CAMPO ADICIONAL ATUALIZADO: OPERAÇÃO - DATA DE OPERAÇÃO = 2026-05-20 00:00:00
CAMPO ADICIONAL ATUALIZADO: OPERAÇÃO - LOCAL = RUA SÃO QUIRINO, 758 - VILA GUILHERME - SÃO PAULO - SP
CAMPO ADICIONAL ATUALIZADO: CURSO TÉCNICO - MODALIDADE = -
CAMPO ADICIONAL ATUALIZADO: CURSO TÉCNICO - LOCAL = -
CAMPO ADICIONAL ATUALIZADO: CURSO TÉCNICO - DATA INÍCIO = -
CAMPO ADICIONAL ATUALIZADO: CURSO TÉCNICO - DATA TÉRMINO = -
CAMPO ADICIONAL ATUALIZADO: CURSO TÉCNICO - INSTRUTOR = -
CAMPO ADICIONAL ATUALIZADO: DUPLADO - DATA INÍCIO = -
CAMPO ADICIONAL ATUALIZADO: DUPLADO - DATA TÉRMINO = -
CAMPO ADICIONAL ATUALIZADO: DUPLADO - GER. REGIONAL = -
CAMPO ADICIONAL ATUALIZADO: DUPLADO - LOCAL DE APRESENTAÇÃO = -
CAMPO ADICIONAL ATUALIZADO: CURSO TÉCNICO RETORNO - MODALIDADE = -
CAMPO ADICIONAL ATUALIZADO: CURSO TÉCNICO RETORNO - LOCAL = -
CAMPO ADICIONAL ATUALIZADO: CURSO TÉCNICO RETORNO - DATA INÍCIO = -
CAMPO ADICIONAL ATUALIZADO: CURSO TÉCNICO RETORNO - INSTRUTOR = -
CAMPO ADICIONAL ATUALIZADO: CURSO TÉCNICO RETORNO - DATA TÉRMINO = -
CAMPO ADICIONAL ATUALIZADO: DUPLADO FASE 2 - DATA INÍCIO = -
CAMPO ADICIONAL ATUALIZADO: DUPLADO FASE 2 - DATA TÉRMINO = -
CAMPO ADICIONAL ATUALIZADO: DUPLADO FASE 2 - GER. REGIONAL = -
CAMPO ADICIONAL ATUALIZADO: DUPLADO FASE 2 - LOCAL DE APRESENTAÇÃO = -
Processando usuário existente: r061032 (Matrícula: 61032)
SENHA ATUALIZADA: r@12800
CAMPO ADICIONAL ATUALIZADO: CADASTRO - FUNÇÃO = AUX TELECOM
CAMPO ADICIONAL ATUALIZADO: CADASTRO - ADMISSÃO = 2026-05-06 00:00:00
CAMPO ADICIONAL ATUALIZADO: CADASTRO - GERENTE REGIONAL = EDVAN PEREIRA DA ROCHA
CAMPO ADICIONAL ATUALIZADO: CADASTRO - GERENTE CORPORATIVO = PAULO HENRIQUE VALERIO DA SILVA
CAMPO ADICIONAL ATUALIZADO: INTEGRAÇÃO - MODALIDADE = PRESENCIAL
CAMPO ADICIONAL ATUALIZADO: INTEGRAÇÃO - LOCAL = RUA SÃO QUIRINO, 758 - VILA GUILHERME - SÃO PAULO - SP
CAMPO ADICIONAL ATUALIZADO: INTEGRAÇÃO - DATA INÍCIO = 2026-05-06 00:00:00
CAMPO ADICIONAL ATUALIZADO: INTEGRAÇÃO - DATA TÉRMINO = 2026-05-06 00:00:00
CAMPO ADICIONAL ATUALIZADO: INTEGRAÇÃO - INSTRUTOR = GELSIVAN
CAMPO ADICIONAL ATUALIZADO: 1ª RETIRADA - CARREGAMENTO - LOCAL = RUA SÃO QUIRINO, 758 - VILA GUILHERME - SÃO PAULO - SP
CAMPO ADICIONAL ATUALIZADO: 1ª RETIRADA - CARREGAMENTO - DATA DE CARREGAMENTO = 2026-05-13 00:00:00
CAMPO ADICIONAL ATUALIZADO: INTRODUÇÃO A SAÚDE E SEGURANÇA DO TRABALHO - MODALIDADE = ONLINE T2
CAMPO ADICIONAL ATUALIZADO: INTRODUÇÃO A SAÚDE E SEGURANÇA DO TRABALHO - LOCAL = https://teams.microsoft.com/meet/238144599512544?p=NPH77zpsohs8Eugsac
CAMPO ADICIONAL ATUALIZADO: INTRODUÇÃO A SAÚDE E SEGURANÇA DO TRABALHO - DATA INÍCIO = 2026-05-07 00:00:00
CAMPO ADICIONAL ATUALIZADO: INTRODUÇÃO A SAÚDE E SEGURANÇA DO TRABALHO - DATA TÉRMINO = 2026-05-07 00:00:00
CAMPO ADICIONAL ATUALIZADO: INTRODUÇÃO A SAÚDE E SEGURANÇA DO TRABALHO - INSTRUTOR = SESMT
CAMPO ADICIONAL ATUALIZADO: NORMATIVO (ONLINE) - DATA INÍCIO = 2026-05-08 00:00:00
CAMPO ADICIONAL ATUALIZADO: NORMATIVO (ONLINE) - DATA TÉRMINO = 2026-05-14 00:00:00
CAMPO ADICIONAL ATUALIZADO: NORMATIVO (ONLINE) - INSTRUTOR = LUCIANO
CAMPO ADICIONAL ATUALIZADO: NORMATIVO (ONLINE) - ACESSO = https://teams.microsoft.com/meet/252035871893270?p=l1vJ3D0n81QLLIoTom
CAMPO ADICIONAL ATUALIZADO: NORMATIVO (PRESENCIAL) - LOCAL = RUA SÃO QUIRINO, 758 - VILA GUILHERME - SÃO PAULO - SP
CAMPO ADICIONAL ATUALIZADO: NORMATIVO (PRESENCIAL) - DATA INÍCIO = 2026-05-15 00:00:00
CAMPO ADICIONAL ATUALIZADO: NORMATIVO (PRESENCIAL) - DATA TÉRMINO = 2026-05-18 00:00:00
CAMPO ADICIONAL ATUALIZADO: NORMATIVO (PRESENCIAL) - INSTRUTOR = LUCIANO
CAMPO ADICIONAL ATUALIZADO: 2ª RETIRADA - CARREGAMENTO - DATA DE CARREGAMENTO = 2026-05-19 00:00:00
CAMPO ADICIONAL ATUALIZADO: 2ª RETIRADA - CARREGAMENTO - LOCAL = RUA SÃO QUIRINO, 758 - VILA GUILHERME - SÃO PAULO - SP
CAMPO ADICIONAL ATUALIZADO: OPERAÇÃO - DATA DE OPERAÇÃO = 2026-05-20 00:00:00
CAMPO ADICIONAL ATUALIZADO: OPERAÇÃO - LOCAL = RUA SÃO QUIRINO, 758 - VILA GUILHERME - SÃO PAULO - SP
CAMPO ADICIONAL ATUALIZADO: CURSO TÉCNICO - MODALIDADE = -
CAMPO ADICIONAL ATUALIZADO: CURSO TÉCNICO - LOCAL = -
CAMPO ADICIONAL ATUALIZADO: CURSO TÉCNICO - DATA INÍCIO = -
CAMPO ADICIONAL ATUALIZADO: CURSO TÉCNICO - DATA TÉRMINO = -
CAMPO ADICIONAL ATUALIZADO: CURSO TÉCNICO - INSTRUTOR = -
CAMPO ADICIONAL ATUALIZADO: DUPLADO - DATA INÍCIO = -
CAMPO ADICIONAL ATUALIZADO: DUPLADO - DATA TÉRMINO = -
CAMPO ADICIONAL ATUALIZADO: DUPLADO - GER. REGIONAL = -
CAMPO ADICIONAL ATUALIZADO: DUPLADO - LOCAL DE APRESENTAÇÃO = -
CAMPO ADICIONAL ATUALIZADO: CURSO TÉCNICO RETORNO - MODALIDADE = -
CAMPO ADICIONAL ATUALIZADO: CURSO TÉCNICO RETORNO - LOCAL = -
CAMPO ADICIONAL ATUALIZADO: CURSO TÉCNICO RETORNO - DATA INÍCIO = -
CAMPO ADICIONAL ATUALIZADO: CURSO TÉCNICO RETORNO - INSTRUTOR = -
CAMPO ADICIONAL ATUALIZADO: CURSO TÉCNICO RETORNO - DATA TÉRMINO = -
CAMPO ADICIONAL ATUALIZADO: DUPLADO FASE 2 - DATA INÍCIO = -
CAMPO ADICIONAL ATUALIZADO: DUPLADO FASE 2 - DATA TÉRMINO = -
CAMPO ADICIONAL ATUALIZADO: DUPLADO FASE 2 - GER. REGIONAL = -
CAMPO ADICIONAL ATUALIZADO: DUPLADO FASE 2 - LOCAL DE APRESENTAÇÃO = -
Processando usuário existente: r061050 (Matrícula: 61050)
SENHA ATUALIZADA: r@73823
CAMPO ADICIONAL ATUALIZADO: CADASTRO - FUNÇÃO = CABISTA
CAMPO ADICIONAL ATUALIZADO: CADASTRO - ADMISSÃO = 2026-05-06 00:00:00
CAMPO ADICIONAL ATUALIZADO: CADASTRO - GERENTE REGIONAL = EDVAN PEREIRA DA ROCHA
CAMPO ADICIONAL ATUALIZADO: CADASTRO - GERENTE CORPORATIVO = PAULO HENRIQUE VALERIO DA SILVA
CAMPO ADICIONAL ATUALIZADO: INTEGRAÇÃO - MODALIDADE = PRESENCIAL
CAMPO ADICIONAL ATUALIZADO: INTEGRAÇÃO - LOCAL = RUA SÃO QUIRINO, 758 - VILA GUILHERME - SÃO PAULO - SP
CAMPO ADICIONAL ATUALIZADO: INTEGRAÇÃO - DATA INÍCIO = 2026-05-06 00:00:00
CAMPO ADICIONAL ATUALIZADO: INTEGRAÇÃO - DATA TÉRMINO = 2026-05-06 00:00:00
CAMPO ADICIONAL ATUALIZADO: INTEGRAÇÃO - INSTRUTOR = GELSIVAN
CAMPO ADICIONAL ATUALIZADO: 1ª RETIRADA - CARREGAMENTO - LOCAL = RUA SÃO QUIRINO, 758 - VILA GUILHERME - SÃO PAULO - SP
CAMPO ADICIONAL ATUALIZADO: 1ª RETIRADA - CARREGAMENTO - DATA DE CARREGAMENTO = 2026-05-13 00:00:00
CAMPO ADICIONAL ATUALIZADO: INTRODUÇÃO A SAÚDE E SEGURANÇA DO TRABALHO - MODALIDADE = ONLINE T2
CAMPO ADICIONAL ATUALIZADO: INTRODUÇÃO A SAÚDE E SEGURANÇA DO TRABALHO - LOCAL = https://teams.microsoft.com/meet/238144599512544?p=NPH77zpsohs8Eugsac
CAMPO ADICIONAL ATUALIZADO: INTRODUÇÃO A SAÚDE E SEGURANÇA DO TRABALHO - DATA INÍCIO = 2026-05-07 00:00:00
CAMPO ADICIONAL ATUALIZADO: INTRODUÇÃO A SAÚDE E SEGURANÇA DO TRABALHO - DATA TÉRMINO = 2026-05-07 00:00:00
CAMPO ADICIONAL ATUALIZADO: INTRODUÇÃO A SAÚDE E SEGURANÇA DO TRABALHO - INSTRUTOR = SESMT
CAMPO ADICIONAL ATUALIZADO: NORMATIVO (ONLINE) - DATA INÍCIO = 2026-05-08 00:00:00
CAMPO ADICIONAL ATUALIZADO: NORMATIVO (ONLINE) - DATA TÉRMINO = 2026-05-14 00:00:00
CAMPO ADICIONAL ATUALIZADO: NORMATIVO (ONLINE) - INSTRUTOR = LUCIANO
CAMPO ADICIONAL ATUALIZADO: NORMATIVO (ONLINE) - ACESSO = https://teams.microsoft.com/meet/252035871893270?p=l1vJ3D0n81QLLIoTom
CAMPO ADICIONAL ATUALIZADO: NORMATIVO (PRESENCIAL) - LOCAL = RUA SÃO QUIRINO, 758 - VILA GUILHERME - SÃO PAULO - SP
CAMPO ADICIONAL ATUALIZADO: NORMATIVO (PRESENCIAL) - DATA INÍCIO = 2026-05-15 00:00:00
CAMPO ADICIONAL ATUALIZADO: NORMATIVO (PRESENCIAL) - DATA TÉRMINO = 2026-05-18 00:00:00
CAMPO ADICIONAL ATUALIZADO: NORMATIVO (PRESENCIAL) - INSTRUTOR = LUCIANO
CAMPO ADICIONAL ATUALIZADO: 2ª RETIRADA - CARREGAMENTO - DATA DE CARREGAMENTO = 2026-05-19 00:00:00
CAMPO ADICIONAL ATUALIZADO: 2ª RETIRADA - CARREGAMENTO - LOCAL = RUA SÃO QUIRINO, 758 - VILA GUILHERME - SÃO PAULO - SP
CAMPO ADICIONAL ATUALIZADO: OPERAÇÃO - DATA DE OPERAÇÃO = 2026-05-20 00:00:00
CAMPO ADICIONAL ATUALIZADO: OPERAÇÃO - LOCAL = RUA SÃO QUIRINO, 758 - VILA GUILHERME - SÃO PAULO - SP
CAMPO ADICIONAL ATUALIZADO: CURSO TÉCNICO - MODALIDADE = -
CAMPO ADICIONAL ATUALIZADO: CURSO TÉCNICO - LOCAL = -
CAMPO ADICIONAL ATUALIZADO: CURSO TÉCNICO - DATA INÍCIO = -
CAMPO ADICIONAL ATUALIZADO: CURSO TÉCNICO - DATA TÉRMINO = -
CAMPO ADICIONAL ATUALIZADO: CURSO TÉCNICO - INSTRUTOR = -
CAMPO ADICIONAL ATUALIZADO: DUPLADO - DATA INÍCIO = -
CAMPO ADICIONAL ATUALIZADO: DUPLADO - DATA TÉRMINO = -
CAMPO ADICIONAL ATUALIZADO: DUPLADO - GER. REGIONAL = -
CAMPO ADICIONAL ATUALIZADO: DUPLADO - LOCAL DE APRESENTAÇÃO = -
CAMPO ADICIONAL ATUALIZADO: CURSO TÉCNICO RETORNO - MODALIDADE = -
CAMPO ADICIONAL ATUALIZADO: CURSO TÉCNICO RETORNO - LOCAL = -
CAMPO ADICIONAL ATUALIZADO: CURSO TÉCNICO RETORNO - DATA INÍCIO = -
CAMPO ADICIONAL ATUALIZADO: CURSO TÉCNICO RETORNO - INSTRUTOR = -
CAMPO ADICIONAL ATUALIZADO: CURSO TÉCNICO RETORNO - DATA TÉRMINO = -
CAMPO ADICIONAL ATUALIZADO: DUPLADO FASE 2 - DATA INÍCIO = -
CAMPO ADICIONAL ATUALIZADO: DUPLADO FASE 2 - DATA TÉRMINO = -
CAMPO ADICIONAL ATUALIZADO: DUPLADO FASE 2 - GER. REGIONAL = -
CAMPO ADICIONAL ATUALIZADO: DUPLADO FASE 2 - LOCAL DE APRESENTAÇÃO = -
Processando usuário existente: r061035 (Matrícula: 61035)
SENHA ATUALIZADA: r@33865
CAMPO ADICIONAL ATUALIZADO: CADASTRO - FUNÇÃO = AUX TELECOM
CAMPO ADICIONAL ATUALIZADO: CADASTRO - ADMISSÃO = 2026-05-06 00:00:00
CAMPO ADICIONAL ATUALIZADO: CADASTRO - GERENTE REGIONAL = EDVAN PEREIRA DA ROCHA
CAMPO ADICIONAL ATUALIZADO: CADASTRO - GERENTE CORPORATIVO = PAULO HENRIQUE VALERIO DA SILVA
CAMPO ADICIONAL ATUALIZADO: INTEGRAÇÃO - MODALIDADE = PRESENCIAL
CAMPO ADICIONAL ATUALIZADO: INTEGRAÇÃO - LOCAL = RUA SÃO QUIRINO, 758 - VILA GUILHERME - SÃO PAULO - SP
CAMPO ADICIONAL ATUALIZADO: INTEGRAÇÃO - DATA INÍCIO = 2026-05-06 00:00:00
CAMPO ADICIONAL ATUALIZADO: INTEGRAÇÃO - DATA TÉRMINO = 2026-05-06 00:00:00
CAMPO ADICIONAL ATUALIZADO: INTEGRAÇÃO - INSTRUTOR = GELSIVAN
CAMPO ADICIONAL ATUALIZADO: 1ª RETIRADA - CARREGAMENTO - LOCAL = RUA SÃO QUIRINO, 758 - VILA GUILHERME - SÃO PAULO - SP
CAMPO ADICIONAL ATUALIZADO: 1ª RETIRADA - CARREGAMENTO - DATA DE CARREGAMENTO = 2026-05-13 00:00:00
CAMPO ADICIONAL ATUALIZADO: INTRODUÇÃO A SAÚDE E SEGURANÇA DO TRABALHO - MODALIDADE = ONLINE T2
CAMPO ADICIONAL ATUALIZADO: INTRODUÇÃO A SAÚDE E SEGURANÇA DO TRABALHO - LOCAL = https://teams.microsoft.com/meet/238144599512544?p=NPH77zpsohs8Eugsac
CAMPO ADICIONAL ATUALIZADO: INTRODUÇÃO A SAÚDE E SEGURANÇA DO TRABALHO - DATA INÍCIO = 2026-05-07 00:00:00
CAMPO ADICIONAL ATUALIZADO: INTRODUÇÃO A SAÚDE E SEGURANÇA DO TRABALHO - DATA TÉRMINO = 2026-05-07 00:00:00
CAMPO ADICIONAL ATUALIZADO: INTRODUÇÃO A SAÚDE E SEGURANÇA DO TRABALHO - INSTRUTOR = SESMT
CAMPO ADICIONAL ATUALIZADO: NORMATIVO (ONLINE) - DATA INÍCIO = 2026-05-08 00:00:00
CAMPO ADICIONAL ATUALIZADO: NORMATIVO (ONLINE) - DATA TÉRMINO = 2026-05-14 00:00:00
CAMPO ADICIONAL ATUALIZADO: NORMATIVO (ONLINE) - INSTRUTOR = LUCIANO
CAMPO ADICIONAL ATUALIZADO: NORMATIVO (ONLINE) - ACESSO = https://teams.microsoft.com/meet/252035871893270?p=l1vJ3D0n81QLLIoTom
CAMPO ADICIONAL ATUALIZADO: NORMATIVO (PRESENCIAL) - LOCAL = RUA SÃO QUIRINO, 758 - VILA GUILHERME - SÃO PAULO - SP
CAMPO ADICIONAL ATUALIZADO: NORMATIVO (PRESENCIAL) - DATA INÍCIO = 2026-05-15 00:00:00
CAMPO ADICIONAL ATUALIZADO: NORMATIVO (PRESENCIAL) - DATA TÉRMINO = 2026-05-18 00:00:00
CAMPO ADICIONAL ATUALIZADO: NORMATIVO (PRESENCIAL) - INSTRUTOR = LUCIANO
CAMPO ADICIONAL ATUALIZADO: 2ª RETIRADA - CARREGAMENTO - DATA DE CARREGAMENTO = 2026-05-19 00:00:00
CAMPO ADICIONAL ATUALIZADO: 2ª RETIRADA - CARREGAMENTO - LOCAL = RUA SÃO QUIRINO, 758 - VILA GUILHERME - SÃO PAULO - SP
CAMPO ADICIONAL ATUALIZADO: OPERAÇÃO - DATA DE OPERAÇÃO = 2026-05-20 00:00:00
CAMPO ADICIONAL ATUALIZADO: OPERAÇÃO - LOCAL = RUA SÃO QUIRINO, 758 - VILA GUILHERME - SÃO PAULO - SP
CAMPO ADICIONAL ATUALIZADO: CURSO TÉCNICO - MODALIDADE = -
CAMPO ADICIONAL ATUALIZADO: CURSO TÉCNICO - LOCAL = -
CAMPO ADICIONAL ATUALIZADO: CURSO TÉCNICO - DATA INÍCIO = -
CAMPO ADICIONAL ATUALIZADO: CURSO TÉCNICO - DATA TÉRMINO = -
CAMPO ADICIONAL ATUALIZADO: CURSO TÉCNICO - INSTRUTOR = -
CAMPO ADICIONAL ATUALIZADO: DUPLADO - DATA INÍCIO = -
CAMPO ADICIONAL ATUALIZADO: DUPLADO - DATA TÉRMINO = -
CAMPO ADICIONAL ATUALIZADO: DUPLADO - GER. REGIONAL = -
CAMPO ADICIONAL ATUALIZADO: DUPLADO - LOCAL DE APRESENTAÇÃO = -
CAMPO ADICIONAL ATUALIZADO: CURSO TÉCNICO RETORNO - MODALIDADE = -
CAMPO ADICIONAL ATUALIZADO: CURSO TÉCNICO RETORNO - LOCAL = -
CAMPO ADICIONAL ATUALIZADO: CURSO TÉCNICO RETORNO - DATA INÍCIO = -
CAMPO ADICIONAL ATUALIZADO: CURSO TÉCNICO RETORNO - INSTRUTOR = -
CAMPO ADICIONAL ATUALIZADO: CURSO TÉCNICO RETORNO - DATA TÉRMINO = -
CAMPO ADICIONAL ATUALIZADO: DUPLADO FASE 2 - DATA INÍCIO = -
CAMPO ADICIONAL ATUALIZADO: DUPLADO FASE 2 - DATA TÉRMINO = -
CAMPO ADICIONAL ATUALIZADO: DUPLADO FASE 2 - GER. REGIONAL = -
CAMPO ADICIONAL ATUALIZADO: DUPLADO FASE 2 - LOCAL DE APRESENTAÇÃO = -
Processando usuário existente: r061036 (Matrícula: 61036)
SENHA ATUALIZADA: r@64613
CAMPO ADICIONAL ATUALIZADO: CADASTRO - FUNÇÃO = CABISTA
CAMPO ADICIONAL ATUALIZADO: CADASTRO - ADMISSÃO = 2026-05-06 00:00:00
CAMPO ADICIONAL ATUALIZADO: CADASTRO - GERENTE REGIONAL = EDVAN PEREIRA DA ROCHA
CAMPO ADICIONAL ATUALIZADO: CADASTRO - GERENTE CORPORATIVO = PAULO HENRIQUE VALERIO DA SILVA
CAMPO ADICIONAL ATUALIZADO: INTEGRAÇÃO - MODALIDADE = PRESENCIAL
CAMPO ADICIONAL ATUALIZADO: INTEGRAÇÃO - LOCAL = RUA SÃO QUIRINO, 758 - VILA GUILHERME - SÃO PAULO - SP
CAMPO ADICIONAL ATUALIZADO: INTEGRAÇÃO - DATA INÍCIO = 2026-05-06 00:00:00
CAMPO ADICIONAL ATUALIZADO: INTEGRAÇÃO - DATA TÉRMINO = 2026-05-06 00:00:00
CAMPO ADICIONAL ATUALIZADO: INTEGRAÇÃO - INSTRUTOR = GELSIVAN
CAMPO ADICIONAL ATUALIZADO: 1ª RETIRADA - CARREGAMENTO - LOCAL = RUA SÃO QUIRINO, 758 - VILA GUILHERME - SÃO PAULO - SP
CAMPO ADICIONAL ATUALIZADO: 1ª RETIRADA - CARREGAMENTO - DATA DE CARREGAMENTO = 2026-05-13 00:00:00
CAMPO ADICIONAL ATUALIZADO: INTRODUÇÃO A SAÚDE E SEGURANÇA DO TRABALHO - MODALIDADE = ONLINE T2
CAMPO ADICIONAL ATUALIZADO: INTRODUÇÃO A SAÚDE E SEGURANÇA DO TRABALHO - LOCAL = https://teams.microsoft.com/meet/238144599512544?p=NPH77zpsohs8Eugsac
CAMPO ADICIONAL ATUALIZADO: INTRODUÇÃO A SAÚDE E SEGURANÇA DO TRABALHO - DATA INÍCIO = 2026-05-07 00:00:00
CAMPO ADICIONAL ATUALIZADO: INTRODUÇÃO A SAÚDE E SEGURANÇA DO TRABALHO - DATA TÉRMINO = 2026-05-07 00:00:00
CAMPO ADICIONAL ATUALIZADO: INTRODUÇÃO A SAÚDE E SEGURANÇA DO TRABALHO - INSTRUTOR = SESMT
CAMPO ADICIONAL ATUALIZADO: NORMATIVO (ONLINE) - DATA INÍCIO = 2026-05-08 00:00:00
CAMPO ADICIONAL ATUALIZADO: NORMATIVO (ONLINE) - DATA TÉRMINO = 2026-05-14 00:00:00
CAMPO ADICIONAL ATUALIZADO: NORMATIVO (ONLINE) - INSTRUTOR = LUCIANO
CAMPO ADICIONAL ATUALIZADO: NORMATIVO (ONLINE) - ACESSO = https://teams.microsoft.com/meet/252035871893270?p=l1vJ3D0n81QLLIoTom
CAMPO ADICIONAL ATUALIZADO: NORMATIVO (PRESENCIAL) - LOCAL = RUA SÃO QUIRINO, 758 - VILA GUILHERME - SÃO PAULO - SP
CAMPO ADICIONAL ATUALIZADO: NORMATIVO (PRESENCIAL) - DATA INÍCIO = 2026-05-15 00:00:00
CAMPO ADICIONAL ATUALIZADO: NORMATIVO (PRESENCIAL) - DATA TÉRMINO = 2026-05-18 00:00:00
CAMPO ADICIONAL ATUALIZADO: NORMATIVO (PRESENCIAL) - INSTRUTOR = LUCIANO
CAMPO ADICIONAL ATUALIZADO: 2ª RETIRADA - CARREGAMENTO - DATA DE CARREGAMENTO = 2026-05-19 00:00:00
CAMPO ADICIONAL ATUALIZADO: 2ª RETIRADA - CARREGAMENTO - LOCAL = RUA SÃO QUIRINO, 758 - VILA GUILHERME - SÃO PAULO - SP
CAMPO ADICIONAL ATUALIZADO: OPERAÇÃO - DATA DE OPERAÇÃO = 2026-05-20 00:00:00
CAMPO ADICIONAL ATUALIZADO: OPERAÇÃO - LOCAL = RUA SÃO QUIRINO, 758 - VILA GUILHERME - SÃO PAULO - SP
CAMPO ADICIONAL ATUALIZADO: CURSO TÉCNICO - MODALIDADE = -
CAMPO ADICIONAL ATUALIZADO: CURSO TÉCNICO - LOCAL = -
CAMPO ADICIONAL ATUALIZADO: CURSO TÉCNICO - DATA INÍCIO = -
CAMPO ADICIONAL ATUALIZADO: CURSO TÉCNICO - DATA TÉRMINO = -
CAMPO ADICIONAL ATUALIZADO: CURSO TÉCNICO - INSTRUTOR = -
CAMPO ADICIONAL ATUALIZADO: DUPLADO - DATA INÍCIO = -
CAMPO ADICIONAL ATUALIZADO: DUPLADO - DATA TÉRMINO = -
CAMPO ADICIONAL ATUALIZADO: DUPLADO - GER. REGIONAL = -
CAMPO ADICIONAL ATUALIZADO: DUPLADO - LOCAL DE APRESENTAÇÃO = -
CAMPO ADICIONAL ATUALIZADO: CURSO TÉCNICO RETORNO - MODALIDADE = -
CAMPO ADICIONAL ATUALIZADO: CURSO TÉCNICO RETORNO - LOCAL = -
CAMPO ADICIONAL ATUALIZADO: CURSO TÉCNICO RETORNO - DATA INÍCIO = -
CAMPO ADICIONAL ATUALIZADO: CURSO TÉCNICO RETORNO - INSTRUTOR = -
CAMPO ADICIONAL ATUALIZADO: CURSO TÉCNICO RETORNO - DATA TÉRMINO = -
CAMPO ADICIONAL ATUALIZADO: DUPLADO FASE 2 - DATA INÍCIO = -
CAMPO ADICIONAL ATUALIZADO: DUPLADO FASE 2 - DATA TÉRMINO = -
CAMPO ADICIONAL ATUALIZADO: DUPLADO FASE 2 - GER. REGIONAL = -
CAMPO ADICIONAL ATUALIZADO: DUPLADO FASE 2 - LOCAL DE APRESENTAÇÃO = -
Processando usuário existente: r061037 (Matrícula: 61037)
SENHA ATUALIZADA: r@65810
CAMPO ADICIONAL ATUALIZADO: CADASTRO - FUNÇÃO = AUX TELECOM
CAMPO ADICIONAL ATUALIZADO: CADASTRO - ADMISSÃO = 2026-05-06 00:00:00
CAMPO ADICIONAL ATUALIZADO: CADASTRO - GERENTE REGIONAL = EDVAN PEREIRA DA ROCHA
CAMPO ADICIONAL ATUALIZADO: CADASTRO - GERENTE CORPORATIVO = PAULO HENRIQUE VALERIO DA SILVA
CAMPO ADICIONAL ATUALIZADO: INTEGRAÇÃO - MODALIDADE = PRESENCIAL
CAMPO ADICIONAL ATUALIZADO: INTEGRAÇÃO - LOCAL = RUA SÃO QUIRINO, 758 - VILA GUILHERME - SÃO PAULO - SP
CAMPO ADICIONAL ATUALIZADO: INTEGRAÇÃO - DATA INÍCIO = 2026-05-06 00:00:00
CAMPO ADICIONAL ATUALIZADO: INTEGRAÇÃO - DATA TÉRMINO = 2026-05-06 00:00:00
CAMPO ADICIONAL ATUALIZADO: INTEGRAÇÃO - INSTRUTOR = GELSIVAN
CAMPO ADICIONAL ATUALIZADO: 1ª RETIRADA - CARREGAMENTO - LOCAL = RUA SÃO QUIRINO, 758 - VILA GUILHERME - SÃO PAULO - SP
CAMPO ADICIONAL ATUALIZADO: 1ª RETIRADA - CARREGAMENTO - DATA DE CARREGAMENTO = 2026-05-13 00:00:00
CAMPO ADICIONAL ATUALIZADO: INTRODUÇÃO A SAÚDE E SEGURANÇA DO TRABALHO - MODALIDADE = ONLINE T2
CAMPO ADICIONAL ATUALIZADO: INTRODUÇÃO A SAÚDE E SEGURANÇA DO TRABALHO - LOCAL = https://teams.microsoft.com/meet/238144599512544?p=NPH77zpsohs8Eugsac
CAMPO ADICIONAL ATUALIZADO: INTRODUÇÃO A SAÚDE E SEGURANÇA DO TRABALHO - DATA INÍCIO = 2026-05-07 00:00:00
CAMPO ADICIONAL ATUALIZADO: INTRODUÇÃO A SAÚDE E SEGURANÇA DO TRABALHO - DATA TÉRMINO = 2026-05-07 00:00:00
CAMPO ADICIONAL ATUALIZADO: INTRODUÇÃO A SAÚDE E SEGURANÇA DO TRABALHO - INSTRUTOR = SESMT
CAMPO ADICIONAL ATUALIZADO: NORMATIVO (ONLINE) - DATA INÍCIO = 2026-05-08 00:00:00
CAMPO ADICIONAL ATUALIZADO: NORMATIVO (ONLINE) - DATA TÉRMINO = 2026-05-14 00:00:00
CAMPO ADICIONAL ATUALIZADO: NORMATIVO (ONLINE) - INSTRUTOR = LUCIANO
CAMPO ADICIONAL ATUALIZADO: NORMATIVO (ONLINE) - ACESSO = https://teams.microsoft.com/meet/252035871893270?p=l1vJ3D0n81QLLIoTom
CAMPO ADICIONAL ATUALIZADO: NORMATIVO (PRESENCIAL) - LOCAL = RUA SÃO QUIRINO, 758 - VILA GUILHERME - SÃO PAULO - SP
CAMPO ADICIONAL ATUALIZADO: NORMATIVO (PRESENCIAL) - DATA INÍCIO = 2026-05-15 00:00:00
CAMPO ADICIONAL ATUALIZADO: NORMATIVO (PRESENCIAL) - DATA TÉRMINO = 2026-05-18 00:00:00
CAMPO ADICIONAL ATUALIZADO: NORMATIVO (PRESENCIAL) - INSTRUTOR = LUCIANO
CAMPO ADICIONAL ATUALIZADO: 2ª RETIRADA - CARREGAMENTO - DATA DE CARREGAMENTO = 2026-05-19 00:00:00
CAMPO ADICIONAL ATUALIZADO: 2ª RETIRADA - CARREGAMENTO - LOCAL = RUA SÃO QUIRINO, 758 - VILA GUILHERME - SÃO PAULO - SP
CAMPO ADICIONAL ATUALIZADO: OPERAÇÃO - DATA DE OPERAÇÃO = 2026-05-20 00:00:00
CAMPO ADICIONAL ATUALIZADO: OPERAÇÃO - LOCAL = RUA SÃO QUIRINO, 758 - VILA GUILHERME - SÃO PAULO - SP
CAMPO ADICIONAL ATUALIZADO: CURSO TÉCNICO - MODALIDADE = -
CAMPO ADICIONAL ATUALIZADO: CURSO TÉCNICO - LOCAL = -
CAMPO ADICIONAL ATUALIZADO: CURSO TÉCNICO - DATA INÍCIO = -
CAMPO ADICIONAL ATUALIZADO: CURSO TÉCNICO - DATA TÉRMINO = -
CAMPO ADICIONAL ATUALIZADO: CURSO TÉCNICO - INSTRUTOR = -
CAMPO ADICIONAL ATUALIZADO: DUPLADO - DATA INÍCIO = -
CAMPO ADICIONAL ATUALIZADO: DUPLADO - DATA TÉRMINO = -
CAMPO ADICIONAL ATUALIZADO: DUPLADO - GER. REGIONAL = -
CAMPO ADICIONAL ATUALIZADO: DUPLADO - LOCAL DE APRESENTAÇÃO = -
CAMPO ADICIONAL ATUALIZADO: CURSO TÉCNICO RETORNO - MODALIDADE = -
CAMPO ADICIONAL ATUALIZADO: CURSO TÉCNICO RETORNO - LOCAL = -
CAMPO ADICIONAL ATUALIZADO: CURSO TÉCNICO RETORNO - DATA INÍCIO = -
CAMPO ADICIONAL ATUALIZADO: CURSO TÉCNICO RETORNO - INSTRUTOR = -
CAMPO ADICIONAL ATUALIZADO: CURSO TÉCNICO RETORNO - DATA TÉRMINO = -
CAMPO ADICIONAL ATUALIZADO: DUPLADO FASE 2 - DATA INÍCIO = -
CAMPO ADICIONAL ATUALIZADO: DUPLADO FASE 2 - DATA TÉRMINO = -
CAMPO ADICIONAL ATUALIZADO: DUPLADO FASE 2 - GER. REGIONAL = -
CAMPO ADICIONAL ATUALIZADO: DUPLADO FASE 2 - LOCAL DE APRESENTAÇÃO = -
Processando usuário existente: r061038 (Matrícula: 61038)
SENHA ATUALIZADA: r@91895
CAMPO ADICIONAL ATUALIZADO: CADASTRO - FUNÇÃO = AUX TELECOM
CAMPO ADICIONAL ATUALIZADO: CADASTRO - ADMISSÃO = 2026-05-06 00:00:00
CAMPO ADICIONAL ATUALIZADO: CADASTRO - GERENTE REGIONAL = EDVAN PEREIRA DA ROCHA
CAMPO ADICIONAL ATUALIZADO: CADASTRO - GERENTE CORPORATIVO = PAULO HENRIQUE VALERIO DA SILVA
CAMPO ADICIONAL ATUALIZADO: INTEGRAÇÃO - MODALIDADE = PRESENCIAL
CAMPO ADICIONAL ATUALIZADO: INTEGRAÇÃO - LOCAL = RUA SÃO QUIRINO, 758 - VILA GUILHERME - SÃO PAULO - SP
CAMPO ADICIONAL ATUALIZADO: INTEGRAÇÃO - DATA INÍCIO = 2026-05-06 00:00:00
CAMPO ADICIONAL ATUALIZADO: INTEGRAÇÃO - DATA TÉRMINO = 2026-05-06 00:00:00
CAMPO ADICIONAL ATUALIZADO: INTEGRAÇÃO - INSTRUTOR = GELSIVAN
CAMPO ADICIONAL ATUALIZADO: 1ª RETIRADA - CARREGAMENTO - LOCAL = RUA SÃO QUIRINO, 758 - VILA GUILHERME - SÃO PAULO - SP
CAMPO ADICIONAL ATUALIZADO: 1ª RETIRADA - CARREGAMENTO - DATA DE CARREGAMENTO = 2026-05-13 00:00:00
CAMPO ADICIONAL ATUALIZADO: INTRODUÇÃO A SAÚDE E SEGURANÇA DO TRABALHO - MODALIDADE = ONLINE T2
CAMPO ADICIONAL ATUALIZADO: INTRODUÇÃO A SAÚDE E SEGURANÇA DO TRABALHO - LOCAL = https://teams.microsoft.com/meet/238144599512544?p=NPH77zpsohs8Eugsac
CAMPO ADICIONAL ATUALIZADO: INTRODUÇÃO A SAÚDE E SEGURANÇA DO TRABALHO - DATA INÍCIO = 2026-05-07 00:00:00
CAMPO ADICIONAL ATUALIZADO: INTRODUÇÃO A SAÚDE E SEGURANÇA DO TRABALHO - DATA TÉRMINO = 2026-05-07 00:00:00
CAMPO ADICIONAL ATUALIZADO: INTRODUÇÃO A SAÚDE E SEGURANÇA DO TRABALHO - INSTRUTOR = SESMT
CAMPO ADICIONAL ATUALIZADO: NORMATIVO (ONLINE) - DATA INÍCIO = 2026-05-08 00:00:00
CAMPO ADICIONAL ATUALIZADO: NORMATIVO (ONLINE) - DATA TÉRMINO = 2026-05-14 00:00:00
CAMPO ADICIONAL ATUALIZADO: NORMATIVO (ONLINE) - INSTRUTOR = LUCIANO
CAMPO ADICIONAL ATUALIZADO: NORMATIVO (ONLINE) - ACESSO = https://teams.microsoft.com/meet/252035871893270?p=l1vJ3D0n81QLLIoTom
CAMPO ADICIONAL ATUALIZADO: NORMATIVO (PRESENCIAL) - LOCAL = RUA SÃO QUIRINO, 758 - VILA GUILHERME - SÃO PAULO - SP
CAMPO ADICIONAL ATUALIZADO: NORMATIVO (PRESENCIAL) - DATA INÍCIO = 2026-05-15 00:00:00
CAMPO ADICIONAL ATUALIZADO: NORMATIVO (PRESENCIAL) - DATA TÉRMINO = 2026-05-18 00:00:00
CAMPO ADICIONAL ATUALIZADO: NORMATIVO (PRESENCIAL) - INSTRUTOR = LUCIANO
CAMPO ADICIONAL ATUALIZADO: 2ª RETIRADA - CARREGAMENTO - DATA DE CARREGAMENTO = 2026-05-19 00:00:00
CAMPO ADICIONAL ATUALIZADO: 2ª RETIRADA - CARREGAMENTO - LOCAL = RUA SÃO QUIRINO, 758 - VILA GUILHERME - SÃO PAULO - SP
CAMPO ADICIONAL ATUALIZADO: OPERAÇÃO - DATA DE OPERAÇÃO = 2026-05-20 00:00:00
CAMPO ADICIONAL ATUALIZADO: OPERAÇÃO - LOCAL = RUA SÃO QUIRINO, 758 - VILA GUILHERME - SÃO PAULO - SP
CAMPO ADICIONAL ATUALIZADO: CURSO TÉCNICO - MODALIDADE = -
CAMPO ADICIONAL ATUALIZADO: CURSO TÉCNICO - LOCAL = -
CAMPO ADICIONAL ATUALIZADO: CURSO TÉCNICO - DATA INÍCIO = -
CAMPO ADICIONAL ATUALIZADO: CURSO TÉCNICO - DATA TÉRMINO = -
CAMPO ADICIONAL ATUALIZADO: CURSO TÉCNICO - INSTRUTOR = -
CAMPO ADICIONAL ATUALIZADO: DUPLADO - DATA INÍCIO = -
CAMPO ADICIONAL ATUALIZADO: DUPLADO - DATA TÉRMINO = -
CAMPO ADICIONAL ATUALIZADO: DUPLADO - GER. REGIONAL = -
CAMPO ADICIONAL ATUALIZADO: DUPLADO - LOCAL DE APRESENTAÇÃO = -
CAMPO ADICIONAL ATUALIZADO: CURSO TÉCNICO RETORNO - MODALIDADE = -
CAMPO ADICIONAL ATUALIZADO: CURSO TÉCNICO RETORNO - LOCAL = -
CAMPO ADICIONAL ATUALIZADO: CURSO TÉCNICO RETORNO - DATA INÍCIO = -
CAMPO ADICIONAL ATUALIZADO: CURSO TÉCNICO RETORNO - INSTRUTOR = -
CAMPO ADICIONAL ATUALIZADO: CURSO TÉCNICO RETORNO - DATA TÉRMINO = -
CAMPO ADICIONAL ATUALIZADO: DUPLADO FASE 2 - DATA INÍCIO = -
CAMPO ADICIONAL ATUALIZADO: DUPLADO FASE 2 - DATA TÉRMINO = -
CAMPO ADICIONAL ATUALIZADO: DUPLADO FASE 2 - GER. REGIONAL = -
CAMPO ADICIONAL ATUALIZADO: DUPLADO FASE 2 - LOCAL DE APRESENTAÇÃO = -
Processando usuário existente: r061039 (Matrícula: 61039)
SENHA ATUALIZADA: r@33885
CAMPO ADICIONAL ATUALIZADO: CADASTRO - FUNÇÃO = AUX TELECOM
CAMPO ADICIONAL ATUALIZADO: CADASTRO - ADMISSÃO = 2026-05-06 00:00:00
CAMPO ADICIONAL ATUALIZADO: CADASTRO - GERENTE REGIONAL = ALEX SANDRO FERRAZ DE OLIVEIRA
CAMPO ADICIONAL ATUALIZADO: CADASTRO - GERENTE CORPORATIVO = PAULO HENRIQUE VALERIO DA SILVA
CAMPO ADICIONAL ATUALIZADO: INTEGRAÇÃO - MODALIDADE = PRESENCIAL
CAMPO ADICIONAL ATUALIZADO: INTEGRAÇÃO - LOCAL = RUA SÃO QUIRINO, 758 - VILA GUILHERME - SÃO PAULO - SP
CAMPO ADICIONAL ATUALIZADO: INTEGRAÇÃO - DATA INÍCIO = 2026-05-06 00:00:00
CAMPO ADICIONAL ATUALIZADO: INTEGRAÇÃO - DATA TÉRMINO = 2026-05-06 00:00:00
CAMPO ADICIONAL ATUALIZADO: INTEGRAÇÃO - INSTRUTOR = GELSIVAN
CAMPO ADICIONAL ATUALIZADO: 1ª RETIRADA - CARREGAMENTO - LOCAL = RUA SÃO QUIRINO, 758 - VILA GUILHERME - SÃO PAULO - SP
CAMPO ADICIONAL ATUALIZADO: 1ª RETIRADA - CARREGAMENTO - DATA DE CARREGAMENTO = 2026-05-13 00:00:00
CAMPO ADICIONAL ATUALIZADO: INTRODUÇÃO A SAÚDE E SEGURANÇA DO TRABALHO - MODALIDADE = ONLINE T2
CAMPO ADICIONAL ATUALIZADO: INTRODUÇÃO A SAÚDE E SEGURANÇA DO TRABALHO - LOCAL = https://teams.microsoft.com/meet/238144599512544?p=NPH77zpsohs8Eugsac
CAMPO ADICIONAL ATUALIZADO: INTRODUÇÃO A SAÚDE E SEGURANÇA DO TRABALHO - DATA INÍCIO = 2026-05-07 00:00:00
CAMPO ADICIONAL ATUALIZADO: INTRODUÇÃO A SAÚDE E SEGURANÇA DO TRABALHO - DATA TÉRMINO = 2026-05-07 00:00:00
CAMPO ADICIONAL ATUALIZADO: INTRODUÇÃO A SAÚDE E SEGURANÇA DO TRABALHO - INSTRUTOR = SESMT
CAMPO ADICIONAL ATUALIZADO: NORMATIVO (ONLINE) - DATA INÍCIO = 2026-05-08 00:00:00
CAMPO ADICIONAL ATUALIZADO: NORMATIVO (ONLINE) - DATA TÉRMINO = 2026-05-14 00:00:00
CAMPO ADICIONAL ATUALIZADO: NORMATIVO (ONLINE) - INSTRUTOR = LUCIANO
CAMPO ADICIONAL ATUALIZADO: NORMATIVO (ONLINE) - ACESSO = https://teams.microsoft.com/meet/252035871893270?p=l1vJ3D0n81QLLIoTom
CAMPO ADICIONAL ATUALIZADO: NORMATIVO (PRESENCIAL) - LOCAL = RUA SÃO QUIRINO, 758 - VILA GUILHERME - SÃO PAULO - SP
CAMPO ADICIONAL ATUALIZADO: NORMATIVO (PRESENCIAL) - DATA INÍCIO = 2026-05-15 00:00:00
CAMPO ADICIONAL ATUALIZADO: NORMATIVO (PRESENCIAL) - DATA TÉRMINO = 2026-05-18 00:00:00
CAMPO ADICIONAL ATUALIZADO: NORMATIVO (PRESENCIAL) - INSTRUTOR = LUCIANO
CAMPO ADICIONAL ATUALIZADO: 2ª RETIRADA - CARREGAMENTO - DATA DE CARREGAMENTO = 2026-05-19 00:00:00
CAMPO ADICIONAL ATUALIZADO: 2ª RETIRADA - CARREGAMENTO - LOCAL = RUA SÃO QUIRINO, 758 - VILA GUILHERME - SÃO PAULO - SP
CAMPO ADICIONAL ATUALIZADO: OPERAÇÃO - DATA DE OPERAÇÃO = 2026-05-20 00:00:00
CAMPO ADICIONAL ATUALIZADO: OPERAÇÃO - LOCAL = RUA SÃO QUIRINO, 758 - VILA GUILHERME - SÃO PAULO - SP
CAMPO ADICIONAL ATUALIZADO: CURSO TÉCNICO - MODALIDADE = -
CAMPO ADICIONAL ATUALIZADO: CURSO TÉCNICO - LOCAL = -
CAMPO ADICIONAL ATUALIZADO: CURSO TÉCNICO - DATA INÍCIO = -
CAMPO ADICIONAL ATUALIZADO: CURSO TÉCNICO - DATA TÉRMINO = -
CAMPO ADICIONAL ATUALIZADO: CURSO TÉCNICO - INSTRUTOR = -
CAMPO ADICIONAL ATUALIZADO: DUPLADO - DATA INÍCIO = -
CAMPO ADICIONAL ATUALIZADO: DUPLADO - DATA TÉRMINO = -
CAMPO ADICIONAL ATUALIZADO: DUPLADO - GER. REGIONAL = -
CAMPO ADICIONAL ATUALIZADO: DUPLADO - LOCAL DE APRESENTAÇÃO = -
CAMPO ADICIONAL ATUALIZADO: CURSO TÉCNICO RETORNO - MODALIDADE = -
CAMPO ADICIONAL ATUALIZADO: CURSO TÉCNICO RETORNO - LOCAL = -
CAMPO ADICIONAL ATUALIZADO: CURSO TÉCNICO RETORNO - DATA INÍCIO = -
CAMPO ADICIONAL ATUALIZADO: CURSO TÉCNICO RETORNO - INSTRUTOR = -
CAMPO ADICIONAL ATUALIZADO: CURSO TÉCNICO RETORNO - DATA TÉRMINO = -
CAMPO ADICIONAL ATUALIZADO: DUPLADO FASE 2 - DATA INÍCIO = -
CAMPO ADICIONAL ATUALIZADO: DUPLADO FASE 2 - DATA TÉRMINO = -
CAMPO ADICIONAL ATUALIZADO: DUPLADO FASE 2 - GER. REGIONAL = -
CAMPO ADICIONAL ATUALIZADO: DUPLADO FASE 2 - LOCAL DE APRESENTAÇÃO = -
Processando usuário existente: r061040 (Matrícula: 61040)
SENHA ATUALIZADA: r@71894
CAMPO ADICIONAL ATUALIZADO: CADASTRO - FUNÇÃO = AUX TELECOM
CAMPO ADICIONAL ATUALIZADO: CADASTRO - ADMISSÃO = 2026-05-06 00:00:00
CAMPO ADICIONAL ATUALIZADO: CADASTRO - GERENTE REGIONAL = ALEX SANDRO FERRAZ DE OLIVEIRA
CAMPO ADICIONAL ATUALIZADO: CADASTRO - GERENTE CORPORATIVO = PAULO HENRIQUE VALERIO DA SILVA
CAMPO ADICIONAL ATUALIZADO: INTEGRAÇÃO - MODALIDADE = PRESENCIAL
CAMPO ADICIONAL ATUALIZADO: INTEGRAÇÃO - LOCAL = RUA SÃO QUIRINO, 758 - VILA GUILHERME - SÃO PAULO - SP
CAMPO ADICIONAL ATUALIZADO: INTEGRAÇÃO - DATA INÍCIO = 2026-05-06 00:00:00
CAMPO ADICIONAL ATUALIZADO: INTEGRAÇÃO - DATA TÉRMINO = 2026-05-06 00:00:00
CAMPO ADICIONAL ATUALIZADO: INTEGRAÇÃO - INSTRUTOR = GELSIVAN
CAMPO ADICIONAL ATUALIZADO: 1ª RETIRADA - CARREGAMENTO - LOCAL = RUA SÃO QUIRINO, 758 - VILA GUILHERME - SÃO PAULO - SP
CAMPO ADICIONAL ATUALIZADO: 1ª RETIRADA - CARREGAMENTO - DATA DE CARREGAMENTO = 2026-05-13 00:00:00
CAMPO ADICIONAL ATUALIZADO: INTRODUÇÃO A SAÚDE E SEGURANÇA DO TRABALHO - MODALIDADE = ONLINE T2
CAMPO ADICIONAL ATUALIZADO: INTRODUÇÃO A SAÚDE E SEGURANÇA DO TRABALHO - LOCAL = https://teams.microsoft.com/meet/238144599512544?p=NPH77zpsohs8Eugsac
CAMPO ADICIONAL ATUALIZADO: INTRODUÇÃO A SAÚDE E SEGURANÇA DO TRABALHO - DATA INÍCIO = 2026-05-07 00:00:00
CAMPO ADICIONAL ATUALIZADO: INTRODUÇÃO A SAÚDE E SEGURANÇA DO TRABALHO - DATA TÉRMINO = 2026-05-07 00:00:00
CAMPO ADICIONAL ATUALIZADO: INTRODUÇÃO A SAÚDE E SEGURANÇA DO TRABALHO - INSTRUTOR = SESMT
CAMPO ADICIONAL ATUALIZADO: NORMATIVO (ONLINE) - DATA INÍCIO = 2026-05-08 00:00:00
CAMPO ADICIONAL ATUALIZADO: NORMATIVO (ONLINE) - DATA TÉRMINO = 2026-05-14 00:00:00
CAMPO ADICIONAL ATUALIZADO: NORMATIVO (ONLINE) - INSTRUTOR = LUCIANO
CAMPO ADICIONAL ATUALIZADO: NORMATIVO (ONLINE) - ACESSO = https://teams.microsoft.com/meet/252035871893270?p=l1vJ3D0n81QLLIoTom
CAMPO ADICIONAL ATUALIZADO: NORMATIVO (PRESENCIAL) - LOCAL = RUA SÃO QUIRINO, 758 - VILA GUILHERME - SÃO PAULO - SP
CAMPO ADICIONAL ATUALIZADO: NORMATIVO (PRESENCIAL) - DATA INÍCIO = 2026-05-15 00:00:00
CAMPO ADICIONAL ATUALIZADO: NORMATIVO (PRESENCIAL) - DATA TÉRMINO = 2026-05-18 00:00:00
CAMPO ADICIONAL ATUALIZADO: NORMATIVO (PRESENCIAL) - INSTRUTOR = LUCIANO
CAMPO ADICIONAL ATUALIZADO: 2ª RETIRADA - CARREGAMENTO - DATA DE CARREGAMENTO = 2026-05-19 00:00:00
CAMPO ADICIONAL ATUALIZADO: 2ª RETIRADA - CARREGAMENTO - LOCAL = RUA SÃO QUIRINO, 758 - VILA GUILHERME - SÃO PAULO - SP
CAMPO ADICIONAL ATUALIZADO: OPERAÇÃO - DATA DE OPERAÇÃO = 2026-05-20 00:00:00
CAMPO ADICIONAL ATUALIZADO: OPERAÇÃO - LOCAL = RUA SÃO QUIRINO, 758 - VILA GUILHERME - SÃO PAULO - SP
CAMPO ADICIONAL ATUALIZADO: CURSO TÉCNICO - MODALIDADE = -
CAMPO ADICIONAL ATUALIZADO: CURSO TÉCNICO - LOCAL = -
CAMPO ADICIONAL ATUALIZADO: CURSO TÉCNICO - DATA INÍCIO = -
CAMPO ADICIONAL ATUALIZADO: CURSO TÉCNICO - DATA TÉRMINO = -
CAMPO ADICIONAL ATUALIZADO: CURSO TÉCNICO - INSTRUTOR = -
CAMPO ADICIONAL ATUALIZADO: DUPLADO - DATA INÍCIO = -
CAMPO ADICIONAL ATUALIZADO: DUPLADO - DATA TÉRMINO = -
CAMPO ADICIONAL ATUALIZADO: DUPLADO - GER. REGIONAL = -
CAMPO ADICIONAL ATUALIZADO: DUPLADO - LOCAL DE APRESENTAÇÃO = -
CAMPO ADICIONAL ATUALIZADO: CURSO TÉCNICO RETORNO - MODALIDADE = -
CAMPO ADICIONAL ATUALIZADO: CURSO TÉCNICO RETORNO - LOCAL = -
CAMPO ADICIONAL ATUALIZADO: CURSO TÉCNICO RETORNO - DATA INÍCIO = -
CAMPO ADICIONAL ATUALIZADO: CURSO TÉCNICO RETORNO - INSTRUTOR = -
CAMPO ADICIONAL ATUALIZADO: CURSO TÉCNICO RETORNO - DATA TÉRMINO = -
CAMPO ADICIONAL ATUALIZADO: DUPLADO FASE 2 - DATA INÍCIO = -
CAMPO ADICIONAL ATUALIZADO: DUPLADO FASE 2 - DATA TÉRMINO = -
CAMPO ADICIONAL ATUALIZADO: DUPLADO FASE 2 - GER. REGIONAL = -
CAMPO ADICIONAL ATUALIZADO: DUPLADO FASE 2 - LOCAL DE APRESENTAÇÃO = -
Processando usuário existente: r061052 (Matrícula: 61052)
SENHA ATUALIZADA: r@11364
CAMPO ADICIONAL ATUALIZADO: CADASTRO - FUNÇÃO = AUX TELECOM
CAMPO ADICIONAL ATUALIZADO: CADASTRO - ADMISSÃO = 2026-05-06 00:00:00
CAMPO ADICIONAL ATUALIZADO: CADASTRO - GERENTE REGIONAL = EDVAN PEREIRA DA ROCHA
CAMPO ADICIONAL ATUALIZADO: CADASTRO - GERENTE CORPORATIVO = PAULO HENRIQUE VALERIO DA SILVA
CAMPO ADICIONAL ATUALIZADO: INTEGRAÇÃO - MODALIDADE = PRESENCIAL
CAMPO ADICIONAL ATUALIZADO: INTEGRAÇÃO - LOCAL = RUA SÃO QUIRINO, 758 - VILA GUILHERME - SÃO PAULO - SP
CAMPO ADICIONAL ATUALIZADO: INTEGRAÇÃO - DATA INÍCIO = 2026-05-06 00:00:00
CAMPO ADICIONAL ATUALIZADO: INTEGRAÇÃO - DATA TÉRMINO = 2026-05-06 00:00:00
CAMPO ADICIONAL ATUALIZADO: INTEGRAÇÃO - INSTRUTOR = GELSIVAN
CAMPO ADICIONAL ATUALIZADO: 1ª RETIRADA - CARREGAMENTO - LOCAL = RUA SÃO QUIRINO, 758 - VILA GUILHERME - SÃO PAULO - SP
CAMPO ADICIONAL ATUALIZADO: 1ª RETIRADA - CARREGAMENTO - DATA DE CARREGAMENTO = 2026-05-13 00:00:00
CAMPO ADICIONAL ATUALIZADO: INTRODUÇÃO A SAÚDE E SEGURANÇA DO TRABALHO - MODALIDADE = ONLINE T2
CAMPO ADICIONAL ATUALIZADO: INTRODUÇÃO A SAÚDE E SEGURANÇA DO TRABALHO - LOCAL = https://teams.microsoft.com/meet/238144599512544?p=NPH77zpsohs8Eugsac
CAMPO ADICIONAL ATUALIZADO: INTRODUÇÃO A SAÚDE E SEGURANÇA DO TRABALHO - DATA INÍCIO = 2026-05-07 00:00:00
CAMPO ADICIONAL ATUALIZADO: INTRODUÇÃO A SAÚDE E SEGURANÇA DO TRABALHO - DATA TÉRMINO = 2026-05-07 00:00:00
CAMPO ADICIONAL ATUALIZADO: INTRODUÇÃO A SAÚDE E SEGURANÇA DO TRABALHO - INSTRUTOR = SESMT
CAMPO ADICIONAL ATUALIZADO: NORMATIVO (ONLINE) - DATA INÍCIO = 2026-05-08 00:00:00
CAMPO ADICIONAL ATUALIZADO: NORMATIVO (ONLINE) - DATA TÉRMINO = 2026-05-14 00:00:00
CAMPO ADICIONAL ATUALIZADO: NORMATIVO (ONLINE) - INSTRUTOR = LUCIANO
CAMPO ADICIONAL ATUALIZADO: NORMATIVO (ONLINE) - ACESSO = https://teams.microsoft.com/meet/252035871893270?p=l1vJ3D0n81QLLIoTom
CAMPO ADICIONAL ATUALIZADO: NORMATIVO (PRESENCIAL) - LOCAL = RUA SÃO QUIRINO, 758 - VILA GUILHERME - SÃO PAULO - SP
CAMPO ADICIONAL ATUALIZADO: NORMATIVO (PRESENCIAL) - DATA INÍCIO = 2026-05-15 00:00:00
CAMPO ADICIONAL ATUALIZADO: NORMATIVO (PRESENCIAL) - DATA TÉRMINO = 2026-05-18 00:00:00
CAMPO ADICIONAL ATUALIZADO: NORMATIVO (PRESENCIAL) - INSTRUTOR = LUCIANO
CAMPO ADICIONAL ATUALIZADO: 2ª RETIRADA - CARREGAMENTO - DATA DE CARREGAMENTO = 2026-05-19 00:00:00
CAMPO ADICIONAL ATUALIZADO: 2ª RETIRADA - CARREGAMENTO - LOCAL = RUA SÃO QUIRINO, 758 - VILA GUILHERME - SÃO PAULO - SP
CAMPO ADICIONAL ATUALIZADO: OPERAÇÃO - DATA DE OPERAÇÃO = 2026-05-20 00:00:00
CAMPO ADICIONAL ATUALIZADO: OPERAÇÃO - LOCAL = RUA SÃO QUIRINO, 758 - VILA GUILHERME - SÃO PAULO - SP
CAMPO ADICIONAL ATUALIZADO: CURSO TÉCNICO - MODALIDADE = -
CAMPO ADICIONAL ATUALIZADO: CURSO TÉCNICO - LOCAL = -
CAMPO ADICIONAL ATUALIZADO: CURSO TÉCNICO - DATA INÍCIO = -
CAMPO ADICIONAL ATUALIZADO: CURSO TÉCNICO - DATA TÉRMINO = -
CAMPO ADICIONAL ATUALIZADO: CURSO TÉCNICO - INSTRUTOR = -
CAMPO ADICIONAL ATUALIZADO: DUPLADO - DATA INÍCIO = -
CAMPO ADICIONAL ATUALIZADO: DUPLADO - DATA TÉRMINO = -
CAMPO ADICIONAL ATUALIZADO: DUPLADO - GER. REGIONAL = -
CAMPO ADICIONAL ATUALIZADO: DUPLADO - LOCAL DE APRESENTAÇÃO = -
CAMPO ADICIONAL ATUALIZADO: CURSO TÉCNICO RETORNO - MODALIDADE = -
CAMPO ADICIONAL ATUALIZADO: CURSO TÉCNICO RETORNO - LOCAL = -
CAMPO ADICIONAL ATUALIZADO: CURSO TÉCNICO RETORNO - DATA INÍCIO = -
CAMPO ADICIONAL ATUALIZADO: CURSO TÉCNICO RETORNO - INSTRUTOR = -
CAMPO ADICIONAL ATUALIZADO: CURSO TÉCNICO RETORNO - DATA TÉRMINO = -
CAMPO ADICIONAL ATUALIZADO: DUPLADO FASE 2 - DATA INÍCIO = -
CAMPO ADICIONAL ATUALIZADO: DUPLADO FASE 2 - DATA TÉRMINO = -
CAMPO ADICIONAL ATUALIZADO: DUPLADO FASE 2 - GER. REGIONAL = -
CAMPO ADICIONAL ATUALIZADO: DUPLADO FASE 2 - LOCAL DE APRESENTAÇÃO = -
Processando usuário existente: r061055 (Matrícula: 61055)
SENHA ATUALIZADA: r@00864
CAMPO ADICIONAL ATUALIZADO: CADASTRO - FUNÇÃO = CABISTA
CAMPO ADICIONAL ATUALIZADO: CADASTRO - ADMISSÃO = 2026-05-06 00:00:00
CAMPO ADICIONAL ATUALIZADO: CADASTRO - GERENTE REGIONAL = EDVAN PEREIRA DA ROCHA
CAMPO ADICIONAL ATUALIZADO: CADASTRO - GERENTE CORPORATIVO = PAULO HENRIQUE VALERIO DA SILVA
CAMPO ADICIONAL ATUALIZADO: INTEGRAÇÃO - MODALIDADE = PRESENCIAL
CAMPO ADICIONAL ATUALIZADO: INTEGRAÇÃO - LOCAL = RUA SÃO QUIRINO, 758 - VILA GUILHERME - SÃO PAULO - SP
CAMPO ADICIONAL ATUALIZADO: INTEGRAÇÃO - DATA INÍCIO = 2026-05-06 00:00:00
CAMPO ADICIONAL ATUALIZADO: INTEGRAÇÃO - DATA TÉRMINO = 2026-05-06 00:00:00
CAMPO ADICIONAL ATUALIZADO: INTEGRAÇÃO - INSTRUTOR = GELSIVAN
CAMPO ADICIONAL ATUALIZADO: 1ª RETIRADA - CARREGAMENTO - LOCAL = RUA SÃO QUIRINO, 758 - VILA GUILHERME - SÃO PAULO - SP
CAMPO ADICIONAL ATUALIZADO: 1ª RETIRADA - CARREGAMENTO - DATA DE CARREGAMENTO = 2026-05-13 00:00:00
CAMPO ADICIONAL ATUALIZADO: INTRODUÇÃO A SAÚDE E SEGURANÇA DO TRABALHO - MODALIDADE = ONLINE T2
CAMPO ADICIONAL ATUALIZADO: INTRODUÇÃO A SAÚDE E SEGURANÇA DO TRABALHO - LOCAL = https://teams.microsoft.com/meet/238144599512544?p=NPH77zpsohs8Eugsac
CAMPO ADICIONAL ATUALIZADO: INTRODUÇÃO A SAÚDE E SEGURANÇA DO TRABALHO - DATA INÍCIO = 2026-05-07 00:00:00
CAMPO ADICIONAL ATUALIZADO: INTRODUÇÃO A SAÚDE E SEGURANÇA DO TRABALHO - DATA TÉRMINO = 2026-05-07 00:00:00
CAMPO ADICIONAL ATUALIZADO: INTRODUÇÃO A SAÚDE E SEGURANÇA DO TRABALHO - INSTRUTOR = SESMT
CAMPO ADICIONAL ATUALIZADO: NORMATIVO (ONLINE) - DATA INÍCIO = 2026-05-08 00:00:00
CAMPO ADICIONAL ATUALIZADO: NORMATIVO (ONLINE) - DATA TÉRMINO = 2026-05-14 00:00:00
CAMPO ADICIONAL ATUALIZADO: NORMATIVO (ONLINE) - INSTRUTOR = LUCIANO
CAMPO ADICIONAL ATUALIZADO: NORMATIVO (ONLINE) - ACESSO = https://teams.microsoft.com/meet/252035871893270?p=l1vJ3D0n81QLLIoTom
CAMPO ADICIONAL ATUALIZADO: NORMATIVO (PRESENCIAL) - LOCAL = RUA SÃO QUIRINO, 758 - VILA GUILHERME - SÃO PAULO - SP
CAMPO ADICIONAL ATUALIZADO: NORMATIVO (PRESENCIAL) - DATA INÍCIO = 2026-05-15 00:00:00
CAMPO ADICIONAL ATUALIZADO: NORMATIVO (PRESENCIAL) - DATA TÉRMINO = 2026-05-18 00:00:00
CAMPO ADICIONAL ATUALIZADO: NORMATIVO (PRESENCIAL) - INSTRUTOR = LUCIANO
CAMPO ADICIONAL ATUALIZADO: 2ª RETIRADA - CARREGAMENTO - DATA DE CARREGAMENTO = 2026-05-19 00:00:00
CAMPO ADICIONAL ATUALIZADO: 2ª RETIRADA - CARREGAMENTO - LOCAL = RUA SÃO QUIRINO, 758 - VILA GUILHERME - SÃO PAULO - SP
CAMPO ADICIONAL ATUALIZADO: OPERAÇÃO - DATA DE OPERAÇÃO = 2026-05-20 00:00:00
CAMPO ADICIONAL ATUALIZADO: OPERAÇÃO - LOCAL = RUA SÃO QUIRINO, 758 - VILA GUILHERME - SÃO PAULO - SP
CAMPO ADICIONAL ATUALIZADO: CURSO TÉCNICO - MODALIDADE = -
CAMPO ADICIONAL ATUALIZADO: CURSO TÉCNICO - LOCAL = -
CAMPO ADICIONAL ATUALIZADO: CURSO TÉCNICO - DATA INÍCIO = -
CAMPO ADICIONAL ATUALIZADO: CURSO TÉCNICO - DATA TÉRMINO = -
CAMPO ADICIONAL ATUALIZADO: CURSO TÉCNICO - INSTRUTOR = -
CAMPO ADICIONAL ATUALIZADO: DUPLADO - DATA INÍCIO = -
CAMPO ADICIONAL ATUALIZADO: DUPLADO - DATA TÉRMINO = -
CAMPO ADICIONAL ATUALIZADO: DUPLADO - GER. REGIONAL = -
CAMPO ADICIONAL ATUALIZADO: DUPLADO - LOCAL DE APRESENTAÇÃO = -
CAMPO ADICIONAL ATUALIZADO: CURSO TÉCNICO RETORNO - MODALIDADE = -
CAMPO ADICIONAL ATUALIZADO: CURSO TÉCNICO RETORNO - LOCAL = -
CAMPO ADICIONAL ATUALIZADO: CURSO TÉCNICO RETORNO - DATA INÍCIO = -
CAMPO ADICIONAL ATUALIZADO: CURSO TÉCNICO RETORNO - INSTRUTOR = -
CAMPO ADICIONAL ATUALIZADO: CURSO TÉCNICO RETORNO - DATA TÉRMINO = -
CAMPO ADICIONAL ATUALIZADO: DUPLADO FASE 2 - DATA INÍCIO = -
CAMPO ADICIONAL ATUALIZADO: DUPLADO FASE 2 - DATA TÉRMINO = -
CAMPO ADICIONAL ATUALIZADO: DUPLADO FASE 2 - GER. REGIONAL = -
CAMPO ADICIONAL ATUALIZADO: DUPLADO FASE 2 - LOCAL DE APRESENTAÇÃO = -
Processando usuário existente: r061056 (Matrícula: 61056)
SENHA ATUALIZADA: r@56831
CAMPO ADICIONAL ATUALIZADO: CADASTRO - FUNÇÃO = AUX TELECOM
CAMPO ADICIONAL ATUALIZADO: CADASTRO - ADMISSÃO = 2026-05-06 00:00:00
CAMPO ADICIONAL ATUALIZADO: CADASTRO - GERENTE REGIONAL = ALEX SANDRO FERRAZ DE OLIVEIRA
CAMPO ADICIONAL ATUALIZADO: CADASTRO - GERENTE CORPORATIVO = PAULO HENRIQUE VALERIO DA SILVA
CAMPO ADICIONAL ATUALIZADO: INTEGRAÇÃO - MODALIDADE = PRESENCIAL
CAMPO ADICIONAL ATUALIZADO: INTEGRAÇÃO - LOCAL = RUA SÃO QUIRINO, 758 - VILA GUILHERME - SÃO PAULO - SP
CAMPO ADICIONAL ATUALIZADO: INTEGRAÇÃO - DATA INÍCIO = 2026-05-06 00:00:00
CAMPO ADICIONAL ATUALIZADO: INTEGRAÇÃO - DATA TÉRMINO = 2026-05-06 00:00:00
CAMPO ADICIONAL ATUALIZADO: INTEGRAÇÃO - INSTRUTOR = GELSIVAN
CAMPO ADICIONAL ATUALIZADO: 1ª RETIRADA - CARREGAMENTO - LOCAL = RUA SÃO QUIRINO, 758 - VILA GUILHERME - SÃO PAULO - SP
CAMPO ADICIONAL ATUALIZADO: 1ª RETIRADA - CARREGAMENTO - DATA DE CARREGAMENTO = 2026-05-13 00:00:00
CAMPO ADICIONAL ATUALIZADO: INTRODUÇÃO A SAÚDE E SEGURANÇA DO TRABALHO - MODALIDADE = ONLINE T2
CAMPO ADICIONAL ATUALIZADO: INTRODUÇÃO A SAÚDE E SEGURANÇA DO TRABALHO - LOCAL = https://teams.microsoft.com/meet/238144599512544?p=NPH77zpsohs8Eugsac
CAMPO ADICIONAL ATUALIZADO: INTRODUÇÃO A SAÚDE E SEGURANÇA DO TRABALHO - DATA INÍCIO = 2026-05-07 00:00:00
CAMPO ADICIONAL ATUALIZADO: INTRODUÇÃO A SAÚDE E SEGURANÇA DO TRABALHO - DATA TÉRMINO = 2026-05-07 00:00:00
CAMPO ADICIONAL ATUALIZADO: INTRODUÇÃO A SAÚDE E SEGURANÇA DO TRABALHO - INSTRUTOR = SESMT
CAMPO ADICIONAL ATUALIZADO: NORMATIVO (ONLINE) - DATA INÍCIO = 2026-05-08 00:00:00
CAMPO ADICIONAL ATUALIZADO: NORMATIVO (ONLINE) - DATA TÉRMINO = 2026-05-14 00:00:00
CAMPO ADICIONAL ATUALIZADO: NORMATIVO (ONLINE) - INSTRUTOR = LUCIANO
CAMPO ADICIONAL ATUALIZADO: NORMATIVO (ONLINE) - ACESSO = https://teams.microsoft.com/meet/252035871893270?p=l1vJ3D0n81QLLIoTom
CAMPO ADICIONAL ATUALIZADO: NORMATIVO (PRESENCIAL) - LOCAL = RUA SÃO QUIRINO, 758 - VILA GUILHERME - SÃO PAULO - SP
CAMPO ADICIONAL ATUALIZADO: NORMATIVO (PRESENCIAL) - DATA INÍCIO = 2026-05-15 00:00:00
CAMPO ADICIONAL ATUALIZADO: NORMATIVO (PRESENCIAL) - DATA TÉRMINO = 2026-05-18 00:00:00
CAMPO ADICIONAL ATUALIZADO: NORMATIVO (PRESENCIAL) - INSTRUTOR = LUCIANO
CAMPO ADICIONAL ATUALIZADO: 2ª RETIRADA - CARREGAMENTO - DATA DE CARREGAMENTO = 2026-05-19 00:00:00
CAMPO ADICIONAL ATUALIZADO: 2ª RETIRADA - CARREGAMENTO - LOCAL = RUA SÃO QUIRINO, 758 - VILA GUILHERME - SÃO PAULO - SP
CAMPO ADICIONAL ATUALIZADO: OPERAÇÃO - DATA DE OPERAÇÃO = 2026-05-20 00:00:00
CAMPO ADICIONAL ATUALIZADO: OPERAÇÃO - LOCAL = RUA SÃO QUIRINO, 758 - VILA GUILHERME - SÃO PAULO - SP
CAMPO ADICIONAL ATUALIZADO: CURSO TÉCNICO - MODALIDADE = -
CAMPO ADICIONAL ATUALIZADO: CURSO TÉCNICO - LOCAL = -
CAMPO ADICIONAL ATUALIZADO: CURSO TÉCNICO - DATA INÍCIO = -
CAMPO ADICIONAL ATUALIZADO: CURSO TÉCNICO - DATA TÉRMINO = -
CAMPO ADICIONAL ATUALIZADO: CURSO TÉCNICO - INSTRUTOR = -
CAMPO ADICIONAL ATUALIZADO: DUPLADO - DATA INÍCIO = -
CAMPO ADICIONAL ATUALIZADO: DUPLADO - DATA TÉRMINO = -
CAMPO ADICIONAL ATUALIZADO: DUPLADO - GER. REGIONAL = -
CAMPO ADICIONAL ATUALIZADO: DUPLADO - LOCAL DE APRESENTAÇÃO = -
CAMPO ADICIONAL ATUALIZADO: CURSO TÉCNICO RETORNO - MODALIDADE = -
CAMPO ADICIONAL ATUALIZADO: CURSO TÉCNICO RETORNO - LOCAL = -
CAMPO ADICIONAL ATUALIZADO: CURSO TÉCNICO RETORNO - DATA INÍCIO = -
CAMPO ADICIONAL ATUALIZADO: CURSO TÉCNICO RETORNO - INSTRUTOR = -
CAMPO ADICIONAL ATUALIZADO: CURSO TÉCNICO RETORNO - DATA TÉRMINO = -
CAMPO ADICIONAL ATUALIZADO: DUPLADO FASE 2 - DATA INÍCIO = -
CAMPO ADICIONAL ATUALIZADO: DUPLADO FASE 2 - DATA TÉRMINO = -
CAMPO ADICIONAL ATUALIZADO: DUPLADO FASE 2 - GER. REGIONAL = -
CAMPO ADICIONAL ATUALIZADO: DUPLADO FASE 2 - LOCAL DE APRESENTAÇÃO = -
Processando usuário existente: r061057 (Matrícula: 61057)
SENHA ATUALIZADA: r@38870
CAMPO ADICIONAL ATUALIZADO: CADASTRO - FUNÇÃO = AUX TELECOM
CAMPO ADICIONAL ATUALIZADO: CADASTRO - ADMISSÃO = 2026-05-06 00:00:00
CAMPO ADICIONAL ATUALIZADO: CADASTRO - GERENTE REGIONAL = ALEX SANDRO FERRAZ DE OLIVEIRA
CAMPO ADICIONAL ATUALIZADO: CADASTRO - GERENTE CORPORATIVO = PAULO HENRIQUE VALERIO DA SILVA
CAMPO ADICIONAL ATUALIZADO: INTEGRAÇÃO - MODALIDADE = PRESENCIAL
CAMPO ADICIONAL ATUALIZADO: INTEGRAÇÃO - LOCAL = RUA SÃO QUIRINO, 758 - VILA GUILHERME - SÃO PAULO - SP
CAMPO ADICIONAL ATUALIZADO: INTEGRAÇÃO - DATA INÍCIO = 2026-05-06 00:00:00
CAMPO ADICIONAL ATUALIZADO: INTEGRAÇÃO - DATA TÉRMINO = 2026-05-06 00:00:00
CAMPO ADICIONAL ATUALIZADO: INTEGRAÇÃO - INSTRUTOR = GELSIVAN
CAMPO ADICIONAL ATUALIZADO: 1ª RETIRADA - CARREGAMENTO - LOCAL = RUA SÃO QUIRINO, 758 - VILA GUILHERME - SÃO PAULO - SP
CAMPO ADICIONAL ATUALIZADO: 1ª RETIRADA - CARREGAMENTO - DATA DE CARREGAMENTO = 2026-05-13 00:00:00
CAMPO ADICIONAL ATUALIZADO: INTRODUÇÃO A SAÚDE E SEGURANÇA DO TRABALHO - MODALIDADE = ONLINE T2
CAMPO ADICIONAL ATUALIZADO: INTRODUÇÃO A SAÚDE E SEGURANÇA DO TRABALHO - LOCAL = https://teams.microsoft.com/meet/238144599512544?p=NPH77zpsohs8Eugsac
CAMPO ADICIONAL ATUALIZADO: INTRODUÇÃO A SAÚDE E SEGURANÇA DO TRABALHO - DATA INÍCIO = 2026-05-07 00:00:00
CAMPO ADICIONAL ATUALIZADO: INTRODUÇÃO A SAÚDE E SEGURANÇA DO TRABALHO - DATA TÉRMINO = 2026-05-07 00:00:00
CAMPO ADICIONAL ATUALIZADO: INTRODUÇÃO A SAÚDE E SEGURANÇA DO TRABALHO - INSTRUTOR = SESMT
CAMPO ADICIONAL ATUALIZADO: NORMATIVO (ONLINE) - DATA INÍCIO = 2026-05-08 00:00:00
CAMPO ADICIONAL ATUALIZADO: NORMATIVO (ONLINE) - DATA TÉRMINO = 2026-05-14 00:00:00
CAMPO ADICIONAL ATUALIZADO: NORMATIVO (ONLINE) - INSTRUTOR = LUCIANO
CAMPO ADICIONAL ATUALIZADO: NORMATIVO (ONLINE) - ACESSO = https://teams.microsoft.com/meet/252035871893270?p=l1vJ3D0n81QLLIoTom
CAMPO ADICIONAL ATUALIZADO: NORMATIVO (PRESENCIAL) - LOCAL = RUA SÃO QUIRINO, 758 - VILA GUILHERME - SÃO PAULO - SP
CAMPO ADICIONAL ATUALIZADO: NORMATIVO (PRESENCIAL) - DATA INÍCIO = 2026-05-15 00:00:00
CAMPO ADICIONAL ATUALIZADO: NORMATIVO (PRESENCIAL) - DATA TÉRMINO = 2026-05-18 00:00:00
CAMPO ADICIONAL ATUALIZADO: NORMATIVO (PRESENCIAL) - INSTRUTOR = LUCIANO
CAMPO ADICIONAL ATUALIZADO: 2ª RETIRADA - CARREGAMENTO - DATA DE CARREGAMENTO = 2026-05-19 00:00:00
CAMPO ADICIONAL ATUALIZADO: 2ª RETIRADA - CARREGAMENTO - LOCAL = RUA SÃO QUIRINO, 758 - VILA GUILHERME - SÃO PAULO - SP
CAMPO ADICIONAL ATUALIZADO: OPERAÇÃO - DATA DE OPERAÇÃO = 2026-05-20 00:00:00
CAMPO ADICIONAL ATUALIZADO: OPERAÇÃO - LOCAL = RUA SÃO QUIRINO, 758 - VILA GUILHERME - SÃO PAULO - SP
CAMPO ADICIONAL ATUALIZADO: CURSO TÉCNICO - MODALIDADE = -
CAMPO ADICIONAL ATUALIZADO: CURSO TÉCNICO - LOCAL = -
CAMPO ADICIONAL ATUALIZADO: CURSO TÉCNICO - DATA INÍCIO = -
CAMPO ADICIONAL ATUALIZADO: CURSO TÉCNICO - DATA TÉRMINO = -
CAMPO ADICIONAL ATUALIZADO: CURSO TÉCNICO - INSTRUTOR = -
CAMPO ADICIONAL ATUALIZADO: DUPLADO - DATA INÍCIO = -
CAMPO ADICIONAL ATUALIZADO: DUPLADO - DATA TÉRMINO = -
CAMPO ADICIONAL ATUALIZADO: DUPLADO - GER. REGIONAL = -
CAMPO ADICIONAL ATUALIZADO: DUPLADO - LOCAL DE APRESENTAÇÃO = -
CAMPO ADICIONAL ATUALIZADO: CURSO TÉCNICO RETORNO - MODALIDADE = -
CAMPO ADICIONAL ATUALIZADO: CURSO TÉCNICO RETORNO - LOCAL = -
CAMPO ADICIONAL ATUALIZADO: CURSO TÉCNICO RETORNO - DATA INÍCIO = -
CAMPO ADICIONAL ATUALIZADO: CURSO TÉCNICO RETORNO - INSTRUTOR = -
CAMPO ADICIONAL ATUALIZADO: CURSO TÉCNICO RETORNO - DATA TÉRMINO = -
CAMPO ADICIONAL ATUALIZADO: DUPLADO FASE 2 - DATA INÍCIO = -
CAMPO ADICIONAL ATUALIZADO: DUPLADO FASE 2 - DATA TÉRMINO = -
CAMPO ADICIONAL ATUALIZADO: DUPLADO FASE 2 - GER. REGIONAL = -
CAMPO ADICIONAL ATUALIZADO: DUPLADO FASE 2 - LOCAL DE APRESENTAÇÃO = -
Processando usuário existente: r061065 (Matrícula: 61065)
SENHA ATUALIZADA: r@79802
CAMPO ADICIONAL ATUALIZADO: CADASTRO - FUNÇÃO = AUX TELECOM
CAMPO ADICIONAL ATUALIZADO: CADASTRO - ADMISSÃO = 2026-05-06 00:00:00
CAMPO ADICIONAL ATUALIZADO: CADASTRO - GERENTE REGIONAL = EDVAN PEREIRA DA ROCHA
CAMPO ADICIONAL ATUALIZADO: CADASTRO - GERENTE CORPORATIVO = PAULO HENRIQUE VALERIO DA SILVA
CAMPO ADICIONAL ATUALIZADO: INTEGRAÇÃO - MODALIDADE = PRESENCIAL
CAMPO ADICIONAL ATUALIZADO: INTEGRAÇÃO - LOCAL = RUA SÃO QUIRINO, 758 - VILA GUILHERME - SÃO PAULO - SP
CAMPO ADICIONAL ATUALIZADO: INTEGRAÇÃO - DATA INÍCIO = 2026-05-06 00:00:00
CAMPO ADICIONAL ATUALIZADO: INTEGRAÇÃO - DATA TÉRMINO = 2026-05-06 00:00:00
CAMPO ADICIONAL ATUALIZADO: INTEGRAÇÃO - INSTRUTOR = GELSIVAN
CAMPO ADICIONAL ATUALIZADO: 1ª RETIRADA - CARREGAMENTO - LOCAL = RUA SÃO QUIRINO, 758 - VILA GUILHERME - SÃO PAULO - SP
CAMPO ADICIONAL ATUALIZADO: 1ª RETIRADA - CARREGAMENTO - DATA DE CARREGAMENTO = 2026-05-13 00:00:00
CAMPO ADICIONAL ATUALIZADO: INTRODUÇÃO A SAÚDE E SEGURANÇA DO TRABALHO - MODALIDADE = ONLINE T2
CAMPO ADICIONAL ATUALIZADO: INTRODUÇÃO A SAÚDE E SEGURANÇA DO TRABALHO - LOCAL = https://teams.microsoft.com/meet/238144599512544?p=NPH77zpsohs8Eugsac
CAMPO ADICIONAL ATUALIZADO: INTRODUÇÃO A SAÚDE E SEGURANÇA DO TRABALHO - DATA INÍCIO = 2026-05-07 00:00:00
CAMPO ADICIONAL ATUALIZADO: INTRODUÇÃO A SAÚDE E SEGURANÇA DO TRABALHO - DATA TÉRMINO = 2026-05-07 00:00:00
CAMPO ADICIONAL ATUALIZADO: INTRODUÇÃO A SAÚDE E SEGURANÇA DO TRABALHO - INSTRUTOR = SESMT
CAMPO ADICIONAL ATUALIZADO: NORMATIVO (ONLINE) - DATA INÍCIO = 2026-05-08 00:00:00
CAMPO ADICIONAL ATUALIZADO: NORMATIVO (ONLINE) - DATA TÉRMINO = 2026-05-14 00:00:00
CAMPO ADICIONAL ATUALIZADO: NORMATIVO (ONLINE) - INSTRUTOR = LUCIANO
CAMPO ADICIONAL ATUALIZADO: NORMATIVO (ONLINE) - ACESSO = https://teams.microsoft.com/meet/252035871893270?p=l1vJ3D0n81QLLIoTom
CAMPO ADICIONAL ATUALIZADO: NORMATIVO (PRESENCIAL) - LOCAL = RUA SÃO QUIRINO, 758 - VILA GUILHERME - SÃO PAULO - SP
CAMPO ADICIONAL ATUALIZADO: NORMATIVO (PRESENCIAL) - DATA INÍCIO = 2026-05-15 00:00:00
CAMPO ADICIONAL ATUALIZADO: NORMATIVO (PRESENCIAL) - DATA TÉRMINO = 2026-05-18 00:00:00
CAMPO ADICIONAL ATUALIZADO: NORMATIVO (PRESENCIAL) - INSTRUTOR = LUCIANO
CAMPO ADICIONAL ATUALIZADO: 2ª RETIRADA - CARREGAMENTO - DATA DE CARREGAMENTO = 2026-05-19 00:00:00
CAMPO ADICIONAL ATUALIZADO: 2ª RETIRADA - CARREGAMENTO - LOCAL = RUA SÃO QUIRINO, 758 - VILA GUILHERME - SÃO PAULO - SP
CAMPO ADICIONAL ATUALIZADO: OPERAÇÃO - DATA DE OPERAÇÃO = 2026-05-20 00:00:00
CAMPO ADICIONAL ATUALIZADO: OPERAÇÃO - LOCAL = RUA SÃO QUIRINO, 758 - VILA GUILHERME - SÃO PAULO - SP
CAMPO ADICIONAL ATUALIZADO: CURSO TÉCNICO - MODALIDADE = -
CAMPO ADICIONAL ATUALIZADO: CURSO TÉCNICO - LOCAL = -
CAMPO ADICIONAL ATUALIZADO: CURSO TÉCNICO - DATA INÍCIO = -
CAMPO ADICIONAL ATUALIZADO: CURSO TÉCNICO - DATA TÉRMINO = -
CAMPO ADICIONAL ATUALIZADO: CURSO TÉCNICO - INSTRUTOR = -
CAMPO ADICIONAL ATUALIZADO: DUPLADO - DATA INÍCIO = -
CAMPO ADICIONAL ATUALIZADO: DUPLADO - DATA TÉRMINO = -
CAMPO ADICIONAL ATUALIZADO: DUPLADO - GER. REGIONAL = -
CAMPO ADICIONAL ATUALIZADO: DUPLADO - LOCAL DE APRESENTAÇÃO = -
CAMPO ADICIONAL ATUALIZADO: CURSO TÉCNICO RETORNO - MODALIDADE = -
CAMPO ADICIONAL ATUALIZADO: CURSO TÉCNICO RETORNO - LOCAL = -
CAMPO ADICIONAL ATUALIZADO: CURSO TÉCNICO RETORNO - DATA INÍCIO = -
CAMPO ADICIONAL ATUALIZADO: CURSO TÉCNICO RETORNO - INSTRUTOR = -
CAMPO ADICIONAL ATUALIZADO: CURSO TÉCNICO RETORNO - DATA TÉRMINO = -
CAMPO ADICIONAL ATUALIZADO: DUPLADO FASE 2 - DATA INÍCIO = -
CAMPO ADICIONAL ATUALIZADO: DUPLADO FASE 2 - DATA TÉRMINO = -
CAMPO ADICIONAL ATUALIZADO: DUPLADO FASE 2 - GER. REGIONAL = -
CAMPO ADICIONAL ATUALIZADO: DUPLADO FASE 2 - LOCAL DE APRESENTAÇÃO = -
Processando usuário existente: r061088 (Matrícula: 61088)
SENHA ATUALIZADA: r@34848
CAMPO ADICIONAL ATUALIZADO: CADASTRO - FUNÇÃO = AUX TELECOM
CAMPO ADICIONAL ATUALIZADO: CADASTRO - ADMISSÃO = 2026-05-06 00:00:00
CAMPO ADICIONAL ATUALIZADO: CADASTRO - GERENTE REGIONAL = EDVAN PEREIRA DA ROCHA
CAMPO ADICIONAL ATUALIZADO: CADASTRO - GERENTE CORPORATIVO = PAULO HENRIQUE VALERIO DA SILVA
CAMPO ADICIONAL ATUALIZADO: INTEGRAÇÃO - MODALIDADE = PRESENCIAL
CAMPO ADICIONAL ATUALIZADO: INTEGRAÇÃO - LOCAL = RUA SÃO QUIRINO, 758 - VILA GUILHERME - SÃO PAULO - SP
CAMPO ADICIONAL ATUALIZADO: INTEGRAÇÃO - DATA INÍCIO = 2026-05-06 00:00:00
CAMPO ADICIONAL ATUALIZADO: INTEGRAÇÃO - DATA TÉRMINO = 2026-05-06 00:00:00
CAMPO ADICIONAL ATUALIZADO: INTEGRAÇÃO - INSTRUTOR = GELSIVAN
CAMPO ADICIONAL ATUALIZADO: 1ª RETIRADA - CARREGAMENTO - LOCAL = RUA SÃO QUIRINO, 758 - VILA GUILHERME - SÃO PAULO - SP
CAMPO ADICIONAL ATUALIZADO: 1ª RETIRADA - CARREGAMENTO - DATA DE CARREGAMENTO = 2026-05-13 00:00:00
CAMPO ADICIONAL ATUALIZADO: INTRODUÇÃO A SAÚDE E SEGURANÇA DO TRABALHO - MODALIDADE = ONLINE T2
CAMPO ADICIONAL ATUALIZADO: INTRODUÇÃO A SAÚDE E SEGURANÇA DO TRABALHO - LOCAL = https://teams.microsoft.com/meet/238144599512544?p=NPH77zpsohs8Eugsac
CAMPO ADICIONAL ATUALIZADO: INTRODUÇÃO A SAÚDE E SEGURANÇA DO TRABALHO - DATA INÍCIO = 2026-05-07 00:00:00
CAMPO ADICIONAL ATUALIZADO: INTRODUÇÃO A SAÚDE E SEGURANÇA DO TRABALHO - DATA TÉRMINO = 2026-05-07 00:00:00
CAMPO ADICIONAL ATUALIZADO: INTRODUÇÃO A SAÚDE E SEGURANÇA DO TRABALHO - INSTRUTOR = SESMT
CAMPO ADICIONAL ATUALIZADO: NORMATIVO (ONLINE) - DATA INÍCIO = 2026-05-08 00:00:00
CAMPO ADICIONAL ATUALIZADO: NORMATIVO (ONLINE) - DATA TÉRMINO = 2026-05-14 00:00:00
CAMPO ADICIONAL ATUALIZADO: NORMATIVO (ONLINE) - INSTRUTOR = LUCIANO
CAMPO ADICIONAL ATUALIZADO: NORMATIVO (ONLINE) - ACESSO = https://teams.microsoft.com/meet/252035871893270?p=l1vJ3D0n81QLLIoTom
CAMPO ADICIONAL ATUALIZADO: NORMATIVO (PRESENCIAL) - LOCAL = RUA SÃO QUIRINO, 758 - VILA GUILHERME - SÃO PAULO - SP
CAMPO ADICIONAL ATUALIZADO: NORMATIVO (PRESENCIAL) - DATA INÍCIO = 2026-05-15 00:00:00
CAMPO ADICIONAL ATUALIZADO: NORMATIVO (PRESENCIAL) - DATA TÉRMINO = 2026-05-18 00:00:00
CAMPO ADICIONAL ATUALIZADO: NORMATIVO (PRESENCIAL) - INSTRUTOR = LUCIANO
CAMPO ADICIONAL ATUALIZADO: 2ª RETIRADA - CARREGAMENTO - DATA DE CARREGAMENTO = 2026-05-19 00:00:00
CAMPO ADICIONAL ATUALIZADO: 2ª RETIRADA - CARREGAMENTO - LOCAL = RUA SÃO QUIRINO, 758 - VILA GUILHERME - SÃO PAULO - SP
CAMPO ADICIONAL ATUALIZADO: OPERAÇÃO - DATA DE OPERAÇÃO = 2026-05-20 00:00:00
CAMPO ADICIONAL ATUALIZADO: OPERAÇÃO - LOCAL = RUA SÃO QUIRINO, 758 - VILA GUILHERME - SÃO PAULO - SP
CAMPO ADICIONAL ATUALIZADO: CURSO TÉCNICO - MODALIDADE = -
CAMPO ADICIONAL ATUALIZADO: CURSO TÉCNICO - LOCAL = -
CAMPO ADICIONAL ATUALIZADO: CURSO TÉCNICO - DATA INÍCIO = -
CAMPO ADICIONAL ATUALIZADO: CURSO TÉCNICO - DATA TÉRMINO = -
CAMPO ADICIONAL ATUALIZADO: CURSO TÉCNICO - INSTRUTOR = -
CAMPO ADICIONAL ATUALIZADO: DUPLADO - DATA INÍCIO = -
CAMPO ADICIONAL ATUALIZADO: DUPLADO - DATA TÉRMINO = -
CAMPO ADICIONAL ATUALIZADO: DUPLADO - GER. REGIONAL = -
CAMPO ADICIONAL ATUALIZADO: DUPLADO - LOCAL DE APRESENTAÇÃO = -
CAMPO ADICIONAL ATUALIZADO: CURSO TÉCNICO RETORNO - MODALIDADE = -
CAMPO ADICIONAL ATUALIZADO: CURSO TÉCNICO RETORNO - LOCAL = -
CAMPO ADICIONAL ATUALIZADO: CURSO TÉCNICO RETORNO - DATA INÍCIO = -
CAMPO ADICIONAL ATUALIZADO: CURSO TÉCNICO RETORNO - INSTRUTOR = -
CAMPO ADICIONAL ATUALIZADO: CURSO TÉCNICO RETORNO - DATA TÉRMINO = -
CAMPO ADICIONAL ATUALIZADO: DUPLADO FASE 2 - DATA INÍCIO = -
CAMPO ADICIONAL ATUALIZADO: DUPLADO FASE 2 - DATA TÉRMINO = -
CAMPO ADICIONAL ATUALIZADO: DUPLADO FASE 2 - GER. REGIONAL = -
CAMPO ADICIONAL ATUALIZADO: DUPLADO FASE 2 - LOCAL DE APRESENTAÇÃO = -
Processando usuário existente: r061089 (Matrícula: 61089)
SENHA ATUALIZADA: r@24829
CAMPO ADICIONAL ATUALIZADO: CADASTRO - FUNÇÃO = AUX TELECOM
CAMPO ADICIONAL ATUALIZADO: CADASTRO - ADMISSÃO = 2026-05-06 00:00:00
CAMPO ADICIONAL ATUALIZADO: CADASTRO - GERENTE REGIONAL = EDERSON DOS SANTOS MAGALHAES
CAMPO ADICIONAL ATUALIZADO: CADASTRO - GERENTE CORPORATIVO = FRANCISCO ADOLFO ZAMPOL DE MARCO
CAMPO ADICIONAL ATUALIZADO: INTEGRAÇÃO - MODALIDADE = PRESENCIAL
CAMPO ADICIONAL ATUALIZADO: INTEGRAÇÃO - LOCAL = RUA SÃO QUIRINO, 758 - VILA GUILHERME - SÃO PAULO - SP
CAMPO ADICIONAL ATUALIZADO: INTEGRAÇÃO - DATA INÍCIO = 2026-05-06 00:00:00
CAMPO ADICIONAL ATUALIZADO: INTEGRAÇÃO - DATA TÉRMINO = 2026-05-06 00:00:00
CAMPO ADICIONAL ATUALIZADO: INTEGRAÇÃO - INSTRUTOR = GELSIVAN
CAMPO ADICIONAL ATUALIZADO: 1ª RETIRADA - CARREGAMENTO - LOCAL = RUA SÃO QUIRINO, 758 - VILA GUILHERME - SÃO PAULO - SP
CAMPO ADICIONAL ATUALIZADO: 1ª RETIRADA - CARREGAMENTO - DATA DE CARREGAMENTO = 2026-05-13 00:00:00
CAMPO ADICIONAL ATUALIZADO: INTRODUÇÃO A SAÚDE E SEGURANÇA DO TRABALHO - MODALIDADE = ONLINE T2
CAMPO ADICIONAL ATUALIZADO: INTRODUÇÃO A SAÚDE E SEGURANÇA DO TRABALHO - LOCAL = https://teams.microsoft.com/meet/238144599512544?p=NPH77zpsohs8Eugsac
CAMPO ADICIONAL ATUALIZADO: INTRODUÇÃO A SAÚDE E SEGURANÇA DO TRABALHO - DATA INÍCIO = 2026-05-07 00:00:00
CAMPO ADICIONAL ATUALIZADO: INTRODUÇÃO A SAÚDE E SEGURANÇA DO TRABALHO - DATA TÉRMINO = 2026-05-07 00:00:00
CAMPO ADICIONAL ATUALIZADO: INTRODUÇÃO A SAÚDE E SEGURANÇA DO TRABALHO - INSTRUTOR = SESMT
CAMPO ADICIONAL ATUALIZADO: NORMATIVO (ONLINE) - DATA INÍCIO = 2026-05-08 00:00:00
CAMPO ADICIONAL ATUALIZADO: NORMATIVO (ONLINE) - DATA TÉRMINO = 2026-05-14 00:00:00
CAMPO ADICIONAL ATUALIZADO: NORMATIVO (ONLINE) - INSTRUTOR = LUCIANO
CAMPO ADICIONAL ATUALIZADO: NORMATIVO (ONLINE) - ACESSO = https://teams.microsoft.com/meet/252035871893270?p=l1vJ3D0n81QLLIoTom
CAMPO ADICIONAL ATUALIZADO: NORMATIVO (PRESENCIAL) - LOCAL = RUA SÃO QUIRINO, 758 - VILA GUILHERME - SÃO PAULO - SP
CAMPO ADICIONAL ATUALIZADO: NORMATIVO (PRESENCIAL) - DATA INÍCIO = 2026-05-15 00:00:00
CAMPO ADICIONAL ATUALIZADO: NORMATIVO (PRESENCIAL) - DATA TÉRMINO = 2026-05-18 00:00:00
CAMPO ADICIONAL ATUALIZADO: NORMATIVO (PRESENCIAL) - INSTRUTOR = LUCIANO
CAMPO ADICIONAL ATUALIZADO: 2ª RETIRADA - CARREGAMENTO - DATA DE CARREGAMENTO = 2026-05-19 00:00:00
CAMPO ADICIONAL ATUALIZADO: 2ª RETIRADA - CARREGAMENTO - LOCAL = RUA SÃO QUIRINO, 758 - VILA GUILHERME - SÃO PAULO - SP
CAMPO ADICIONAL ATUALIZADO: OPERAÇÃO - DATA DE OPERAÇÃO = 2026-05-20 00:00:00
CAMPO ADICIONAL ATUALIZADO: OPERAÇÃO - LOCAL = RUA SÃO QUIRINO, 758 - VILA GUILHERME - SÃO PAULO - SP
CAMPO ADICIONAL ATUALIZADO: CURSO TÉCNICO - MODALIDADE = -
CAMPO ADICIONAL ATUALIZADO: CURSO TÉCNICO - LOCAL = -
CAMPO ADICIONAL ATUALIZADO: CURSO TÉCNICO - DATA INÍCIO = -
CAMPO ADICIONAL ATUALIZADO: CURSO TÉCNICO - DATA TÉRMINO = -
CAMPO ADICIONAL ATUALIZADO: CURSO TÉCNICO - INSTRUTOR = -
CAMPO ADICIONAL ATUALIZADO: DUPLADO - DATA INÍCIO = -
CAMPO ADICIONAL ATUALIZADO: DUPLADO - DATA TÉRMINO = -
CAMPO ADICIONAL ATUALIZADO: DUPLADO - GER. REGIONAL = -
CAMPO ADICIONAL ATUALIZADO: DUPLADO - LOCAL DE APRESENTAÇÃO = -
CAMPO ADICIONAL ATUALIZADO: CURSO TÉCNICO RETORNO - MODALIDADE = -
CAMPO ADICIONAL ATUALIZADO: CURSO TÉCNICO RETORNO - LOCAL = -
CAMPO ADICIONAL ATUALIZADO: CURSO TÉCNICO RETORNO - DATA INÍCIO = -
CAMPO ADICIONAL ATUALIZADO: CURSO TÉCNICO RETORNO - INSTRUTOR = -
CAMPO ADICIONAL ATUALIZADO: CURSO TÉCNICO RETORNO - DATA TÉRMINO = -
CAMPO ADICIONAL ATUALIZADO: DUPLADO FASE 2 - DATA INÍCIO = -
CAMPO ADICIONAL ATUALIZADO: DUPLADO FASE 2 - DATA TÉRMINO = -
CAMPO ADICIONAL ATUALIZADO: DUPLADO FASE 2 - GER. REGIONAL = -
CAMPO ADICIONAL ATUALIZADO: DUPLADO FASE 2 - LOCAL DE APRESENTAÇÃO = -
Processando usuário existente: r061048 (Matrícula: 61048)
SENHA ATUALIZADA: r@28896
CAMPO ADICIONAL ATUALIZADO: CADASTRO - FUNÇÃO = AUX TELECOM
CAMPO ADICIONAL ATUALIZADO: CADASTRO - ADMISSÃO = 2026-05-06 00:00:00
CAMPO ADICIONAL ATUALIZADO: CADASTRO - GERENTE REGIONAL = ROBSON COSTA PATROCINIO
CAMPO ADICIONAL ATUALIZADO: CADASTRO - GERENTE CORPORATIVO = FRANCISCO ADOLFO ZAMPOL DE MARCO
CAMPO ADICIONAL ATUALIZADO: INTEGRAÇÃO - MODALIDADE = PRESENCIAL
CAMPO ADICIONAL ATUALIZADO: INTEGRAÇÃO - LOCAL = RUA SÃO QUIRINO, 758 - VILA GUILHERME - SÃO PAULO - SP
CAMPO ADICIONAL ATUALIZADO: INTEGRAÇÃO - DATA INÍCIO = 2026-05-06 00:00:00
CAMPO ADICIONAL ATUALIZADO: INTEGRAÇÃO - DATA TÉRMINO = 2026-05-06 00:00:00
CAMPO ADICIONAL ATUALIZADO: INTEGRAÇÃO - INSTRUTOR = GELSIVAN
CAMPO ADICIONAL ATUALIZADO: 1ª RETIRADA - CARREGAMENTO - LOCAL = RUA SÃO QUIRINO, 758 - VILA GUILHERME - SÃO PAULO - SP
CAMPO ADICIONAL ATUALIZADO: 1ª RETIRADA - CARREGAMENTO - DATA DE CARREGAMENTO = 2026-05-13 00:00:00
CAMPO ADICIONAL ATUALIZADO: INTRODUÇÃO A SAÚDE E SEGURANÇA DO TRABALHO - MODALIDADE = ONLINE T2
CAMPO ADICIONAL ATUALIZADO: INTRODUÇÃO A SAÚDE E SEGURANÇA DO TRABALHO - LOCAL = https://teams.microsoft.com/meet/238144599512544?p=NPH77zpsohs8Eugsac
CAMPO ADICIONAL ATUALIZADO: INTRODUÇÃO A SAÚDE E SEGURANÇA DO TRABALHO - DATA INÍCIO = 2026-05-07 00:00:00
CAMPO ADICIONAL ATUALIZADO: INTRODUÇÃO A SAÚDE E SEGURANÇA DO TRABALHO - DATA TÉRMINO = 2026-05-07 00:00:00
CAMPO ADICIONAL ATUALIZADO: INTRODUÇÃO A SAÚDE E SEGURANÇA DO TRABALHO - INSTRUTOR = SESMT
CAMPO ADICIONAL ATUALIZADO: NORMATIVO (ONLINE) - DATA INÍCIO = 2026-05-08 00:00:00
CAMPO ADICIONAL ATUALIZADO: NORMATIVO (ONLINE) - DATA TÉRMINO = 2026-05-14 00:00:00
CAMPO ADICIONAL ATUALIZADO: NORMATIVO (ONLINE) - INSTRUTOR = LUCIANO
CAMPO ADICIONAL ATUALIZADO: NORMATIVO (ONLINE) - ACESSO = https://teams.microsoft.com/meet/252035871893270?p=l1vJ3D0n81QLLIoTom
CAMPO ADICIONAL ATUALIZADO: NORMATIVO (PRESENCIAL) - LOCAL = RUA SÃO QUIRINO, 758 - VILA GUILHERME - SÃO PAULO - SP
CAMPO ADICIONAL ATUALIZADO: NORMATIVO (PRESENCIAL) - DATA INÍCIO = 2026-05-15 00:00:00
CAMPO ADICIONAL ATUALIZADO: NORMATIVO (PRESENCIAL) - DATA TÉRMINO = 2026-05-18 00:00:00
CAMPO ADICIONAL ATUALIZADO: NORMATIVO (PRESENCIAL) - INSTRUTOR = LUCIANO
CAMPO ADICIONAL ATUALIZADO: 2ª RETIRADA - CARREGAMENTO - DATA DE CARREGAMENTO = 2026-05-19 00:00:00
CAMPO ADICIONAL ATUALIZADO: 2ª RETIRADA - CARREGAMENTO - LOCAL = RUA SÃO QUIRINO, 758 - VILA GUILHERME - SÃO PAULO - SP
CAMPO ADICIONAL ATUALIZADO: OPERAÇÃO - DATA DE OPERAÇÃO = 2026-05-20 00:00:00
CAMPO ADICIONAL ATUALIZADO: OPERAÇÃO - LOCAL = RODOVIA JOÃO AFONSO DE SOUZA CASTELLANO, 1212 - VILA JAÚ - POÁ - SP
CAMPO ADICIONAL ATUALIZADO: CURSO TÉCNICO - MODALIDADE = -
CAMPO ADICIONAL ATUALIZADO: CURSO TÉCNICO - LOCAL = -
CAMPO ADICIONAL ATUALIZADO: CURSO TÉCNICO - DATA INÍCIO = -
CAMPO ADICIONAL ATUALIZADO: CURSO TÉCNICO - DATA TÉRMINO = -
CAMPO ADICIONAL ATUALIZADO: CURSO TÉCNICO - INSTRUTOR = -
CAMPO ADICIONAL ATUALIZADO: DUPLADO - DATA INÍCIO = -
CAMPO ADICIONAL ATUALIZADO: DUPLADO - DATA TÉRMINO = -
CAMPO ADICIONAL ATUALIZADO: DUPLADO - GER. REGIONAL = -
CAMPO ADICIONAL ATUALIZADO: DUPLADO - LOCAL DE APRESENTAÇÃO = -
CAMPO ADICIONAL ATUALIZADO: CURSO TÉCNICO RETORNO - MODALIDADE = -
CAMPO ADICIONAL ATUALIZADO: CURSO TÉCNICO RETORNO - LOCAL = -
CAMPO ADICIONAL ATUALIZADO: CURSO TÉCNICO RETORNO - DATA INÍCIO = -
CAMPO ADICIONAL ATUALIZADO: CURSO TÉCNICO RETORNO - INSTRUTOR = -
CAMPO ADICIONAL ATUALIZADO: CURSO TÉCNICO RETORNO - DATA TÉRMINO = -
CAMPO ADICIONAL ATUALIZADO: DUPLADO FASE 2 - DATA INÍCIO = -
CAMPO ADICIONAL ATUALIZADO: DUPLADO FASE 2 - DATA TÉRMINO = -
CAMPO ADICIONAL ATUALIZADO: DUPLADO FASE 2 - GER. REGIONAL = -
CAMPO ADICIONAL ATUALIZADO: DUPLADO FASE 2 - LOCAL DE APRESENTAÇÃO = -
Processando usuário existente: r061031 (Matrícula: 61031)
SENHA ATUALIZADA: r@82802
CAMPO ADICIONAL ATUALIZADO: CADASTRO - FUNÇÃO = AUX TELECOM
CAMPO ADICIONAL ATUALIZADO: CADASTRO - ADMISSÃO = 2026-05-06 00:00:00
CAMPO ADICIONAL ATUALIZADO: CADASTRO - GERENTE REGIONAL = ROBSON COSTA PATROCINIO
CAMPO ADICIONAL ATUALIZADO: CADASTRO - GERENTE CORPORATIVO = FRANCISCO ADOLFO ZAMPOL DE MARCO
CAMPO ADICIONAL ATUALIZADO: INTEGRAÇÃO - MODALIDADE = PRESENCIAL
CAMPO ADICIONAL ATUALIZADO: INTEGRAÇÃO - LOCAL = RUA SÃO QUIRINO, 758 - VILA GUILHERME - SÃO PAULO - SP
CAMPO ADICIONAL ATUALIZADO: INTEGRAÇÃO - DATA INÍCIO = 2026-05-06 00:00:00
CAMPO ADICIONAL ATUALIZADO: INTEGRAÇÃO - DATA TÉRMINO = 2026-05-06 00:00:00
CAMPO ADICIONAL ATUALIZADO: INTEGRAÇÃO - INSTRUTOR = GELSIVAN
CAMPO ADICIONAL ATUALIZADO: 1ª RETIRADA - CARREGAMENTO - LOCAL = RUA SÃO QUIRINO, 758 - VILA GUILHERME - SÃO PAULO - SP
CAMPO ADICIONAL ATUALIZADO: 1ª RETIRADA - CARREGAMENTO - DATA DE CARREGAMENTO = 2026-05-13 00:00:00
CAMPO ADICIONAL ATUALIZADO: INTRODUÇÃO A SAÚDE E SEGURANÇA DO TRABALHO - MODALIDADE = ONLINE T2
CAMPO ADICIONAL ATUALIZADO: INTRODUÇÃO A SAÚDE E SEGURANÇA DO TRABALHO - LOCAL = https://teams.microsoft.com/meet/238144599512544?p=NPH77zpsohs8Eugsac
CAMPO ADICIONAL ATUALIZADO: INTRODUÇÃO A SAÚDE E SEGURANÇA DO TRABALHO - DATA INÍCIO = 2026-05-07 00:00:00
CAMPO ADICIONAL ATUALIZADO: INTRODUÇÃO A SAÚDE E SEGURANÇA DO TRABALHO - DATA TÉRMINO = 2026-05-07 00:00:00
CAMPO ADICIONAL ATUALIZADO: INTRODUÇÃO A SAÚDE E SEGURANÇA DO TRABALHO - INSTRUTOR = SESMT
CAMPO ADICIONAL ATUALIZADO: NORMATIVO (ONLINE) - DATA INÍCIO = 2026-05-08 00:00:00
CAMPO ADICIONAL ATUALIZADO: NORMATIVO (ONLINE) - DATA TÉRMINO = 2026-05-14 00:00:00
CAMPO ADICIONAL ATUALIZADO: NORMATIVO (ONLINE) - INSTRUTOR = LUCIANO
CAMPO ADICIONAL ATUALIZADO: NORMATIVO (ONLINE) - ACESSO = https://teams.microsoft.com/meet/252035871893270?p=l1vJ3D0n81QLLIoTom
CAMPO ADICIONAL ATUALIZADO: NORMATIVO (PRESENCIAL) - LOCAL = RUA SÃO QUIRINO, 758 - VILA GUILHERME - SÃO PAULO - SP
CAMPO ADICIONAL ATUALIZADO: NORMATIVO (PRESENCIAL) - DATA INÍCIO = 2026-05-15 00:00:00
CAMPO ADICIONAL ATUALIZADO: NORMATIVO (PRESENCIAL) - DATA TÉRMINO = 2026-05-18 00:00:00
CAMPO ADICIONAL ATUALIZADO: NORMATIVO (PRESENCIAL) - INSTRUTOR = LUCIANO
CAMPO ADICIONAL ATUALIZADO: 2ª RETIRADA - CARREGAMENTO - DATA DE CARREGAMENTO = 2026-05-19 00:00:00
CAMPO ADICIONAL ATUALIZADO: 2ª RETIRADA - CARREGAMENTO - LOCAL = RUA SÃO QUIRINO, 758 - VILA GUILHERME - SÃO PAULO - SP
CAMPO ADICIONAL ATUALIZADO: OPERAÇÃO - DATA DE OPERAÇÃO = 2026-05-20 00:00:00
CAMPO ADICIONAL ATUALIZADO: OPERAÇÃO - LOCAL = RODOVIA JOÃO AFONSO DE SOUZA CASTELLANO, 1212 - VILA JAÚ - POÁ - SP
CAMPO ADICIONAL ATUALIZADO: CURSO TÉCNICO - MODALIDADE = -
CAMPO ADICIONAL ATUALIZADO: CURSO TÉCNICO - LOCAL = -
CAMPO ADICIONAL ATUALIZADO: CURSO TÉCNICO - DATA INÍCIO = -
CAMPO ADICIONAL ATUALIZADO: CURSO TÉCNICO - DATA TÉRMINO = -
CAMPO ADICIONAL ATUALIZADO: CURSO TÉCNICO - INSTRUTOR = -
CAMPO ADICIONAL ATUALIZADO: DUPLADO - DATA INÍCIO = -
CAMPO ADICIONAL ATUALIZADO: DUPLADO - DATA TÉRMINO = -
CAMPO ADICIONAL ATUALIZADO: DUPLADO - GER. REGIONAL = -
CAMPO ADICIONAL ATUALIZADO: DUPLADO - LOCAL DE APRESENTAÇÃO = -
CAMPO ADICIONAL ATUALIZADO: CURSO TÉCNICO RETORNO - MODALIDADE = -
CAMPO ADICIONAL ATUALIZADO: CURSO TÉCNICO RETORNO - LOCAL = -
CAMPO ADICIONAL ATUALIZADO: CURSO TÉCNICO RETORNO - DATA INÍCIO = -
CAMPO ADICIONAL ATUALIZADO: CURSO TÉCNICO RETORNO - INSTRUTOR = -
CAMPO ADICIONAL ATUALIZADO: CURSO TÉCNICO RETORNO - DATA TÉRMINO = -
CAMPO ADICIONAL ATUALIZADO: DUPLADO FASE 2 - DATA INÍCIO = -
CAMPO ADICIONAL ATUALIZADO: DUPLADO FASE 2 - DATA TÉRMINO = -
CAMPO ADICIONAL ATUALIZADO: DUPLADO FASE 2 - GER. REGIONAL = -
CAMPO ADICIONAL ATUALIZADO: DUPLADO FASE 2 - LOCAL DE APRESENTAÇÃO = -
Processando usuário existente: r061109 (Matrícula: 61109)
SENHA ATUALIZADA: r@73866
CAMPO ADICIONAL ATUALIZADO: CADASTRO - FUNÇÃO = AUX TELECOM
CAMPO ADICIONAL ATUALIZADO: CADASTRO - ADMISSÃO = 2026-05-06 00:00:00
CAMPO ADICIONAL ATUALIZADO: CADASTRO - GERENTE REGIONAL = EDVAN PEREIRA DA ROCHA
CAMPO ADICIONAL ATUALIZADO: CADASTRO - GERENTE CORPORATIVO = PAULO HENRIQUE VALERIO DA SILVA
CAMPO ADICIONAL ATUALIZADO: INTEGRAÇÃO - MODALIDADE = PRESENCIAL
CAMPO ADICIONAL ATUALIZADO: INTEGRAÇÃO - LOCAL = RUA SÃO QUIRINO, 758 - VILA GUILHERME - SÃO PAULO - SP
CAMPO ADICIONAL ATUALIZADO: INTEGRAÇÃO - DATA INÍCIO = 2026-05-06 00:00:00
CAMPO ADICIONAL ATUALIZADO: INTEGRAÇÃO - DATA TÉRMINO = 2026-05-06 00:00:00
CAMPO ADICIONAL ATUALIZADO: INTEGRAÇÃO - INSTRUTOR = GELSIVAN
CAMPO ADICIONAL ATUALIZADO: 1ª RETIRADA - CARREGAMENTO - LOCAL = RUA ÁLVARO ALVIM, 1123 - PAULICÉIA - SÃO BERNARDO DO CAMPO - SP
CAMPO ADICIONAL ATUALIZADO: 1ª RETIRADA - CARREGAMENTO - DATA DE CARREGAMENTO = 2026-05-13 00:00:00
CAMPO ADICIONAL ATUALIZADO: INTRODUÇÃO A SAÚDE E SEGURANÇA DO TRABALHO - MODALIDADE = ONLINE T2
CAMPO ADICIONAL ATUALIZADO: INTRODUÇÃO A SAÚDE E SEGURANÇA DO TRABALHO - LOCAL = https://teams.microsoft.com/meet/238144599512544?p=NPH77zpsohs8Eugsac
CAMPO ADICIONAL ATUALIZADO: INTRODUÇÃO A SAÚDE E SEGURANÇA DO TRABALHO - DATA INÍCIO = 2026-05-07 00:00:00
CAMPO ADICIONAL ATUALIZADO: INTRODUÇÃO A SAÚDE E SEGURANÇA DO TRABALHO - DATA TÉRMINO = 2026-05-07 00:00:00
CAMPO ADICIONAL ATUALIZADO: INTRODUÇÃO A SAÚDE E SEGURANÇA DO TRABALHO - INSTRUTOR = SESMT
CAMPO ADICIONAL ATUALIZADO: NORMATIVO (ONLINE) - DATA INÍCIO = 2026-05-08 00:00:00
CAMPO ADICIONAL ATUALIZADO: NORMATIVO (ONLINE) - DATA TÉRMINO = 2026-05-14 00:00:00
CAMPO ADICIONAL ATUALIZADO: NORMATIVO (ONLINE) - INSTRUTOR = LUCIANO
CAMPO ADICIONAL ATUALIZADO: NORMATIVO (ONLINE) - ACESSO = https://teams.microsoft.com/meet/252035871893270?p=l1vJ3D0n81QLLIoTom
CAMPO ADICIONAL ATUALIZADO: NORMATIVO (PRESENCIAL) - LOCAL = RUA ÁLVARO ALVIM, 1123 - PAULICÉIA - SÃO BERNARDO DO CAMPO - SP
CAMPO ADICIONAL ATUALIZADO: NORMATIVO (PRESENCIAL) - DATA INÍCIO = 2026-05-15 00:00:00
CAMPO ADICIONAL ATUALIZADO: NORMATIVO (PRESENCIAL) - DATA TÉRMINO = 2026-05-18 00:00:00
CAMPO ADICIONAL ATUALIZADO: NORMATIVO (PRESENCIAL) - INSTRUTOR = LUCIANO
CAMPO ADICIONAL ATUALIZADO: 2ª RETIRADA - CARREGAMENTO - DATA DE CARREGAMENTO = 2026-05-19 00:00:00
CAMPO ADICIONAL ATUALIZADO: 2ª RETIRADA - CARREGAMENTO - LOCAL = RUA SÃO QUIRINO, 758 - VILA GUILHERME - SÃO PAULO - SP
CAMPO ADICIONAL ATUALIZADO: OPERAÇÃO - DATA DE OPERAÇÃO = 2026-05-20 00:00:00
CAMPO ADICIONAL ATUALIZADO: OPERAÇÃO - LOCAL = RUA SÃO QUIRINO, 758 - VILA GUILHERME - SÃO PAULO - SP
CAMPO ADICIONAL ATUALIZADO: CURSO TÉCNICO - MODALIDADE = -
CAMPO ADICIONAL ATUALIZADO: CURSO TÉCNICO - LOCAL = -
CAMPO ADICIONAL ATUALIZADO: CURSO TÉCNICO - DATA INÍCIO = -
CAMPO ADICIONAL ATUALIZADO: CURSO TÉCNICO - DATA TÉRMINO = -
CAMPO ADICIONAL ATUALIZADO: CURSO TÉCNICO - INSTRUTOR = -
CAMPO ADICIONAL ATUALIZADO: DUPLADO - DATA INÍCIO = -
CAMPO ADICIONAL ATUALIZADO: DUPLADO - DATA TÉRMINO = -
CAMPO ADICIONAL ATUALIZADO: DUPLADO - GER. REGIONAL = -
CAMPO ADICIONAL ATUALIZADO: DUPLADO - LOCAL DE APRESENTAÇÃO = -
CAMPO ADICIONAL ATUALIZADO: CURSO TÉCNICO RETORNO - MODALIDADE = -
CAMPO ADICIONAL ATUALIZADO: CURSO TÉCNICO RETORNO - LOCAL = -
CAMPO ADICIONAL ATUALIZADO: CURSO TÉCNICO RETORNO - DATA INÍCIO = -
CAMPO ADICIONAL ATUALIZADO: CURSO TÉCNICO RETORNO - INSTRUTOR = -
CAMPO ADICIONAL ATUALIZADO: CURSO TÉCNICO RETORNO - DATA TÉRMINO = -
CAMPO ADICIONAL ATUALIZADO: DUPLADO FASE 2 - DATA INÍCIO = -
CAMPO ADICIONAL ATUALIZADO: DUPLADO FASE 2 - DATA TÉRMINO = -
CAMPO ADICIONAL ATUALIZADO: DUPLADO FASE 2 - GER. REGIONAL = -
CAMPO ADICIONAL ATUALIZADO: DUPLADO FASE 2 - LOCAL DE APRESENTAÇÃO = -
Processando usuário existente: r061110 (Matrícula: 61110)
SENHA ATUALIZADA: r@77814
CAMPO ADICIONAL ATUALIZADO: CADASTRO - FUNÇÃO = AUX TELECOM
CAMPO ADICIONAL ATUALIZADO: CADASTRO - ADMISSÃO = 2026-05-06 00:00:00
CAMPO ADICIONAL ATUALIZADO: CADASTRO - GERENTE REGIONAL = EDERSON DOS SANTOS MAGALHAES
CAMPO ADICIONAL ATUALIZADO: CADASTRO - GERENTE CORPORATIVO = FRANCISCO ADOLFO ZAMPOL DE MARCO
CAMPO ADICIONAL ATUALIZADO: INTEGRAÇÃO - MODALIDADE = PRESENCIAL
CAMPO ADICIONAL ATUALIZADO: INTEGRAÇÃO - LOCAL = RUA SÃO QUIRINO, 758 - VILA GUILHERME - SÃO PAULO - SP
CAMPO ADICIONAL ATUALIZADO: INTEGRAÇÃO - DATA INÍCIO = 2026-05-06 00:00:00
CAMPO ADICIONAL ATUALIZADO: INTEGRAÇÃO - DATA TÉRMINO = 2026-05-06 00:00:00
CAMPO ADICIONAL ATUALIZADO: INTEGRAÇÃO - INSTRUTOR = GELSIVAN
CAMPO ADICIONAL ATUALIZADO: 1ª RETIRADA - CARREGAMENTO - LOCAL = RUA ÁLVARO ALVIM, 1123 - PAULICÉIA - SÃO BERNARDO DO CAMPO - SP
CAMPO ADICIONAL ATUALIZADO: 1ª RETIRADA - CARREGAMENTO - DATA DE CARREGAMENTO = 2026-05-13 00:00:00
CAMPO ADICIONAL ATUALIZADO: INTRODUÇÃO A SAÚDE E SEGURANÇA DO TRABALHO - MODALIDADE = ONLINE T2
CAMPO ADICIONAL ATUALIZADO: INTRODUÇÃO A SAÚDE E SEGURANÇA DO TRABALHO - LOCAL = https://teams.microsoft.com/meet/238144599512544?p=NPH77zpsohs8Eugsac
CAMPO ADICIONAL ATUALIZADO: INTRODUÇÃO A SAÚDE E SEGURANÇA DO TRABALHO - DATA INÍCIO = 2026-05-07 00:00:00
CAMPO ADICIONAL ATUALIZADO: INTRODUÇÃO A SAÚDE E SEGURANÇA DO TRABALHO - DATA TÉRMINO = 2026-05-07 00:00:00
CAMPO ADICIONAL ATUALIZADO: INTRODUÇÃO A SAÚDE E SEGURANÇA DO TRABALHO - INSTRUTOR = SESMT
CAMPO ADICIONAL ATUALIZADO: NORMATIVO (ONLINE) - DATA INÍCIO = 2026-05-08 00:00:00
CAMPO ADICIONAL ATUALIZADO: NORMATIVO (ONLINE) - DATA TÉRMINO = 2026-05-14 00:00:00
CAMPO ADICIONAL ATUALIZADO: NORMATIVO (ONLINE) - INSTRUTOR = LUCIANO
CAMPO ADICIONAL ATUALIZADO: NORMATIVO (ONLINE) - ACESSO = https://teams.microsoft.com/meet/252035871893270?p=l1vJ3D0n81QLLIoTom
CAMPO ADICIONAL ATUALIZADO: NORMATIVO (PRESENCIAL) - LOCAL = RUA ÁLVARO ALVIM, 1123 - PAULICÉIA - SÃO BERNARDO DO CAMPO - SP
CAMPO ADICIONAL ATUALIZADO: NORMATIVO (PRESENCIAL) - DATA INÍCIO = 2026-05-15 00:00:00
CAMPO ADICIONAL ATUALIZADO: NORMATIVO (PRESENCIAL) - DATA TÉRMINO = 2026-05-18 00:00:00
CAMPO ADICIONAL ATUALIZADO: NORMATIVO (PRESENCIAL) - INSTRUTOR = LUCIANO
CAMPO ADICIONAL ATUALIZADO: 2ª RETIRADA - CARREGAMENTO - DATA DE CARREGAMENTO = 2026-05-19 00:00:00
CAMPO ADICIONAL ATUALIZADO: 2ª RETIRADA - CARREGAMENTO - LOCAL = RUA SÃO QUIRINO, 758 - VILA GUILHERME - SÃO PAULO - SP
CAMPO ADICIONAL ATUALIZADO: OPERAÇÃO - DATA DE OPERAÇÃO = 2026-05-20 00:00:00
CAMPO ADICIONAL ATUALIZADO: OPERAÇÃO - LOCAL = RUA SÃO QUIRINO, 758 - VILA GUILHERME - SÃO PAULO - SP
CAMPO ADICIONAL ATUALIZADO: CURSO TÉCNICO - MODALIDADE = -
CAMPO ADICIONAL ATUALIZADO: CURSO TÉCNICO - LOCAL = -
CAMPO ADICIONAL ATUALIZADO: CURSO TÉCNICO - DATA INÍCIO = -
CAMPO ADICIONAL ATUALIZADO: CURSO TÉCNICO - DATA TÉRMINO = -
CAMPO ADICIONAL ATUALIZADO: CURSO TÉCNICO - INSTRUTOR = -
CAMPO ADICIONAL ATUALIZADO: DUPLADO - DATA INÍCIO = -
CAMPO ADICIONAL ATUALIZADO: DUPLADO - DATA TÉRMINO = -
CAMPO ADICIONAL ATUALIZADO: DUPLADO - GER. REGIONAL = -
CAMPO ADICIONAL ATUALIZADO: DUPLADO - LOCAL DE APRESENTAÇÃO = -
CAMPO ADICIONAL ATUALIZADO: CURSO TÉCNICO RETORNO - MODALIDADE = -
CAMPO ADICIONAL ATUALIZADO: CURSO TÉCNICO RETORNO - LOCAL = -
CAMPO ADICIONAL ATUALIZADO: CURSO TÉCNICO RETORNO - DATA INÍCIO = -
CAMPO ADICIONAL ATUALIZADO: CURSO TÉCNICO RETORNO - INSTRUTOR = -
CAMPO ADICIONAL ATUALIZADO: CURSO TÉCNICO RETORNO - DATA TÉRMINO = -
CAMPO ADICIONAL ATUALIZADO: DUPLADO FASE 2 - DATA INÍCIO = -
CAMPO ADICIONAL ATUALIZADO: DUPLADO FASE 2 - DATA TÉRMINO = -
CAMPO ADICIONAL ATUALIZADO: DUPLADO FASE 2 - GER. REGIONAL = -
CAMPO ADICIONAL ATUALIZADO: DUPLADO FASE 2 - LOCAL DE APRESENTAÇÃO = -
Tentativa de login - Login: r060964, Senha: r@11809
Erro ao carregar JSON data\users.json: Expecting ':' delimiter: line 19331 column 20 (char 708381)
Login falhou para: r060964
Salvo data\users.json em 1.202s
UPLOAD COMPLETO: 23 linhas processadas
UPLOAD ESTATÍSTICAS: Atualizados=23, Criados=0
Carregado data\users.json em 0.276s
DEBUG: Iniciando processamento do arquivo: Upload Plataforma Icomon multi.xlsx
DEBUG: Tamanho do arquivo: 0
DEBUG: Tentando ler arquivo Excel...
DEBUG: Arquivo Excel lido com sucesso
Carregado data\users.json em 0.159s
Arquivo carregado em 0.636s - 31 linhas
Processando usuário existente: r061070 (Matrícula: 61070)
SENHA ATUALIZADA: r@65410
CAMPO ADICIONAL ATUALIZADO: CADASTRO - FUNÇÃO = MULTI SKILL OPT CON
CAMPO ADICIONAL ATUALIZADO: CADASTRO - ADMISSÃO = 2026-05-06 00:00:00
CAMPO ADICIONAL ATUALIZADO: CADASTRO - GERENTE REGIONAL = ALISSON DE JESUS CARVALHO
CAMPO ADICIONAL ATUALIZADO: CADASTRO - GERENTE CORPORATIVO = FABIO CONCEICAO DOS SANTOS
CAMPO ADICIONAL ATUALIZADO: INTEGRAÇÃO - MODALIDADE = PRESENCIAL
CAMPO ADICIONAL ATUALIZADO: INTEGRAÇÃO - LOCAL = RUA SÃO QUIRINO, 758 - VILA GUILHERME - SÃO PAULO - SP
CAMPO ADICIONAL ATUALIZADO: INTEGRAÇÃO - DATA INÍCIO = 2026-05-06 00:00:00
CAMPO ADICIONAL ATUALIZADO: INTEGRAÇÃO - DATA TÉRMINO = 2026-05-06 00:00:00
CAMPO ADICIONAL ATUALIZADO: INTEGRAÇÃO - INSTRUTOR = GELSIVAN
CAMPO ADICIONAL ATUALIZADO: 1ª RETIRADA - CARREGAMENTO - LOCAL = RUA ÁLVARO ALVIM, 1123 - PAULICÉIA - SÃO BERNARDO DO CAMPO - SP
CAMPO ADICIONAL ATUALIZADO: 1ª RETIRADA - CARREGAMENTO - DATA DE CARREGAMENTO = 2026-05-13 00:00:00
CAMPO ADICIONAL ATUALIZADO: INTRODUÇÃO A SAÚDE E SEGURANÇA DO TRABALHO - MODALIDADE = ONLINE T2
CAMPO ADICIONAL ATUALIZADO: INTRODUÇÃO A SAÚDE E SEGURANÇA DO TRABALHO - LOCAL = https://teams.microsoft.com/meet/238144599512544?p=NPH77zpsohs8Eugsac
CAMPO ADICIONAL ATUALIZADO: INTRODUÇÃO A SAÚDE E SEGURANÇA DO TRABALHO - DATA INÍCIO = 2026-05-07 00:00:00
CAMPO ADICIONAL ATUALIZADO: INTRODUÇÃO A SAÚDE E SEGURANÇA DO TRABALHO - DATA TÉRMINO = 2026-05-07 00:00:00
CAMPO ADICIONAL ATUALIZADO: INTRODUÇÃO A SAÚDE E SEGURANÇA DO TRABALHO - INSTRUTOR = SESMT
CAMPO ADICIONAL ATUALIZADO: NORMATIVO (ONLINE) - DATA INÍCIO = 2026-05-08 00:00:00
CAMPO ADICIONAL ATUALIZADO: NORMATIVO (ONLINE) - DATA TÉRMINO = 2026-05-12 00:00:00
CAMPO ADICIONAL ATUALIZADO: NORMATIVO (ONLINE) - INSTRUTOR = RODRIGO
CAMPO ADICIONAL ATUALIZADO: NORMATIVO (ONLINE) - ACESSO = https://teams.microsoft.com/meet/223076657036901?p=MZm9fP8B2rcltNC8uf
CAMPO ADICIONAL ATUALIZADO: NORMATIVO (PRESENCIAL) - LOCAL = RUA ÁLVARO ALVIM, 1123 - PAULICÉIA - SÃO BERNARDO DO CAMPO - SP
CAMPO ADICIONAL ATUALIZADO: NORMATIVO (PRESENCIAL) - DATA INÍCIO = 2026-05-13 00:00:00
CAMPO ADICIONAL ATUALIZADO: NORMATIVO (PRESENCIAL) - DATA TÉRMINO = 2026-05-14 00:00:00
CAMPO ADICIONAL ATUALIZADO: NORMATIVO (PRESENCIAL) - INSTRUTOR = RODRIGO
CAMPO ADICIONAL ATUALIZADO: 2ª RETIRADA - CARREGAMENTO - DATA DE CARREGAMENTO = 2026-06-09 00:00:00
CAMPO ADICIONAL ATUALIZADO: 2ª RETIRADA - CARREGAMENTO - LOCAL = RUA SÃO QUIRINO, 758 - VILA GUILHERME - SÃO PAULO - SP
CAMPO ADICIONAL ATUALIZADO: OPERAÇÃO - DATA DE OPERAÇÃO = 2026-06-10 00:00:00
CAMPO ADICIONAL ATUALIZADO: OPERAÇÃO - LOCAL = RUA SÃO QUIRINO, 758 - VILA GUILHERME - SÃO PAULO - SP
CAMPO ADICIONAL ATUALIZADO: CURSO TÉCNICO - MODALIDADE = PRESENCIAL
CAMPO ADICIONAL ATUALIZADO: CURSO TÉCNICO - LOCAL = RUA SÃO QUIRINO, 758 - VILA GUILHERME - SÃO PAULO - SP
CAMPO ADICIONAL ATUALIZADO: CURSO TÉCNICO - DATA INÍCIO = 2026-05-15 00:00:00
CAMPO ADICIONAL ATUALIZADO: CURSO TÉCNICO - DATA TÉRMINO = 2026-05-20 00:00:00
CAMPO ADICIONAL ATUALIZADO: CURSO TÉCNICO - INSTRUTOR = 2026 VIVO T41 GLAUCIO BVG
CAMPO ADICIONAL ATUALIZADO: DUPLADO - DATA INÍCIO = 2026-05-21 00:00:00
CAMPO ADICIONAL ATUALIZADO: DUPLADO - DATA TÉRMINO = 2026-06-03 00:00:00
CAMPO ADICIONAL ATUALIZADO: DUPLADO - GER. REGIONAL = -
CAMPO ADICIONAL ATUALIZADO: DUPLADO - LOCAL DE APRESENTAÇÃO = RUA SÃO QUIRINO, 758 - VILA GUILHERME - SÃO PAULO - SP
CAMPO ADICIONAL ATUALIZADO: CURSO TÉCNICO RETORNO - MODALIDADE = PRESENCIAL
CAMPO ADICIONAL ATUALIZADO: CURSO TÉCNICO RETORNO - LOCAL = RUA SÃO QUIRINO, 758 - VILA GUILHERME - SÃO PAULO - SP
CAMPO ADICIONAL ATUALIZADO: CURSO TÉCNICO RETORNO - DATA INÍCIO = 2026-06-05 00:00:00
CAMPO ADICIONAL ATUALIZADO: CURSO TÉCNICO RETORNO - INSTRUTOR = 2026 VIVO T41 GLAUCIO BVG
CAMPO ADICIONAL ATUALIZADO: CURSO TÉCNICO RETORNO - DATA TÉRMINO = 2026-06-08 00:00:00
CAMPO ADICIONAL ATUALIZADO: DUPLADO FASE 2 - DATA INÍCIO = -
CAMPO ADICIONAL ATUALIZADO: DUPLADO FASE 2 - DATA TÉRMINO = -
CAMPO ADICIONAL ATUALIZADO: DUPLADO FASE 2 - GER. REGIONAL = -
CAMPO ADICIONAL ATUALIZADO: DUPLADO FASE 2 - LOCAL DE APRESENTAÇÃO = -
Processando usuário existente: r061072 (Matrícula: 61072)
SENHA ATUALIZADA: r@18825
CAMPO ADICIONAL ATUALIZADO: CADASTRO - FUNÇÃO = MULTI SKILL OPT CON
CAMPO ADICIONAL ATUALIZADO: CADASTRO - ADMISSÃO = 2026-05-06 00:00:00
CAMPO ADICIONAL ATUALIZADO: CADASTRO - GERENTE REGIONAL = ALISSON DE JESUS CARVALHO
CAMPO ADICIONAL ATUALIZADO: CADASTRO - GERENTE CORPORATIVO = FABIO CONCEICAO DOS SANTOS
CAMPO ADICIONAL ATUALIZADO: INTEGRAÇÃO - MODALIDADE = PRESENCIAL
CAMPO ADICIONAL ATUALIZADO: INTEGRAÇÃO - LOCAL = RUA SÃO QUIRINO, 758 - VILA GUILHERME - SÃO PAULO - SP
CAMPO ADICIONAL ATUALIZADO: INTEGRAÇÃO - DATA INÍCIO = 2026-05-06 00:00:00
CAMPO ADICIONAL ATUALIZADO: INTEGRAÇÃO - DATA TÉRMINO = 2026-05-06 00:00:00
CAMPO ADICIONAL ATUALIZADO: INTEGRAÇÃO - INSTRUTOR = GELSIVAN
CAMPO ADICIONAL ATUALIZADO: 1ª RETIRADA - CARREGAMENTO - LOCAL = RUA ÁLVARO ALVIM, 1123 - PAULICÉIA - SÃO BERNARDO DO CAMPO - SP
CAMPO ADICIONAL ATUALIZADO: 1ª RETIRADA - CARREGAMENTO - DATA DE CARREGAMENTO = 2026-05-13 00:00:00
CAMPO ADICIONAL ATUALIZADO: INTRODUÇÃO A SAÚDE E SEGURANÇA DO TRABALHO - MODALIDADE = ONLINE T2
CAMPO ADICIONAL ATUALIZADO: INTRODUÇÃO A SAÚDE E SEGURANÇA DO TRABALHO - LOCAL = https://teams.microsoft.com/meet/238144599512544?p=NPH77zpsohs8Eugsac
CAMPO ADICIONAL ATUALIZADO: INTRODUÇÃO A SAÚDE E SEGURANÇA DO TRABALHO - DATA INÍCIO = 2026-05-07 00:00:00
CAMPO ADICIONAL ATUALIZADO: INTRODUÇÃO A SAÚDE E SEGURANÇA DO TRABALHO - DATA TÉRMINO = 2026-05-07 00:00:00
CAMPO ADICIONAL ATUALIZADO: INTRODUÇÃO A SAÚDE E SEGURANÇA DO TRABALHO - INSTRUTOR = SESMT
CAMPO ADICIONAL ATUALIZADO: NORMATIVO (ONLINE) - DATA INÍCIO = 2026-05-08 00:00:00
CAMPO ADICIONAL ATUALIZADO: NORMATIVO (ONLINE) - DATA TÉRMINO = 2026-05-12 00:00:00
CAMPO ADICIONAL ATUALIZADO: NORMATIVO (ONLINE) - INSTRUTOR = RODRIGO
CAMPO ADICIONAL ATUALIZADO: NORMATIVO (ONLINE) - ACESSO = https://teams.microsoft.com/meet/223076657036901?p=MZm9fP8B2rcltNC8uf
CAMPO ADICIONAL ATUALIZADO: NORMATIVO (PRESENCIAL) - LOCAL = RUA ÁLVARO ALVIM, 1123 - PAULICÉIA - SÃO BERNARDO DO CAMPO - SP
CAMPO ADICIONAL ATUALIZADO: NORMATIVO (PRESENCIAL) - DATA INÍCIO = 2026-05-13 00:00:00
CAMPO ADICIONAL ATUALIZADO: NORMATIVO (PRESENCIAL) - DATA TÉRMINO = 2026-05-14 00:00:00
CAMPO ADICIONAL ATUALIZADO: NORMATIVO (PRESENCIAL) - INSTRUTOR = RODRIGO
CAMPO ADICIONAL ATUALIZADO: 2ª RETIRADA - CARREGAMENTO - DATA DE CARREGAMENTO = 2026-06-09 00:00:00
CAMPO ADICIONAL ATUALIZADO: 2ª RETIRADA - CARREGAMENTO - LOCAL = RUA SÃO QUIRINO, 758 - VILA GUILHERME - SÃO PAULO - SP
CAMPO ADICIONAL ATUALIZADO: OPERAÇÃO - DATA DE OPERAÇÃO = 2026-06-10 00:00:00
CAMPO ADICIONAL ATUALIZADO: OPERAÇÃO - LOCAL = RUA SÃO QUIRINO, 758 - VILA GUILHERME - SÃO PAULO - SP
CAMPO ADICIONAL ATUALIZADO: CURSO TÉCNICO - MODALIDADE = PRESENCIAL
CAMPO ADICIONAL ATUALIZADO: CURSO TÉCNICO - LOCAL = RUA SÃO QUIRINO, 758 - VILA GUILHERME - SÃO PAULO - SP
CAMPO ADICIONAL ATUALIZADO: CURSO TÉCNICO - DATA INÍCIO = 2026-05-15 00:00:00
CAMPO ADICIONAL ATUALIZADO: CURSO TÉCNICO - DATA TÉRMINO = 2026-05-20 00:00:00
CAMPO ADICIONAL ATUALIZADO: CURSO TÉCNICO - INSTRUTOR = 2026 VIVO T41 GLAUCIO BVG
CAMPO ADICIONAL ATUALIZADO: DUPLADO - DATA INÍCIO = 2026-05-21 00:00:00
CAMPO ADICIONAL ATUALIZADO: DUPLADO - DATA TÉRMINO = 2026-06-03 00:00:00
CAMPO ADICIONAL ATUALIZADO: DUPLADO - GER. REGIONAL = -
CAMPO ADICIONAL ATUALIZADO: DUPLADO - LOCAL DE APRESENTAÇÃO = RUA SÃO QUIRINO, 758 - VILA GUILHERME - SÃO PAULO - SP
CAMPO ADICIONAL ATUALIZADO: CURSO TÉCNICO RETORNO - MODALIDADE = PRESENCIAL
CAMPO ADICIONAL ATUALIZADO: CURSO TÉCNICO RETORNO - LOCAL = RUA SÃO QUIRINO, 758 - VILA GUILHERME - SÃO PAULO - SP
CAMPO ADICIONAL ATUALIZADO: CURSO TÉCNICO RETORNO - DATA INÍCIO = 2026-06-05 00:00:00
CAMPO ADICIONAL ATUALIZADO: CURSO TÉCNICO RETORNO - INSTRUTOR = 2026 VIVO T41 GLAUCIO BVG
CAMPO ADICIONAL ATUALIZADO: CURSO TÉCNICO RETORNO - DATA TÉRMINO = 2026-06-08 00:00:00
CAMPO ADICIONAL ATUALIZADO: DUPLADO FASE 2 - DATA INÍCIO = -
CAMPO ADICIONAL ATUALIZADO: DUPLADO FASE 2 - DATA TÉRMINO = -
CAMPO ADICIONAL ATUALIZADO: DUPLADO FASE 2 - GER. REGIONAL = -
CAMPO ADICIONAL ATUALIZADO: DUPLADO FASE 2 - LOCAL DE APRESENTAÇÃO = -
Processando usuário existente: r061078 (Matrícula: 61078)
SENHA ATUALIZADA: r@28807
CAMPO ADICIONAL ATUALIZADO: CADASTRO - FUNÇÃO = MULTI SKILL OPT CON
CAMPO ADICIONAL ATUALIZADO: CADASTRO - ADMISSÃO = 2026-05-06 00:00:00
CAMPO ADICIONAL ATUALIZADO: CADASTRO - GERENTE REGIONAL = ANDRE FLOR GOMES
CAMPO ADICIONAL ATUALIZADO: CADASTRO - GERENTE CORPORATIVO = ODLEI RICARDO DOS REIS
CAMPO ADICIONAL ATUALIZADO: INTEGRAÇÃO - MODALIDADE = PRESENCIAL
CAMPO ADICIONAL ATUALIZADO: INTEGRAÇÃO - LOCAL = RUA SÃO QUIRINO, 758 - VILA GUILHERME - SÃO PAULO - SP
CAMPO ADICIONAL ATUALIZADO: INTEGRAÇÃO - DATA INÍCIO = 2026-05-06 00:00:00
CAMPO ADICIONAL ATUALIZADO: INTEGRAÇÃO - DATA TÉRMINO = 2026-05-06 00:00:00
CAMPO ADICIONAL ATUALIZADO: INTEGRAÇÃO - INSTRUTOR = GELSIVAN
CAMPO ADICIONAL ATUALIZADO: 1ª RETIRADA - CARREGAMENTO - LOCAL = RUA SÃO QUIRINO, 758 - VILA GUILHERME - SÃO PAULO - SP
CAMPO ADICIONAL ATUALIZADO: 1ª RETIRADA - CARREGAMENTO - DATA DE CARREGAMENTO = 2026-05-13 00:00:00
CAMPO ADICIONAL ATUALIZADO: INTRODUÇÃO A SAÚDE E SEGURANÇA DO TRABALHO - MODALIDADE = ONLINE T2
CAMPO ADICIONAL ATUALIZADO: INTRODUÇÃO A SAÚDE E SEGURANÇA DO TRABALHO - LOCAL = https://teams.microsoft.com/meet/238144599512544?p=NPH77zpsohs8Eugsac
CAMPO ADICIONAL ATUALIZADO: INTRODUÇÃO A SAÚDE E SEGURANÇA DO TRABALHO - DATA INÍCIO = 2026-05-07 00:00:00
CAMPO ADICIONAL ATUALIZADO: INTRODUÇÃO A SAÚDE E SEGURANÇA DO TRABALHO - DATA TÉRMINO = 2026-05-07 00:00:00
CAMPO ADICIONAL ATUALIZADO: INTRODUÇÃO A SAÚDE E SEGURANÇA DO TRABALHO - INSTRUTOR = SESMT
CAMPO ADICIONAL ATUALIZADO: NORMATIVO (ONLINE) - DATA INÍCIO = 2026-05-08 00:00:00
CAMPO ADICIONAL ATUALIZADO: NORMATIVO (ONLINE) - DATA TÉRMINO = 2026-05-12 00:00:00
CAMPO ADICIONAL ATUALIZADO: NORMATIVO (ONLINE) - INSTRUTOR = RODRIGO
CAMPO ADICIONAL ATUALIZADO: NORMATIVO (ONLINE) - ACESSO = https://teams.microsoft.com/meet/223076657036901?p=MZm9fP8B2rcltNC8uf
CAMPO ADICIONAL ATUALIZADO: NORMATIVO (PRESENCIAL) - LOCAL = RUA SÃO QUIRINO, 758 - VILA GUILHERME - SÃO PAULO - SP
CAMPO ADICIONAL ATUALIZADO: NORMATIVO (PRESENCIAL) - DATA INÍCIO = 2026-05-13 00:00:00
CAMPO ADICIONAL ATUALIZADO: NORMATIVO (PRESENCIAL) - DATA TÉRMINO = 2026-05-14 00:00:00
CAMPO ADICIONAL ATUALIZADO: NORMATIVO (PRESENCIAL) - INSTRUTOR = RODRIGO
CAMPO ADICIONAL ATUALIZADO: 2ª RETIRADA - CARREGAMENTO - DATA DE CARREGAMENTO = 2026-06-09 00:00:00
CAMPO ADICIONAL ATUALIZADO: 2ª RETIRADA - CARREGAMENTO - LOCAL = RUA SÃO QUIRINO, 758 - VILA GUILHERME - SÃO PAULO - SP
CAMPO ADICIONAL ATUALIZADO: OPERAÇÃO - DATA DE OPERAÇÃO = 2026-06-10 00:00:00
CAMPO ADICIONAL ATUALIZADO: OPERAÇÃO - LOCAL = RUA ÁLVARO ALVIM, 1123 - PAULICÉIA - SÃO BERNARDO DO CAMPO - SP
CAMPO ADICIONAL ATUALIZADO: CURSO TÉCNICO - MODALIDADE = PRESENCIAL
CAMPO ADICIONAL ATUALIZADO: CURSO TÉCNICO - LOCAL = RUA SÃO QUIRINO, 758 - VILA GUILHERME - SÃO PAULO - SP
CAMPO ADICIONAL ATUALIZADO: CURSO TÉCNICO - DATA INÍCIO = 2026-05-15 00:00:00
CAMPO ADICIONAL ATUALIZADO: CURSO TÉCNICO - DATA TÉRMINO = 2026-05-20 00:00:00
CAMPO ADICIONAL ATUALIZADO: CURSO TÉCNICO - INSTRUTOR = 2026 VIVO T41 GLAUCIO BVG
CAMPO ADICIONAL ATUALIZADO: DUPLADO - DATA INÍCIO = 2026-05-21 00:00:00
CAMPO ADICIONAL ATUALIZADO: DUPLADO - DATA TÉRMINO = 2026-06-03 00:00:00
CAMPO ADICIONAL ATUALIZADO: DUPLADO - GER. REGIONAL = -
CAMPO ADICIONAL ATUALIZADO: DUPLADO - LOCAL DE APRESENTAÇÃO = RUA ÁLVARO ALVIM, 1123 - PAULICÉIA - SÃO BERNARDO DO CAMPO - SP
CAMPO ADICIONAL ATUALIZADO: CURSO TÉCNICO RETORNO - MODALIDADE = PRESENCIAL
CAMPO ADICIONAL ATUALIZADO: CURSO TÉCNICO RETORNO - LOCAL = RUA ÁLVARO ALVIM, 1123 - PAULICÉIA - SÃO BERNARDO DO CAMPO - SP
CAMPO ADICIONAL ATUALIZADO: CURSO TÉCNICO RETORNO - DATA INÍCIO = 2026-06-05 00:00:00
CAMPO ADICIONAL ATUALIZADO: CURSO TÉCNICO RETORNO - INSTRUTOR = 2026 VIVO T41 GLAUCIO BVG
CAMPO ADICIONAL ATUALIZADO: CURSO TÉCNICO RETORNO - DATA TÉRMINO = 2026-06-08 00:00:00
CAMPO ADICIONAL ATUALIZADO: DUPLADO FASE 2 - DATA INÍCIO = -
CAMPO ADICIONAL ATUALIZADO: DUPLADO FASE 2 - DATA TÉRMINO = -
CAMPO ADICIONAL ATUALIZADO: DUPLADO FASE 2 - GER. REGIONAL = -
CAMPO ADICIONAL ATUALIZADO: DUPLADO FASE 2 - LOCAL DE APRESENTAÇÃO = -
Processando usuário existente: r061079 (Matrícula: 61079)
SENHA ATUALIZADA: r@96875
CAMPO ADICIONAL ATUALIZADO: CADASTRO - FUNÇÃO = MULTI SKILL OPT CON
CAMPO ADICIONAL ATUALIZADO: CADASTRO - ADMISSÃO = 2026-05-06 00:00:00
CAMPO ADICIONAL ATUALIZADO: CADASTRO - GERENTE REGIONAL = ALISSON DE JESUS CARVALHO
CAMPO ADICIONAL ATUALIZADO: CADASTRO - GERENTE CORPORATIVO = FABIO CONCEICAO DOS SANTOS
CAMPO ADICIONAL ATUALIZADO: INTEGRAÇÃO - MODALIDADE = PRESENCIAL
CAMPO ADICIONAL ATUALIZADO: INTEGRAÇÃO - LOCAL = RUA SÃO QUIRINO, 758 - VILA GUILHERME - SÃO PAULO - SP
CAMPO ADICIONAL ATUALIZADO: INTEGRAÇÃO - DATA INÍCIO = 2026-05-06 00:00:00
CAMPO ADICIONAL ATUALIZADO: INTEGRAÇÃO - DATA TÉRMINO = 2026-05-06 00:00:00
CAMPO ADICIONAL ATUALIZADO: INTEGRAÇÃO - INSTRUTOR = GELSIVAN
CAMPO ADICIONAL ATUALIZADO: 1ª RETIRADA - CARREGAMENTO - LOCAL = RUA SÃO QUIRINO, 758 - VILA GUILHERME - SÃO PAULO - SP
CAMPO ADICIONAL ATUALIZADO: 1ª RETIRADA - CARREGAMENTO - DATA DE CARREGAMENTO = 2026-05-13 00:00:00
CAMPO ADICIONAL ATUALIZADO: INTRODUÇÃO A SAÚDE E SEGURANÇA DO TRABALHO - MODALIDADE = ONLINE T2
CAMPO ADICIONAL ATUALIZADO: INTRODUÇÃO A SAÚDE E SEGURANÇA DO TRABALHO - LOCAL = https://teams.microsoft.com/meet/238144599512544?p=NPH77zpsohs8Eugsac
CAMPO ADICIONAL ATUALIZADO: INTRODUÇÃO A SAÚDE E SEGURANÇA DO TRABALHO - DATA INÍCIO = 2026-05-07 00:00:00
CAMPO ADICIONAL ATUALIZADO: INTRODUÇÃO A SAÚDE E SEGURANÇA DO TRABALHO - DATA TÉRMINO = 2026-05-07 00:00:00
CAMPO ADICIONAL ATUALIZADO: INTRODUÇÃO A SAÚDE E SEGURANÇA DO TRABALHO - INSTRUTOR = SESMT
CAMPO ADICIONAL ATUALIZADO: NORMATIVO (ONLINE) - DATA INÍCIO = 2026-05-08 00:00:00
CAMPO ADICIONAL ATUALIZADO: NORMATIVO (ONLINE) - DATA TÉRMINO = 2026-05-12 00:00:00
CAMPO ADICIONAL ATUALIZADO: NORMATIVO (ONLINE) - INSTRUTOR = RODRIGO
CAMPO ADICIONAL ATUALIZADO: NORMATIVO (ONLINE) - ACESSO = https://teams.microsoft.com/meet/223076657036901?p=MZm9fP8B2rcltNC8uf
CAMPO ADICIONAL ATUALIZADO: NORMATIVO (PRESENCIAL) - LOCAL = RUA SÃO QUIRINO, 758 - VILA GUILHERME - SÃO PAULO - SP
CAMPO ADICIONAL ATUALIZADO: NORMATIVO (PRESENCIAL) - DATA INÍCIO = 2026-05-13 00:00:00
CAMPO ADICIONAL ATUALIZADO: NORMATIVO (PRESENCIAL) - DATA TÉRMINO = 2026-05-14 00:00:00
CAMPO ADICIONAL ATUALIZADO: NORMATIVO (PRESENCIAL) - INSTRUTOR = RODRIGO
CAMPO ADICIONAL ATUALIZADO: 2ª RETIRADA - CARREGAMENTO - DATA DE CARREGAMENTO = 2026-06-09 00:00:00
CAMPO ADICIONAL ATUALIZADO: 2ª RETIRADA - CARREGAMENTO - LOCAL = RUA SÃO QUIRINO, 758 - VILA GUILHERME - SÃO PAULO - SP
CAMPO ADICIONAL ATUALIZADO: OPERAÇÃO - DATA DE OPERAÇÃO = 2026-06-10 00:00:00
CAMPO ADICIONAL ATUALIZADO: OPERAÇÃO - LOCAL = RUA SÃO QUIRINO, 758 - VILA GUILHERME - SÃO PAULO - SP
CAMPO ADICIONAL ATUALIZADO: CURSO TÉCNICO - MODALIDADE = PRESENCIAL
CAMPO ADICIONAL ATUALIZADO: CURSO TÉCNICO - LOCAL = RUA SÃO QUIRINO, 758 - VILA GUILHERME - SÃO PAULO - SP
CAMPO ADICIONAL ATUALIZADO: CURSO TÉCNICO - DATA INÍCIO = 2026-05-15 00:00:00
CAMPO ADICIONAL ATUALIZADO: CURSO TÉCNICO - DATA TÉRMINO = 2026-05-20 00:00:00
CAMPO ADICIONAL ATUALIZADO: CURSO TÉCNICO - INSTRUTOR = 2026 VIVO T41 GLAUCIO BVG
CAMPO ADICIONAL ATUALIZADO: DUPLADO - DATA INÍCIO = 2026-05-21 00:00:00
CAMPO ADICIONAL ATUALIZADO: DUPLADO - DATA TÉRMINO = 2026-06-03 00:00:00
CAMPO ADICIONAL ATUALIZADO: DUPLADO - GER. REGIONAL = -
CAMPO ADICIONAL ATUALIZADO: DUPLADO - LOCAL DE APRESENTAÇÃO = RUA SÃO QUIRINO, 758 - VILA GUILHERME - SÃO PAULO - SP
CAMPO ADICIONAL ATUALIZADO: CURSO TÉCNICO RETORNO - MODALIDADE = PRESENCIAL
CAMPO ADICIONAL ATUALIZADO: CURSO TÉCNICO RETORNO - LOCAL = RUA SÃO QUIRINO, 758 - VILA GUILHERME - SÃO PAULO - SP
CAMPO ADICIONAL ATUALIZADO: CURSO TÉCNICO RETORNO - DATA INÍCIO = 2026-06-05 00:00:00
CAMPO ADICIONAL ATUALIZADO: CURSO TÉCNICO RETORNO - INSTRUTOR = 2026 VIVO T41 GLAUCIO BVG
CAMPO ADICIONAL ATUALIZADO: CURSO TÉCNICO RETORNO - DATA TÉRMINO = 2026-06-08 00:00:00
CAMPO ADICIONAL ATUALIZADO: DUPLADO FASE 2 - DATA INÍCIO = -
CAMPO ADICIONAL ATUALIZADO: DUPLADO FASE 2 - DATA TÉRMINO = -
CAMPO ADICIONAL ATUALIZADO: DUPLADO FASE 2 - GER. REGIONAL = -
CAMPO ADICIONAL ATUALIZADO: DUPLADO FASE 2 - LOCAL DE APRESENTAÇÃO = -
Processando usuário existente: r061083 (Matrícula: 61083)
SENHA ATUALIZADA: r@56813
CAMPO ADICIONAL ATUALIZADO: CADASTRO - FUNÇÃO = MULTI SKILL OPT CON
CAMPO ADICIONAL ATUALIZADO: CADASTRO - ADMISSÃO = 2026-05-06 00:00:00
CAMPO ADICIONAL ATUALIZADO: CADASTRO - GERENTE REGIONAL = ALEXANDRE LYSAK
CAMPO ADICIONAL ATUALIZADO: CADASTRO - GERENTE CORPORATIVO = JANA ROSA DE ALMEIDA SIZOTTO
CAMPO ADICIONAL ATUALIZADO: INTEGRAÇÃO - MODALIDADE = PRESENCIAL
CAMPO ADICIONAL ATUALIZADO: INTEGRAÇÃO - LOCAL = RUA SÃO QUIRINO, 758 - VILA GUILHERME - SÃO PAULO - SP
CAMPO ADICIONAL ATUALIZADO: INTEGRAÇÃO - DATA INÍCIO = 2026-05-06 00:00:00
CAMPO ADICIONAL ATUALIZADO: INTEGRAÇÃO - DATA TÉRMINO = 2026-05-06 00:00:00
CAMPO ADICIONAL ATUALIZADO: INTEGRAÇÃO - INSTRUTOR = GELSIVAN
CAMPO ADICIONAL ATUALIZADO: 1ª RETIRADA - CARREGAMENTO - LOCAL = RUA SÃO QUIRINO, 758 - VILA GUILHERME - SÃO PAULO - SP
CAMPO ADICIONAL ATUALIZADO: 1ª RETIRADA - CARREGAMENTO - DATA DE CARREGAMENTO = 2026-05-13 00:00:00
CAMPO ADICIONAL ATUALIZADO: INTRODUÇÃO A SAÚDE E SEGURANÇA DO TRABALHO - MODALIDADE = ONLINE T2
CAMPO ADICIONAL ATUALIZADO: INTRODUÇÃO A SAÚDE E SEGURANÇA DO TRABALHO - LOCAL = https://teams.microsoft.com/meet/238144599512544?p=NPH77zpsohs8Eugsac
CAMPO ADICIONAL ATUALIZADO: INTRODUÇÃO A SAÚDE E SEGURANÇA DO TRABALHO - DATA INÍCIO = 2026-05-07 00:00:00
CAMPO ADICIONAL ATUALIZADO: INTRODUÇÃO A SAÚDE E SEGURANÇA DO TRABALHO - DATA TÉRMINO = 2026-05-07 00:00:00
CAMPO ADICIONAL ATUALIZADO: INTRODUÇÃO A SAÚDE E SEGURANÇA DO TRABALHO - INSTRUTOR = SESMT
CAMPO ADICIONAL ATUALIZADO: NORMATIVO (ONLINE) - DATA INÍCIO = 2026-05-08 00:00:00
CAMPO ADICIONAL ATUALIZADO: NORMATIVO (ONLINE) - DATA TÉRMINO = 2026-05-12 00:00:00
CAMPO ADICIONAL ATUALIZADO: NORMATIVO (ONLINE) - INSTRUTOR = RODRIGO
CAMPO ADICIONAL ATUALIZADO: NORMATIVO (ONLINE) - ACESSO = https://teams.microsoft.com/meet/223076657036901?p=MZm9fP8B2rcltNC8uf
CAMPO ADICIONAL ATUALIZADO: NORMATIVO (PRESENCIAL) - LOCAL = RUA SÃO QUIRINO, 758 - VILA GUILHERME - SÃO PAULO - SP
CAMPO ADICIONAL ATUALIZADO: NORMATIVO (PRESENCIAL) - DATA INÍCIO = 2026-05-13 00:00:00
CAMPO ADICIONAL ATUALIZADO: NORMATIVO (PRESENCIAL) - DATA TÉRMINO = 2026-05-14 00:00:00
CAMPO ADICIONAL ATUALIZADO: NORMATIVO (PRESENCIAL) - INSTRUTOR = RODRIGO
CAMPO ADICIONAL ATUALIZADO: 2ª RETIRADA - CARREGAMENTO - DATA DE CARREGAMENTO = 2026-06-09 00:00:00
CAMPO ADICIONAL ATUALIZADO: 2ª RETIRADA - CARREGAMENTO - LOCAL = RUA SÃO QUIRINO, 758 - VILA GUILHERME - SÃO PAULO - SP
CAMPO ADICIONAL ATUALIZADO: OPERAÇÃO - DATA DE OPERAÇÃO = 2026-06-10 00:00:00
CAMPO ADICIONAL ATUALIZADO: OPERAÇÃO - LOCAL = RUA SÃO QUIRINO, 758 - VILA GUILHERME - SÃO PAULO - SP
CAMPO ADICIONAL ATUALIZADO: CURSO TÉCNICO - MODALIDADE = PRESENCIAL
CAMPO ADICIONAL ATUALIZADO: CURSO TÉCNICO - LOCAL = RUA SÃO QUIRINO, 758 - VILA GUILHERME - SÃO PAULO - SP
CAMPO ADICIONAL ATUALIZADO: CURSO TÉCNICO - DATA INÍCIO = 2026-05-15 00:00:00
CAMPO ADICIONAL ATUALIZADO: CURSO TÉCNICO - DATA TÉRMINO = 2026-05-20 00:00:00
CAMPO ADICIONAL ATUALIZADO: CURSO TÉCNICO - INSTRUTOR = 2026 VIVO T41 GLAUCIO BVG
CAMPO ADICIONAL ATUALIZADO: DUPLADO - DATA INÍCIO = 2026-05-21 00:00:00
CAMPO ADICIONAL ATUALIZADO: DUPLADO - DATA TÉRMINO = 2026-06-03 00:00:00
CAMPO ADICIONAL ATUALIZADO: DUPLADO - GER. REGIONAL = -
CAMPO ADICIONAL ATUALIZADO: DUPLADO - LOCAL DE APRESENTAÇÃO = RUA SÃO QUIRINO, 758 - VILA GUILHERME - SÃO PAULO - SP
CAMPO ADICIONAL ATUALIZADO: CURSO TÉCNICO RETORNO - MODALIDADE = PRESENCIAL
CAMPO ADICIONAL ATUALIZADO: CURSO TÉCNICO RETORNO - LOCAL = RUA SÃO QUIRINO, 758 - VILA GUILHERME - SÃO PAULO - SP
CAMPO ADICIONAL ATUALIZADO: CURSO TÉCNICO RETORNO - DATA INÍCIO = 2026-06-05 00:00:00
CAMPO ADICIONAL ATUALIZADO: CURSO TÉCNICO RETORNO - INSTRUTOR = 2026 VIVO T41 GLAUCIO BVG
CAMPO ADICIONAL ATUALIZADO: CURSO TÉCNICO RETORNO - DATA TÉRMINO = 2026-06-08 00:00:00
CAMPO ADICIONAL ATUALIZADO: DUPLADO FASE 2 - DATA INÍCIO = -
CAMPO ADICIONAL ATUALIZADO: DUPLADO FASE 2 - DATA TÉRMINO = -
CAMPO ADICIONAL ATUALIZADO: DUPLADO FASE 2 - GER. REGIONAL = -
CAMPO ADICIONAL ATUALIZADO: DUPLADO FASE 2 - LOCAL DE APRESENTAÇÃO = -
Processando usuário existente: r061066 (Matrícula: 61066)
Tentativa de login - Login: r060964, Senha: Mari@julia0209
Carregado data\users.json em 0.228s
USUARIO ENCONTRADO: r060964 (ID: 378)
Hash: scrypt:32768:8:1$NlHKB9uzARpH2ELX$c9d6198e03360c90...
SENHA ATUALIZADA: r@68814
CAMPO ADICIONAL ATUALIZADO: CADASTRO - FUNÇÃO = MULTI SKILL OPT CON
CAMPO ADICIONAL ATUALIZADO: CADASTRO - ADMISSÃO = 2026-05-06 00:00:00
CAMPO ADICIONAL ATUALIZADO: CADASTRO - GERENTE REGIONAL = ANDRE FLOR GOMES
CAMPO ADICIONAL ATUALIZADO: CADASTRO - GERENTE CORPORATIVO = ODLEI RICARDO DOS REIS
CAMPO ADICIONAL ATUALIZADO: INTEGRAÇÃO - MODALIDADE = PRESENCIAL
CAMPO ADICIONAL ATUALIZADO: INTEGRAÇÃO - LOCAL = RUA SÃO QUIRINO, 758 - VILA GUILHERME - SÃO PAULO - SP
CAMPO ADICIONAL ATUALIZADO: INTEGRAÇÃO - DATA INÍCIO = 2026-05-06 00:00:00
CAMPO ADICIONAL ATUALIZADO: INTEGRAÇÃO - DATA TÉRMINO = 2026-05-06 00:00:00
CAMPO ADICIONAL ATUALIZADO: INTEGRAÇÃO - INSTRUTOR = GELSIVAN
CAMPO ADICIONAL ATUALIZADO: 1ª RETIRADA - CARREGAMENTO - LOCAL = RUA ÁLVARO ALVIM, 1123 - PAULICÉIA - SÃO BERNARDO DO CAMPO - SP
CAMPO ADICIONAL ATUALIZADO: 1ª RETIRADA - CARREGAMENTO - DATA DE CARREGAMENTO = 2026-05-13 00:00:00
CAMPO ADICIONAL ATUALIZADO: INTRODUÇÃO A SAÚDE E SEGURANÇA DO TRABALHO - MODALIDADE = ONLINE T2
CAMPO ADICIONAL ATUALIZADO: INTRODUÇÃO A SAÚDE E SEGURANÇA DO TRABALHO - LOCAL = https://teams.microsoft.com/meet/238144599512544?p=NPH77zpsohs8Eugsac
CAMPO ADICIONAL ATUALIZADO: INTRODUÇÃO A SAÚDE E SEGURANÇA DO TRABALHO - DATA INÍCIO = 2026-05-07 00:00:00
CAMPO ADICIONAL ATUALIZADO: INTRODUÇÃO A SAÚDE E SEGURANÇA DO TRABALHO - DATA TÉRMINO = 2026-05-07 00:00:00
CAMPO ADICIONAL ATUALIZADO: INTRODUÇÃO A SAÚDE E SEGURANÇA DO TRABALHO - INSTRUTOR = SESMT
CAMPO ADICIONAL ATUALIZADO: NORMATIVO (ONLINE) - DATA INÍCIO = 2026-05-08 00:00:00
CAMPO ADICIONAL ATUALIZADO: NORMATIVO (ONLINE) - DATA TÉRMINO = 2026-05-12 00:00:00
CAMPO ADICIONAL ATUALIZADO: NORMATIVO (ONLINE) - INSTRUTOR = RODRIGO
CAMPO ADICIONAL ATUALIZADO: NORMATIVO (ONLINE) - ACESSO = https://teams.microsoft.com/meet/223076657036901?p=MZm9fP8B2rcltNC8uf
CAMPO ADICIONAL ATUALIZADO: NORMATIVO (PRESENCIAL) - LOCAL = RUA ÁLVARO ALVIM, 1123 - PAULICÉIA - SÃO BERNARDO DO CAMPO - SP
CAMPO ADICIONAL ATUALIZADO: NORMATIVO (PRESENCIAL) - DATA INÍCIO = 2026-05-13 00:00:00
CAMPO ADICIONAL ATUALIZADO: NORMATIVO (PRESENCIAL) - DATA TÉRMINO = 2026-05-14 00:00:00
CAMPO ADICIONAL ATUALIZADO: NORMATIVO (PRESENCIAL) - INSTRUTOR = RODRIGO
CAMPO ADICIONAL ATUALIZADO: 2ª RETIRADA - CARREGAMENTO - DATA DE CARREGAMENTO = 2026-06-09 00:00:00
CAMPO ADICIONAL ATUALIZADO: 2ª RETIRADA - CARREGAMENTO - LOCAL = RUA SÃO QUIRINO, 758 - VILA GUILHERME - SÃO PAULO - SP
CAMPO ADICIONAL ATUALIZADO: OPERAÇÃO - DATA DE OPERAÇÃO = 2026-06-10 00:00:00
CAMPO ADICIONAL ATUALIZADO: OPERAÇÃO - LOCAL = RUA ÁLVARO ALVIM, 1123 - PAULICÉIA - SÃO BERNARDO DO CAMPO - SP
CAMPO ADICIONAL ATUALIZADO: CURSO TÉCNICO - MODALIDADE = PRESENCIAL
CAMPO ADICIONAL ATUALIZADO: CURSO TÉCNICO - LOCAL = RUA SÃO QUIRINO, 758 - VILA GUILHERME - SÃO PAULO - SP
CAMPO ADICIONAL ATUALIZADO: CURSO TÉCNICO - DATA INÍCIO = 2026-05-15 00:00:00
CAMPO ADICIONAL ATUALIZADO: CURSO TÉCNICO - DATA TÉRMINO = 2026-05-20 00:00:00
CAMPO ADICIONAL ATUALIZADO: CURSO TÉCNICO - INSTRUTOR = 2026 VIVO T41 GLAUCIO BVG
CAMPO ADICIONAL ATUALIZADO: DUPLADO - DATA INÍCIO = 2026-05-21 00:00:00
CAMPO ADICIONAL ATUALIZADO: DUPLADO - DATA TÉRMINO = 2026-06-03 00:00:00
CAMPO ADICIONAL ATUALIZADO: DUPLADO - GER. REGIONAL = -
CAMPO ADICIONAL ATUALIZADO: DUPLADO - LOCAL DE APRESENTAÇÃO = RUA ÁLVARO ALVIM, 1123 - PAULICÉIA - SÃO BERNARDO DO CAMPO - SP
CAMPO ADICIONAL ATUALIZADO: CURSO TÉCNICO RETORNO - MODALIDADE = PRESENCIAL
CAMPO ADICIONAL ATUALIZADO: CURSO TÉCNICO RETORNO - LOCAL = RUA ÁLVARO ALVIM, 1123 - PAULICÉIA - SÃO BERNARDO DO CAMPO - SP
CAMPO ADICIONAL ATUALIZADO: CURSO TÉCNICO RETORNO - DATA INÍCIO = 2026-06-05 00:00:00
CAMPO ADICIONAL ATUALIZADO: CURSO TÉCNICO RETORNO - INSTRUTOR = 2026 VIVO T41 GLAUCIO BVG
CAMPO ADICIONAL ATUALIZADO: CURSO TÉCNICO RETORNO - DATA TÉRMINO = 2026-06-08 00:00:00
CAMPO ADICIONAL ATUALIZADO: DUPLADO FASE 2 - DATA INÍCIO = -
CAMPO ADICIONAL ATUALIZADO: DUPLADO FASE 2 - DATA TÉRMINO = -
CAMPO ADICIONAL ATUALIZADO: DUPLADO FASE 2 - GER. REGIONAL = -
CAMPO ADICIONAL ATUALIZADO: DUPLADO FASE 2 - LOCAL DE APRESENTAÇÃO = -
Processando usuário existente: r061067 (Matrícula: 61067)
VERIFICACAO SENHA: False
Login falhou para: r060964
SENHA ATUALIZADA: r@63852
CAMPO ADICIONAL ATUALIZADO: CADASTRO - FUNÇÃO = MULTI SKILL OPT CON
CAMPO ADICIONAL ATUALIZADO: CADASTRO - ADMISSÃO = 2026-05-06 00:00:00
CAMPO ADICIONAL ATUALIZADO: CADASTRO - GERENTE REGIONAL = ANDRE FLOR GOMES
CAMPO ADICIONAL ATUALIZADO: CADASTRO - GERENTE CORPORATIVO = ODLEI RICARDO DOS REIS
CAMPO ADICIONAL ATUALIZADO: INTEGRAÇÃO - MODALIDADE = PRESENCIAL
CAMPO ADICIONAL ATUALIZADO: INTEGRAÇÃO - LOCAL = RUA SÃO QUIRINO, 758 - VILA GUILHERME - SÃO PAULO - SP
CAMPO ADICIONAL ATUALIZADO: INTEGRAÇÃO - DATA INÍCIO = 2026-05-06 00:00:00
CAMPO ADICIONAL ATUALIZADO: INTEGRAÇÃO - DATA TÉRMINO = 2026-05-06 00:00:00
CAMPO ADICIONAL ATUALIZADO: INTEGRAÇÃO - INSTRUTOR = GELSIVAN
CAMPO ADICIONAL ATUALIZADO: 1ª RETIRADA - CARREGAMENTO - LOCAL = RUA SÃO QUIRINO, 758 - VILA GUILHERME - SÃO PAULO - SP
CAMPO ADICIONAL ATUALIZADO: 1ª RETIRADA - CARREGAMENTO - DATA DE CARREGAMENTO = 2026-05-13 00:00:00
CAMPO ADICIONAL ATUALIZADO: INTRODUÇÃO A SAÚDE E SEGURANÇA DO TRABALHO - MODALIDADE = ONLINE T2
CAMPO ADICIONAL ATUALIZADO: INTRODUÇÃO A SAÚDE E SEGURANÇA DO TRABALHO - LOCAL = https://teams.microsoft.com/meet/238144599512544?p=NPH77zpsohs8Eugsac
CAMPO ADICIONAL ATUALIZADO: INTRODUÇÃO A SAÚDE E SEGURANÇA DO TRABALHO - DATA INÍCIO = 2026-05-07 00:00:00
CAMPO ADICIONAL ATUALIZADO: INTRODUÇÃO A SAÚDE E SEGURANÇA DO TRABALHO - DATA TÉRMINO = 2026-05-07 00:00:00
CAMPO ADICIONAL ATUALIZADO: INTRODUÇÃO A SAÚDE E SEGURANÇA DO TRABALHO - INSTRUTOR = SESMT
CAMPO ADICIONAL ATUALIZADO: NORMATIVO (ONLINE) - DATA INÍCIO = 2026-05-08 00:00:00
CAMPO ADICIONAL ATUALIZADO: NORMATIVO (ONLINE) - DATA TÉRMINO = 2026-05-12 00:00:00
CAMPO ADICIONAL ATUALIZADO: NORMATIVO (ONLINE) - INSTRUTOR = RODRIGO
CAMPO ADICIONAL ATUALIZADO: NORMATIVO (ONLINE) - ACESSO = https://teams.microsoft.com/meet/223076657036901?p=MZm9fP8B2rcltNC8uf
CAMPO ADICIONAL ATUALIZADO: NORMATIVO (PRESENCIAL) - LOCAL = RUA SÃO QUIRINO, 758 - VILA GUILHERME - SÃO PAULO - SP
CAMPO ADICIONAL ATUALIZADO: NORMATIVO (PRESENCIAL) - DATA INÍCIO = 2026-05-13 00:00:00
CAMPO ADICIONAL ATUALIZADO: NORMATIVO (PRESENCIAL) - DATA TÉRMINO = 2026-05-14 00:00:00
CAMPO ADICIONAL ATUALIZADO: NORMATIVO (PRESENCIAL) - INSTRUTOR = RODRIGO
CAMPO ADICIONAL ATUALIZADO: 2ª RETIRADA - CARREGAMENTO - DATA DE CARREGAMENTO = 2026-06-09 00:00:00
CAMPO ADICIONAL ATUALIZADO: 2ª RETIRADA - CARREGAMENTO - LOCAL = RUA SÃO QUIRINO, 758 - VILA GUILHERME - SÃO PAULO - SP
CAMPO ADICIONAL ATUALIZADO: OPERAÇÃO - DATA DE OPERAÇÃO = 2026-06-10 00:00:00
CAMPO ADICIONAL ATUALIZADO: OPERAÇÃO - LOCAL = RUA ÁLVARO ALVIM, 1123 - PAULICÉIA - SÃO BERNARDO DO CAMPO - SP
CAMPO ADICIONAL ATUALIZADO: CURSO TÉCNICO - MODALIDADE = PRESENCIAL
CAMPO ADICIONAL ATUALIZADO: CURSO TÉCNICO - LOCAL = RUA SÃO QUIRINO, 758 - VILA GUILHERME - SÃO PAULO - SP
CAMPO ADICIONAL ATUALIZADO: CURSO TÉCNICO - DATA INÍCIO = 2026-05-15 00:00:00
CAMPO ADICIONAL ATUALIZADO: CURSO TÉCNICO - DATA TÉRMINO = 2026-05-20 00:00:00
CAMPO ADICIONAL ATUALIZADO: CURSO TÉCNICO - INSTRUTOR = 2026 VIVO T41 GLAUCIO BVG
CAMPO ADICIONAL ATUALIZADO: DUPLADO - DATA INÍCIO = 2026-05-21 00:00:00
CAMPO ADICIONAL ATUALIZADO: DUPLADO - DATA TÉRMINO = 2026-06-03 00:00:00
CAMPO ADICIONAL ATUALIZADO: DUPLADO - GER. REGIONAL = -
CAMPO ADICIONAL ATUALIZADO: DUPLADO - LOCAL DE APRESENTAÇÃO = RUA ÁLVARO ALVIM, 1123 - PAULICÉIA - SÃO BERNARDO DO CAMPO - SP
CAMPO ADICIONAL ATUALIZADO: CURSO TÉCNICO RETORNO - MODALIDADE = PRESENCIAL
CAMPO ADICIONAL ATUALIZADO: CURSO TÉCNICO RETORNO - LOCAL = RUA ÁLVARO ALVIM, 1123 - PAULICÉIA - SÃO BERNARDO DO CAMPO - SP
CAMPO ADICIONAL ATUALIZADO: CURSO TÉCNICO RETORNO - DATA INÍCIO = 2026-06-05 00:00:00
CAMPO ADICIONAL ATUALIZADO: CURSO TÉCNICO RETORNO - INSTRUTOR = 2026 VIVO T41 GLAUCIO BVG
CAMPO ADICIONAL ATUALIZADO: CURSO TÉCNICO RETORNO - DATA TÉRMINO = 2026-06-08 00:00:00
CAMPO ADICIONAL ATUALIZADO: DUPLADO FASE 2 - DATA INÍCIO = -
CAMPO ADICIONAL ATUALIZADO: DUPLADO FASE 2 - DATA TÉRMINO = -
CAMPO ADICIONAL ATUALIZADO: DUPLADO FASE 2 - GER. REGIONAL = -
CAMPO ADICIONAL ATUALIZADO: DUPLADO FASE 2 - LOCAL DE APRESENTAÇÃO = -
Processando usuário existente: r061068 (Matrícula: 61068)
SENHA ATUALIZADA: r@04845
CAMPO ADICIONAL ATUALIZADO: CADASTRO - FUNÇÃO = MULTI SKILL OPT CON
CAMPO ADICIONAL ATUALIZADO: CADASTRO - ADMISSÃO = 2026-05-06 00:00:00
CAMPO ADICIONAL ATUALIZADO: CADASTRO - GERENTE REGIONAL = ALEXANDRE LYSAK
CAMPO ADICIONAL ATUALIZADO: CADASTRO - GERENTE CORPORATIVO = JANA ROSA DE ALMEIDA SIZOTTO
CAMPO ADICIONAL ATUALIZADO: INTEGRAÇÃO - MODALIDADE = PRESENCIAL
CAMPO ADICIONAL ATUALIZADO: INTEGRAÇÃO - LOCAL = RUA SÃO QUIRINO, 758 - VILA GUILHERME - SÃO PAULO - SP
CAMPO ADICIONAL ATUALIZADO: INTEGRAÇÃO - DATA INÍCIO = 2026-05-06 00:00:00
CAMPO ADICIONAL ATUALIZADO: INTEGRAÇÃO - DATA TÉRMINO = 2026-05-06 00:00:00
CAMPO ADICIONAL ATUALIZADO: INTEGRAÇÃO - INSTRUTOR = GELSIVAN
CAMPO ADICIONAL ATUALIZADO: 1ª RETIRADA - CARREGAMENTO - LOCAL = RUA SÃO QUIRINO, 758 - VILA GUILHERME - SÃO PAULO - SP
CAMPO ADICIONAL ATUALIZADO: 1ª RETIRADA - CARREGAMENTO - DATA DE CARREGAMENTO = 2026-05-13 00:00:00
CAMPO ADICIONAL ATUALIZADO: INTRODUÇÃO A SAÚDE E SEGURANÇA DO TRABALHO - MODALIDADE = ONLINE T2
CAMPO ADICIONAL ATUALIZADO: INTRODUÇÃO A SAÚDE E SEGURANÇA DO TRABALHO - LOCAL = https://teams.microsoft.com/meet/238144599512544?p=NPH77zpsohs8Eugsac
CAMPO ADICIONAL ATUALIZADO: INTRODUÇÃO A SAÚDE E SEGURANÇA DO TRABALHO - DATA INÍCIO = 2026-05-07 00:00:00
CAMPO ADICIONAL ATUALIZADO: INTRODUÇÃO A SAÚDE E SEGURANÇA DO TRABALHO - DATA TÉRMINO = 2026-05-07 00:00:00
CAMPO ADICIONAL ATUALIZADO: INTRODUÇÃO A SAÚDE E SEGURANÇA DO TRABALHO - INSTRUTOR = SESMT
CAMPO ADICIONAL ATUALIZADO: NORMATIVO (ONLINE) - DATA INÍCIO = 2026-05-08 00:00:00
CAMPO ADICIONAL ATUALIZADO: NORMATIVO (ONLINE) - DATA TÉRMINO = 2026-05-12 00:00:00
CAMPO ADICIONAL ATUALIZADO: NORMATIVO (ONLINE) - INSTRUTOR = RODRIGO
CAMPO ADICIONAL ATUALIZADO: NORMATIVO (ONLINE) - ACESSO = https://teams.microsoft.com/meet/223076657036901?p=MZm9fP8B2rcltNC8uf
CAMPO ADICIONAL ATUALIZADO: NORMATIVO (PRESENCIAL) - LOCAL = RUA SÃO QUIRINO, 758 - VILA GUILHERME - SÃO PAULO - SP
CAMPO ADICIONAL ATUALIZADO: NORMATIVO (PRESENCIAL) - DATA INÍCIO = 2026-05-13 00:00:00
CAMPO ADICIONAL ATUALIZADO: NORMATIVO (PRESENCIAL) - DATA TÉRMINO = 2026-05-14 00:00:00
CAMPO ADICIONAL ATUALIZADO: NORMATIVO (PRESENCIAL) - INSTRUTOR = RODRIGO
CAMPO ADICIONAL ATUALIZADO: 2ª RETIRADA - CARREGAMENTO - DATA DE CARREGAMENTO = 2026-06-09 00:00:00
CAMPO ADICIONAL ATUALIZADO: 2ª RETIRADA - CARREGAMENTO - LOCAL = RUA SÃO QUIRINO, 758 - VILA GUILHERME - SÃO PAULO - SP
CAMPO ADICIONAL ATUALIZADO: OPERAÇÃO - DATA DE OPERAÇÃO = 2026-06-10 00:00:00
CAMPO ADICIONAL ATUALIZADO: OPERAÇÃO - LOCAL = RUA SÃO QUIRINO, 758 - VILA GUILHERME - SÃO PAULO - SP
CAMPO ADICIONAL ATUALIZADO: CURSO TÉCNICO - MODALIDADE = PRESENCIAL
CAMPO ADICIONAL ATUALIZADO: CURSO TÉCNICO - LOCAL = RUA SÃO QUIRINO, 758 - VILA GUILHERME - SÃO PAULO - SP
CAMPO ADICIONAL ATUALIZADO: CURSO TÉCNICO - DATA INÍCIO = 2026-05-15 00:00:00
CAMPO ADICIONAL ATUALIZADO: CURSO TÉCNICO - DATA TÉRMINO = 2026-05-20 00:00:00
CAMPO ADICIONAL ATUALIZADO: CURSO TÉCNICO - INSTRUTOR = 2026 VIVO T41 GLAUCIO BVG
CAMPO ADICIONAL ATUALIZADO: DUPLADO - DATA INÍCIO = 2026-05-21 00:00:00
CAMPO ADICIONAL ATUALIZADO: DUPLADO - DATA TÉRMINO = 2026-06-03 00:00:00
CAMPO ADICIONAL ATUALIZADO: DUPLADO - GER. REGIONAL = -
CAMPO ADICIONAL ATUALIZADO: DUPLADO - LOCAL DE APRESENTAÇÃO = RUA SÃO QUIRINO, 758 - VILA GUILHERME - SÃO PAULO - SP
CAMPO ADICIONAL ATUALIZADO: CURSO TÉCNICO RETORNO - MODALIDADE = PRESENCIAL
CAMPO ADICIONAL ATUALIZADO: CURSO TÉCNICO RETORNO - LOCAL = RUA SÃO QUIRINO, 758 - VILA GUILHERME - SÃO PAULO - SP
CAMPO ADICIONAL ATUALIZADO: CURSO TÉCNICO RETORNO - DATA INÍCIO = 2026-06-05 00:00:00
CAMPO ADICIONAL ATUALIZADO: CURSO TÉCNICO RETORNO - INSTRUTOR = 2026 VIVO T41 GLAUCIO BVG
CAMPO ADICIONAL ATUALIZADO: CURSO TÉCNICO RETORNO - DATA TÉRMINO = 2026-06-08 00:00:00
CAMPO ADICIONAL ATUALIZADO: DUPLADO FASE 2 - DATA INÍCIO = -
CAMPO ADICIONAL ATUALIZADO: DUPLADO FASE 2 - DATA TÉRMINO = -
CAMPO ADICIONAL ATUALIZADO: DUPLADO FASE 2 - GER. REGIONAL = -127.0.0.1 - - [12/May/2026 16:57:05] "POST /login HTTP/1.1" 302 -
127.0.0.1 - - [12/May/2026 16:57:06] "GET /greeting HTTP/1.1" 500 -
127.0.0.1 - - [12/May/2026 16:57:08] "POST /login HTTP/1.1" 302 -
127.0.0.1 - - [12/May/2026 16:57:10] "GET /login HTTP/1.1" 200 -
127.0.0.1 - - [12/May/2026 16:57:11] "POST /login HTTP/1.1" 302 -
127.0.0.1 - - [12/May/2026 16:57:11] "GET /greeting HTTP/1.1" 200 -
127.0.0.1 - - [12/May/2026 16:57:11] "GET /favicon.ico HTTP/1.1" 404 -
127.0.0.1 - - [12/May/2026 16:57:13] "GET /dashboard HTTP/1.1" 302 -
127.0.0.1 - - [12/May/2026 16:57:15] "GET /user/dashboard HTTP/1.1" 200 -
127.0.0.1 - - [12/May/2026 16:57:25] "POST /login HTTP/1.1" 302 -
127.0.0.1 - - [12/May/2026 16:57:25] "GET /greeting HTTP/1.1" 200 -
127.0.0.1 - - [12/May/2026 16:57:30] "POST /admin/upload HTTP/1.1" 302 -
127.0.0.1 - - [12/May/2026 16:57:31] "GET /admin/upload HTTP/1.1" 302 -
127.0.0.1 - - [12/May/2026 16:57:32] "GET /dashboard HTTP/1.1" 500 -
Traceback (most recent call last):
  File "C:\Users\ICOMON\Documents\Ml direta\venv\Lib\site-packages\flask\app.py", line 1478, in __call__
    return self.wsgi_app(environ, start_response)
           ~~~~~~~~~~~~~^^^^^^^^^^^^^^^^^^^^^^^^^
  File "C:\Users\ICOMON\Documents\Ml direta\venv\Lib\site-packages\flask\app.py", line 1458, in wsgi_app
    response = self.handle_exception(e)
  File "C:\Users\ICOMON\Documents\Ml direta\venv\Lib\site-packages\flask\app.py", line 1455, in wsgi_app
    response = self.full_dispatch_request()
  File "C:\Users\ICOMON\Documents\Ml direta\venv\Lib\site-packages\flask\app.py", line 869, in full_dispatch_request
    rv = self.handle_user_exception(e)
  File "C:\Users\ICOMON\Documents\Ml direta\venv\Lib\site-packages\flask\app.py", line 867, in full_dispatch_request
    rv = self.dispatch_request()
  File "C:\Users\ICOMON\Documents\Ml direta\venv\Lib\site-packages\flask\app.py", line 852, in dispatch_request
    return self.ensure_sync(self.view_functions[rule.endpoint])(**view_args)
           ~~~~~~~~~~~~~~~~~~~~~~~~~~~~~~~~~~~~~~~~~~~~~~~~~~~~^^^^^^^^^^^^^
  File "C:\Users\ICOMON\Documents\Ml direta\app.py", line 260, in decorated_function
    return f(*args, **kwargs)
  File "C:\Users\ICOMON\Documents\Ml direta\app.py", line 373, in dashboard
    if user['tipo'] == 'admin':
       ~~~~^^^^^^^^
TypeError: 'NoneType' object is not subscriptable
127.0.0.1 - - [12/May/2026 16:57:33] "GET /dashboard HTTP/1.1" 302 -
127.0.0.1 - - [12/May/2026 16:57:33] "GET /dashboard?__debugger__=yes&cmd=resource&f=style.css HTTP/1.1" 200 -
127.0.0.1 - - [12/May/2026 16:57:33] "GET /dashboard?__debugger__=yes&cmd=resource&f=debugger.js HTTP/1.1" 200 -
127.0.0.1 - - [12/May/2026 16:57:33] "GET /user/dashboard HTTP/1.1" 200 -
127.0.0.1 - - [12/May/2026 16:57:34] "GET /dashboard?__debugger__=yes&cmd=resource&f=console.png HTTP/1.1" 200 -
127.0.0.1 - - [12/May/2026 16:57:34] "GET /dashboard?__debugger__=yes&cmd=resource&f=console.png HTTP/1.1" 304 -
127.0.0.1 - - [12/May/2026 16:57:36] "GET /admin/upload HTTP/1.1" 200 -
127.0.0.1 - - [12/May/2026 16:58:04] "GET /login HTTP/1.1" 200 -
127.0.0.1 - - [12/May/2026 16:58:14] "POST /login HTTP/1.1" 302 -
127.0.0.1 - - [12/May/2026 16:58:14] "GET /greeting HTTP/1.1" 200 -
127.0.0.1 - - [12/May/2026 16:58:38] "GET /dashboard HTTP/1.1" 302 -
127.0.0.1 - - [12/May/2026 16:58:39] "GET /user/dashboard HTTP/1.1" 200 -
127.0.0.1 - - [12/May/2026 16:59:19] "GET /admin/upload HTTP/1.1" 302 -
127.0.0.1 - - [12/May/2026 16:59:19] "GET /login HTTP/1.1" 200 -
127.0.0.1 - - [12/May/2026 16:59:20] "GET /logout HTTP/1.1" 302 -
127.0.0.1 - - [12/May/2026 16:59:21] "GET /login HTTP/1.1" 200 -
127.0.0.1 - - [12/May/2026 16:59:24] "POST /login HTTP/1.1" 302 -
127.0.0.1 - - [12/May/2026 16:59:24] "GET /greeting HTTP/1.1" 200 -
127.0.0.1 - - [12/May/2026 16:59:26] "GET /dashboard HTTP/1.1" 302 -
127.0.0.1 - - [12/May/2026 16:59:26] "GET /admin/dashboard HTTP/1.1" 200 -
127.0.0.1 - - [12/May/2026 16:59:26] "GET /static/css/style.css HTTP/1.1" 304 -
127.0.0.1 - - [12/May/2026 16:59:26] "GET /static/js/script.js HTTP/1.1" 304 -
127.0.0.1 - - [12/May/2026 16:59:26] "POST /login HTTP/1.1" 302 -
127.0.0.1 - - [12/May/2026 16:59:26] "GET /greeting HTTP/1.1" 200 -
127.0.0.1 - - [12/May/2026 16:59:31] "GET /admin/users HTTP/1.1" 200 -
127.0.0.1 - - [12/May/2026 16:59:32] "GET /dashboard HTTP/1.1" 302 -
127.0.0.1 - - [12/May/2026 16:59:32] "GET /user/dashboard HTTP/1.1" 200 -
127.0.0.1 - - [12/May/2026 16:59:32] "GET /static/css/style.css HTTP/1.1" 304 -
127.0.0.1 - - [12/May/2026 16:59:32] "GET /static/js/script.js HTTP/1.1" 304 -
127.0.0.1 - - [12/May/2026 16:59:33] "GET /admin/upload HTTP/1.1" 200 -
127.0.0.1 - - [12/May/2026 16:59:33] "GET /static/css/style.css HTTP/1.1" 304 -
127.0.0.1 - - [12/May/2026 16:59:34] "GET /static/js/script.js HTTP/1.1" 304 -
127.0.0.1 - - [12/May/2026 16:59:39] "GET /logout HTTP/1.1" 302 -
127.0.0.1 - - [12/May/2026 16:59:40] "GET /login HTTP/1.1" 200 -
127.0.0.1 - - [12/May/2026 16:59:51] "POST /login HTTP/1.1" 302 -

CAMPO ADICIONAL ATUALIZADO: DUPLADO FASE 2 - LOCAL DE APRESENTAÇÃO = -
Processando usuário existente: r061069 (Matrícula: 61069)
SENHA ATUALIZADA: r@44840
CAMPO ADICIONAL ATUALIZADO: CADASTRO - FUNÇÃO = MULTI SKILL OPT CON
CAMPO ADICIONAL ATUALIZADO: CADASTRO - ADMISSÃO = 2026-05-06 00:00:00
CAMPO ADICIONAL ATUALIZADO: CADASTRO - GERENTE REGIONAL = ALISSON DE JESUS CARVALHO
CAMPO ADICIONAL ATUALIZADO: CADASTRO - GERENTE CORPORATIVO = FABIO CONCEICAO DOS SANTOS
CAMPO ADICIONAL ATUALIZADO: INTEGRAÇÃO - MODALIDADE = PRESENCIAL
CAMPO ADICIONAL ATUALIZADO: INTEGRAÇÃO - LOCAL = RUA SÃO QUIRINO, 758 - VILA GUILHERME - SÃO PAULO - SP
CAMPO ADICIONAL ATUALIZADO: INTEGRAÇÃO - DATA INÍCIO = 2026-05-06 00:00:00
CAMPO ADICIONAL ATUALIZADO: INTEGRAÇÃO - DATA TÉRMINO = 2026-05-06 00:00:00
CAMPO ADICIONAL ATUALIZADO: INTEGRAÇÃO - INSTRUTOR = GELSIVAN
CAMPO ADICIONAL ATUALIZADO: 1ª RETIRADA - CARREGAMENTO - LOCAL = RUA ÁLVARO ALVIM, 1123 - PAULICÉIA - SÃO BERNARDO DO CAMPO - SP
CAMPO ADICIONAL ATUALIZADO: 1ª RETIRADA - CARREGAMENTO - DATA DE CARREGAMENTO = 2026-05-13 00:00:00
CAMPO ADICIONAL ATUALIZADO: INTRODUÇÃO A SAÚDE E SEGURANÇA DO TRABALHO - MODALIDADE = ONLINE T2
CAMPO ADICIONAL ATUALIZADO: INTRODUÇÃO A SAÚDE E SEGURANÇA DO TRABALHO - LOCAL = https://teams.microsoft.com/meet/238144599512544?p=NPH77zpsohs8Eugsac
CAMPO ADICIONAL ATUALIZADO: INTRODUÇÃO A SAÚDE E SEGURANÇA DO TRABALHO - DATA INÍCIO = 2026-05-07 00:00:00
CAMPO ADICIONAL ATUALIZADO: INTRODUÇÃO A SAÚDE E SEGURANÇA DO TRABALHO - DATA TÉRMINO = 2026-05-07 00:00:00
CAMPO ADICIONAL ATUALIZADO: INTRODUÇÃO A SAÚDE E SEGURANÇA DO TRABALHO - INSTRUTOR = SESMT
CAMPO ADICIONAL ATUALIZADO: NORMATIVO (ONLINE) - DATA INÍCIO = 2026-05-08 00:00:00
CAMPO ADICIONAL ATUALIZADO: NORMATIVO (ONLINE) - DATA TÉRMINO = 2026-05-12 00:00:00
CAMPO ADICIONAL ATUALIZADO: NORMATIVO (ONLINE) - INSTRUTOR = RODRIGO
CAMPO ADICIONAL ATUALIZADO: NORMATIVO (ONLINE) - ACESSO = https://teams.microsoft.com/meet/223076657036901?p=MZm9fP8B2rcltNC8uf
CAMPO ADICIONAL ATUALIZADO: NORMATIVO (PRESENCIAL) - LOCAL = RUA ÁLVARO ALVIM, 1123 - PAULICÉIA - SÃO BERNARDO DO CAMPO - SP
CAMPO ADICIONAL ATUALIZADO: NORMATIVO (PRESENCIAL) - DATA INÍCIO = 2026-05-13 00:00:00
CAMPO ADICIONAL ATUALIZADO: NORMATIVO (PRESENCIAL) - DATA TÉRMINO = 2026-05-14 00:00:00
CAMPO ADICIONAL ATUALIZADO: NORMATIVO (PRESENCIAL) - INSTRUTOR = RODRIGO
CAMPO ADICIONAL ATUALIZADO: 2ª RETIRADA - CARREGAMENTO - DATA DE CARREGAMENTO = 2026-06-09 00:00:00
CAMPO ADICIONAL ATUALIZADO: 2ª RETIRADA - CARREGAMENTO - LOCAL = RUA SÃO QUIRINO, 758 - VILA GUILHERME - SÃO PAULO - SP
CAMPO ADICIONAL ATUALIZADO: OPERAÇÃO - DATA DE OPERAÇÃO = 2026-06-10 00:00:00
CAMPO ADICIONAL ATUALIZADO: OPERAÇÃO - LOCAL = RUA SÃO QUIRINO, 758 - VILA GUILHERME - SÃO PAULO - SP
CAMPO ADICIONAL ATUALIZADO: CURSO TÉCNICO - MODALIDADE = PRESENCIAL
CAMPO ADICIONAL ATUALIZADO: CURSO TÉCNICO - LOCAL = RUA SÃO QUIRINO, 758 - VILA GUILHERME - SÃO PAULO - SP
CAMPO ADICIONAL ATUALIZADO: CURSO TÉCNICO - DATA INÍCIO = 2026-05-15 00:00:00
CAMPO ADICIONAL ATUALIZADO: CURSO TÉCNICO - DATA TÉRMINO = 2026-05-20 00:00:00
CAMPO ADICIONAL ATUALIZADO: CURSO TÉCNICO - INSTRUTOR = 2026 VIVO T41 GLAUCIO BVG
CAMPO ADICIONAL ATUALIZADO: DUPLADO - DATA INÍCIO = 2026-05-21 00:00:00
CAMPO ADICIONAL ATUALIZADO: DUPLADO - DATA TÉRMINO = 2026-06-03 00:00:00
CAMPO ADICIONAL ATUALIZADO: DUPLADO - GER. REGIONAL = -
CAMPO ADICIONAL ATUALIZADO: DUPLADO - LOCAL DE APRESENTAÇÃO = RUA SÃO QUIRINO, 758 - VILA GUILHERME - SÃO PAULO - SP
CAMPO ADICIONAL ATUALIZADO: CURSO TÉCNICO RETORNO - MODALIDADE = PRESENCIAL
CAMPO ADICIONAL ATUALIZADO: CURSO TÉCNICO RETORNO - LOCAL = RUA SÃO QUIRINO, 758 - VILA GUILHERME - SÃO PAULO - SP
CAMPO ADICIONAL ATUALIZADO: CURSO TÉCNICO RETORNO - DATA INÍCIO = 2026-06-05 00:00:00
CAMPO ADICIONAL ATUALIZADO: CURSO TÉCNICO RETORNO - INSTRUTOR = 2026 VIVO T41 GLAUCIO BVG
CAMPO ADICIONAL ATUALIZADO: CURSO TÉCNICO RETORNO - DATA TÉRMINO = 2026-06-08 00:00:00
CAMPO ADICIONAL ATUALIZADO: DUPLADO FASE 2 - DATA INÍCIO = -
CAMPO ADICIONAL ATUALIZADO: DUPLADO FASE 2 - DATA TÉRMINO = -
CAMPO ADICIONAL ATUALIZADO: DUPLADO FASE 2 - GER. REGIONAL = -
CAMPO ADICIONAL ATUALIZADO: DUPLADO FASE 2 - LOCAL DE APRESENTAÇÃO = -
Processando usuário existente: r061085 (Matrícula: 61085)
SENHA ATUALIZADA: r@22897
CAMPO ADICIONAL ATUALIZADO: CADASTRO - FUNÇÃO = MULTI SKILL OPT CON
CAMPO ADICIONAL ATUALIZADO: CADASTRO - ADMISSÃO = 2026-05-06 00:00:00
CAMPO ADICIONAL ATUALIZADO: CADASTRO - GERENTE REGIONAL = ALEXANDRE LYSAK
CAMPO ADICIONAL ATUALIZADO: CADASTRO - GERENTE CORPORATIVO = JANA ROSA DE ALMEIDA SIZOTTO
CAMPO ADICIONAL ATUALIZADO: INTEGRAÇÃO - MODALIDADE = PRESENCIAL
CAMPO ADICIONAL ATUALIZADO: INTEGRAÇÃO - LOCAL = RUA SÃO QUIRINO, 758 - VILA GUILHERME - SÃO PAULO - SP
CAMPO ADICIONAL ATUALIZADO: INTEGRAÇÃO - DATA INÍCIO = 2026-05-06 00:00:00
CAMPO ADICIONAL ATUALIZADO: INTEGRAÇÃO - DATA TÉRMINO = 2026-05-06 00:00:00
CAMPO ADICIONAL ATUALIZADO: INTEGRAÇÃO - INSTRUTOR = GELSIVAN
CAMPO ADICIONAL ATUALIZADO: 1ª RETIRADA - CARREGAMENTO - LOCAL = RUA SÃO QUIRINO, 758 - VILA GUILHERME - SÃO PAULO - SP
CAMPO ADICIONAL ATUALIZADO: 1ª RETIRADA - CARREGAMENTO - DATA DE CARREGAMENTO = 2026-05-13 00:00:00
CAMPO ADICIONAL ATUALIZADO: INTRODUÇÃO A SAÚDE E SEGURANÇA DO TRABALHO - MODALIDADE = ONLINE T2
CAMPO ADICIONAL ATUALIZADO: INTRODUÇÃO A SAÚDE E SEGURANÇA DO TRABALHO - LOCAL = https://teams.microsoft.com/meet/238144599512544?p=NPH77zpsohs8Eugsac
CAMPO ADICIONAL ATUALIZADO: INTRODUÇÃO A SAÚDE E SEGURANÇA DO TRABALHO - DATA INÍCIO = 2026-05-07 00:00:00
CAMPO ADICIONAL ATUALIZADO: INTRODUÇÃO A SAÚDE E SEGURANÇA DO TRABALHO - DATA TÉRMINO = 2026-05-07 00:00:00
CAMPO ADICIONAL ATUALIZADO: INTRODUÇÃO A SAÚDE E SEGURANÇA DO TRABALHO - INSTRUTOR = SESMT
CAMPO ADICIONAL ATUALIZADO: NORMATIVO (ONLINE) - DATA INÍCIO = 2026-05-08 00:00:00
CAMPO ADICIONAL ATUALIZADO: NORMATIVO (ONLINE) - DATA TÉRMINO = 2026-05-12 00:00:00
CAMPO ADICIONAL ATUALIZADO: NORMATIVO (ONLINE) - INSTRUTOR = RODRIGO
CAMPO ADICIONAL ATUALIZADO: NORMATIVO (ONLINE) - ACESSO = https://teams.microsoft.com/meet/223076657036901?p=MZm9fP8B2rcltNC8uf
CAMPO ADICIONAL ATUALIZADO: NORMATIVO (PRESENCIAL) - LOCAL = RUA SÃO QUIRINO, 758 - VILA GUILHERME - SÃO PAULO - SP
CAMPO ADICIONAL ATUALIZADO: NORMATIVO (PRESENCIAL) - DATA INÍCIO = 2026-05-13 00:00:00
CAMPO ADICIONAL ATUALIZADO: NORMATIVO (PRESENCIAL) - DATA TÉRMINO = 2026-05-14 00:00:00
CAMPO ADICIONAL ATUALIZADO: NORMATIVO (PRESENCIAL) - INSTRUTOR = RODRIGO
CAMPO ADICIONAL ATUALIZADO: 2ª RETIRADA - CARREGAMENTO - DATA DE CARREGAMENTO = 2026-06-09 00:00:00
CAMPO ADICIONAL ATUALIZADO: 2ª RETIRADA - CARREGAMENTO - LOCAL = RUA SÃO QUIRINO, 758 - VILA GUILHERME - SÃO PAULO - SP
CAMPO ADICIONAL ATUALIZADO: OPERAÇÃO - DATA DE OPERAÇÃO = 2026-06-10 00:00:00
CAMPO ADICIONAL ATUALIZADO: OPERAÇÃO - LOCAL = RUA SÃO QUIRINO, 758 - VILA GUILHERME - SÃO PAULO - SP
CAMPO ADICIONAL ATUALIZADO: CURSO TÉCNICO - MODALIDADE = PRESENCIAL
CAMPO ADICIONAL ATUALIZADO: CURSO TÉCNICO - LOCAL = RUA SÃO QUIRINO, 758 - VILA GUILHERME - SÃO PAULO - SP
CAMPO ADICIONAL ATUALIZADO: CURSO TÉCNICO - DATA INÍCIO = 2026-05-15 00:00:00
CAMPO ADICIONAL ATUALIZADO: CURSO TÉCNICO - DATA TÉRMINO = 2026-05-20 00:00:00
CAMPO ADICIONAL ATUALIZADO: CURSO TÉCNICO - INSTRUTOR = 2026 VIVO T41 GLAUCIO BVG
CAMPO ADICIONAL ATUALIZADO: DUPLADO - DATA INÍCIO = 2026-05-21 00:00:00
CAMPO ADICIONAL ATUALIZADO: DUPLADO - DATA TÉRMINO = 2026-06-03 00:00:00
CAMPO ADICIONAL ATUALIZADO: DUPLADO - GER. REGIONAL = -
CAMPO ADICIONAL ATUALIZADO: DUPLADO - LOCAL DE APRESENTAÇÃO = RUA SÃO QUIRINO, 758 - VILA GUILHERME - SÃO PAULO - SP
CAMPO ADICIONAL ATUALIZADO: CURSO TÉCNICO RETORNO - MODALIDADE = PRESENCIAL
CAMPO ADICIONAL ATUALIZADO: CURSO TÉCNICO RETORNO - LOCAL = RUA SÃO QUIRINO, 758 - VILA GUILHERME - SÃO PAULO - SP
CAMPO ADICIONAL ATUALIZADO: CURSO TÉCNICO RETORNO - DATA INÍCIO = 2026-06-05 00:00:00
CAMPO ADICIONAL ATUALIZADO: CURSO TÉCNICO RETORNO - INSTRUTOR = 2026 VIVO T41 GLAUCIO BVG
CAMPO ADICIONAL ATUALIZADO: CURSO TÉCNICO RETORNO - DATA TÉRMINO = 2026-06-08 00:00:00
CAMPO ADICIONAL ATUALIZADO: DUPLADO FASE 2 - DATA INÍCIO = -
CAMPO ADICIONAL ATUALIZADO: DUPLADO FASE 2 - DATA TÉRMINO = -
CAMPO ADICIONAL ATUALIZADO: DUPLADO FASE 2 - GER. REGIONAL = -
CAMPO ADICIONAL ATUALIZADO: DUPLADO FASE 2 - LOCAL DE APRESENTAÇÃO = -
Processando usuário existente: r061071 (Matrícula: 61071)
SENHA ATUALIZADA: r@22841
CAMPO ADICIONAL ATUALIZADO: CADASTRO - FUNÇÃO = MULTI SKILL OPT CON
CAMPO ADICIONAL ATUALIZADO: CADASTRO - ADMISSÃO = 2026-05-06 00:00:00
CAMPO ADICIONAL ATUALIZADO: CADASTRO - GERENTE REGIONAL = ALISSON DE JESUS CARVALHO
CAMPO ADICIONAL ATUALIZADO: CADASTRO - GERENTE CORPORATIVO = FABIO CONCEICAO DOS SANTOS
CAMPO ADICIONAL ATUALIZADO: INTEGRAÇÃO - MODALIDADE = PRESENCIAL
CAMPO ADICIONAL ATUALIZADO: INTEGRAÇÃO - LOCAL = RUA SÃO QUIRINO, 758 - VILA GUILHERME - SÃO PAULO - SP
CAMPO ADICIONAL ATUALIZADO: INTEGRAÇÃO - DATA INÍCIO = 2026-05-06 00:00:00
CAMPO ADICIONAL ATUALIZADO: INTEGRAÇÃO - DATA TÉRMINO = 2026-05-06 00:00:00
CAMPO ADICIONAL ATUALIZADO: INTEGRAÇÃO - INSTRUTOR = GELSIVAN
CAMPO ADICIONAL ATUALIZADO: 1ª RETIRADA - CARREGAMENTO - LOCAL = RUA ÁLVARO ALVIM, 1123 - PAULICÉIA - SÃO BERNARDO DO CAMPO - SP
CAMPO ADICIONAL ATUALIZADO: 1ª RETIRADA - CARREGAMENTO - DATA DE CARREGAMENTO = 2026-05-13 00:00:00
CAMPO ADICIONAL ATUALIZADO: INTRODUÇÃO A SAÚDE E SEGURANÇA DO TRABALHO - MODALIDADE = ONLINE T2
CAMPO ADICIONAL ATUALIZADO: INTRODUÇÃO A SAÚDE E SEGURANÇA DO TRABALHO - LOCAL = https://teams.microsoft.com/meet/238144599512544?p=NPH77zpsohs8Eugsac
CAMPO ADICIONAL ATUALIZADO: INTRODUÇÃO A SAÚDE E SEGURANÇA DO TRABALHO - DATA INÍCIO = 2026-05-07 00:00:00
CAMPO ADICIONAL ATUALIZADO: INTRODUÇÃO A SAÚDE E SEGURANÇA DO TRABALHO - DATA TÉRMINO = 2026-05-07 00:00:00
CAMPO ADICIONAL ATUALIZADO: INTRODUÇÃO A SAÚDE E SEGURANÇA DO TRABALHO - INSTRUTOR = SESMT
CAMPO ADICIONAL ATUALIZADO: NORMATIVO (ONLINE) - DATA INÍCIO = 2026-05-08 00:00:00
CAMPO ADICIONAL ATUALIZADO: NORMATIVO (ONLINE) - DATA TÉRMINO = 2026-05-12 00:00:00
CAMPO ADICIONAL ATUALIZADO: NORMATIVO (ONLINE) - INSTRUTOR = RODRIGO
CAMPO ADICIONAL ATUALIZADO: NORMATIVO (ONLINE) - ACESSO = https://teams.microsoft.com/meet/223076657036901?p=MZm9fP8B2rcltNC8uf
CAMPO ADICIONAL ATUALIZADO: NORMATIVO (PRESENCIAL) - LOCAL = RUA ÁLVARO ALVIM, 1123 - PAULICÉIA - SÃO BERNARDO DO CAMPO - SP
CAMPO ADICIONAL ATUALIZADO: NORMATIVO (PRESENCIAL) - DATA INÍCIO = 2026-05-13 00:00:00
CAMPO ADICIONAL ATUALIZADO: NORMATIVO (PRESENCIAL) - DATA TÉRMINO = 2026-05-14 00:00:00
CAMPO ADICIONAL ATUALIZADO: NORMATIVO (PRESENCIAL) - INSTRUTOR = RODRIGO
CAMPO ADICIONAL ATUALIZADO: 2ª RETIRADA - CARREGAMENTO - DATA DE CARREGAMENTO = 2026-06-09 00:00:00
CAMPO ADICIONAL ATUALIZADO: 2ª RETIRADA - CARREGAMENTO - LOCAL = RUA SÃO QUIRINO, 758 - VILA GUILHERME - SÃO PAULO - SP
CAMPO ADICIONAL ATUALIZADO: OPERAÇÃO - DATA DE OPERAÇÃO = 2026-06-10 00:00:00
CAMPO ADICIONAL ATUALIZADO: OPERAÇÃO - LOCAL = RUA SÃO QUIRINO, 758 - VILA GUILHERME - SÃO PAULO - SP
CAMPO ADICIONAL ATUALIZADO: CURSO TÉCNICO - MODALIDADE = PRESENCIAL
CAMPO ADICIONAL ATUALIZADO: CURSO TÉCNICO - LOCAL = RUA SÃO QUIRINO, 758 - VILA GUILHERME - SÃO PAULO - SP
CAMPO ADICIONAL ATUALIZADO: CURSO TÉCNICO - DATA INÍCIO = 2026-05-15 00:00:00
CAMPO ADICIONAL ATUALIZADO: CURSO TÉCNICO - DATA TÉRMINO = 2026-05-20 00:00:00
CAMPO ADICIONAL ATUALIZADO: CURSO TÉCNICO - INSTRUTOR = 2026 VIVO T41 GLAUCIO BVG
CAMPO ADICIONAL ATUALIZADO: DUPLADO - DATA INÍCIO = 2026-05-21 00:00:00
CAMPO ADICIONAL ATUALIZADO: DUPLADO - DATA TÉRMINO = 2026-06-03 00:00:00
CAMPO ADICIONAL ATUALIZADO: DUPLADO - GER. REGIONAL = -
CAMPO ADICIONAL ATUALIZADO: DUPLADO - LOCAL DE APRESENTAÇÃO = RUA SÃO QUIRINO, 758 - VILA GUILHERME - SÃO PAULO - SP
CAMPO ADICIONAL ATUALIZADO: CURSO TÉCNICO RETORNO - MODALIDADE = PRESENCIAL
CAMPO ADICIONAL ATUALIZADO: CURSO TÉCNICO RETORNO - LOCAL = RUA SÃO QUIRINO, 758 - VILA GUILHERME - SÃO PAULO - SP
CAMPO ADICIONAL ATUALIZADO: CURSO TÉCNICO RETORNO - DATA INÍCIO = 2026-06-05 00:00:00
CAMPO ADICIONAL ATUALIZADO: CURSO TÉCNICO RETORNO - INSTRUTOR = 2026 VIVO T41 GLAUCIO BVG
CAMPO ADICIONAL ATUALIZADO: CURSO TÉCNICO RETORNO - DATA TÉRMINO = 2026-06-08 00:00:00
CAMPO ADICIONAL ATUALIZADO: DUPLADO FASE 2 - DATA INÍCIO = -
CAMPO ADICIONAL ATUALIZADO: DUPLADO FASE 2 - DATA TÉRMINO = -
CAMPO ADICIONAL ATUALIZADO: DUPLADO FASE 2 - GER. REGIONAL = -
CAMPO ADICIONAL ATUALIZADO: DUPLADO FASE 2 - LOCAL DE APRESENTAÇÃO = -
Processando usuário existente: r061073 (Matrícula: 61073)
SENHA ATUALIZADA: r@33879
CAMPO ADICIONAL ATUALIZADO: CADASTRO - FUNÇÃO = MULTI SKILL OPT CON
CAMPO ADICIONAL ATUALIZADO: CADASTRO - ADMISSÃO = 2026-05-06 00:00:00
CAMPO ADICIONAL ATUALIZADO: CADASTRO - GERENTE REGIONAL = ALISSON DE JESUS CARVALHO
CAMPO ADICIONAL ATUALIZADO: CADASTRO - GERENTE CORPORATIVO = FABIO CONCEICAO DOS SANTOS
CAMPO ADICIONAL ATUALIZADO: INTEGRAÇÃO - MODALIDADE = PRESENCIAL
CAMPO ADICIONAL ATUALIZADO: INTEGRAÇÃO - LOCAL = RUA SÃO QUIRINO, 758 - VILA GUILHERME - SÃO PAULO - SP
CAMPO ADICIONAL ATUALIZADO: INTEGRAÇÃO - DATA INÍCIO = 2026-05-06 00:00:00
CAMPO ADICIONAL ATUALIZADO: INTEGRAÇÃO - DATA TÉRMINO = 2026-05-06 00:00:00
CAMPO ADICIONAL ATUALIZADO: INTEGRAÇÃO - INSTRUTOR = GELSIVAN
CAMPO ADICIONAL ATUALIZADO: 1ª RETIRADA - CARREGAMENTO - LOCAL = RUA ÁLVARO ALVIM, 1123 - PAULICÉIA - SÃO BERNARDO DO CAMPO - SP
CAMPO ADICIONAL ATUALIZADO: 1ª RETIRADA - CARREGAMENTO - DATA DE CARREGAMENTO = 2026-05-13 00:00:00
CAMPO ADICIONAL ATUALIZADO: INTRODUÇÃO A SAÚDE E SEGURANÇA DO TRABALHO - MODALIDADE = ONLINE T2
CAMPO ADICIONAL ATUALIZADO: INTRODUÇÃO A SAÚDE E SEGURANÇA DO TRABALHO - LOCAL = https://teams.microsoft.com/meet/238144599512544?p=NPH77zpsohs8Eugsac
CAMPO ADICIONAL ATUALIZADO: INTRODUÇÃO A SAÚDE E SEGURANÇA DO TRABALHO - DATA INÍCIO = 2026-05-07 00:00:00
CAMPO ADICIONAL ATUALIZADO: INTRODUÇÃO A SAÚDE E SEGURANÇA DO TRABALHO - DATA TÉRMINO = 2026-05-07 00:00:00
CAMPO ADICIONAL ATUALIZADO: INTRODUÇÃO A SAÚDE E SEGURANÇA DO TRABALHO - INSTRUTOR = SESMT
CAMPO ADICIONAL ATUALIZADO: NORMATIVO (ONLINE) - DATA INÍCIO = 2026-05-08 00:00:00
CAMPO ADICIONAL ATUALIZADO: NORMATIVO (ONLINE) - DATA TÉRMINO = 2026-05-12 00:00:00
CAMPO ADICIONAL ATUALIZADO: NORMATIVO (ONLINE) - INSTRUTOR = RODRIGO
CAMPO ADICIONAL ATUALIZADO: NORMATIVO (ONLINE) - ACESSO = https://teams.microsoft.com/meet/223076657036901?p=MZm9fP8B2rcltNC8uf
CAMPO ADICIONAL ATUALIZADO: NORMATIVO (PRESENCIAL) - LOCAL = RUA ÁLVARO ALVIM, 1123 - PAULICÉIA - SÃO BERNARDO DO CAMPO - SP
CAMPO ADICIONAL ATUALIZADO: NORMATIVO (PRESENCIAL) - DATA INÍCIO = 2026-05-13 00:00:00
CAMPO ADICIONAL ATUALIZADO: NORMATIVO (PRESENCIAL) - DATA TÉRMINO = 2026-05-14 00:00:00
CAMPO ADICIONAL ATUALIZADO: NORMATIVO (PRESENCIAL) - INSTRUTOR = RODRIGO
CAMPO ADICIONAL ATUALIZADO: 2ª RETIRADA - CARREGAMENTO - DATA DE CARREGAMENTO = 2026-06-09 00:00:00
CAMPO ADICIONAL ATUALIZADO: 2ª RETIRADA - CARREGAMENTO - LOCAL = RUA SÃO QUIRINO, 758 - VILA GUILHERME - SÃO PAULO - SP
CAMPO ADICIONAL ATUALIZADO: OPERAÇÃO - DATA DE OPERAÇÃO = 2026-06-10 00:00:00
CAMPO ADICIONAL ATUALIZADO: OPERAÇÃO - LOCAL = RUA SÃO QUIRINO, 758 - VILA GUILHERME - SÃO PAULO - SP
CAMPO ADICIONAL ATUALIZADO: CURSO TÉCNICO - MODALIDADE = PRESENCIAL
CAMPO ADICIONAL ATUALIZADO: CURSO TÉCNICO - LOCAL = RUA SÃO QUIRINO, 758 - VILA GUILHERME - SÃO PAULO - SP
CAMPO ADICIONAL ATUALIZADO: CURSO TÉCNICO - DATA INÍCIO = 2026-05-15 00:00:00
CAMPO ADICIONAL ATUALIZADO: CURSO TÉCNICO - DATA TÉRMINO = 2026-05-20 00:00:00
CAMPO ADICIONAL ATUALIZADO: CURSO TÉCNICO - INSTRUTOR = 2026 VIVO T41 GLAUCIO BVG
CAMPO ADICIONAL ATUALIZADO: DUPLADO - DATA INÍCIO = 2026-05-21 00:00:00
CAMPO ADICIONAL ATUALIZADO: DUPLADO - DATA TÉRMINO = 2026-06-03 00:00:00
CAMPO ADICIONAL ATUALIZADO: DUPLADO - GER. REGIONAL = -
CAMPO ADICIONAL ATUALIZADO: DUPLADO - LOCAL DE APRESENTAÇÃO = RUA SÃO QUIRINO, 758 - VILA GUILHERME - SÃO PAULO - SP
CAMPO ADICIONAL ATUALIZADO: CURSO TÉCNICO RETORNO - MODALIDADE = PRESENCIAL
CAMPO ADICIONAL ATUALIZADO: CURSO TÉCNICO RETORNO - LOCAL = RUA SÃO QUIRINO, 758 - VILA GUILHERME - SÃO PAULO - SP
CAMPO ADICIONAL ATUALIZADO: CURSO TÉCNICO RETORNO - DATA INÍCIO = 2026-06-05 00:00:00
CAMPO ADICIONAL ATUALIZADO: CURSO TÉCNICO RETORNO - INSTRUTOR = 2026 VIVO T41 GLAUCIO BVG
CAMPO ADICIONAL ATUALIZADO: CURSO TÉCNICO RETORNO - DATA TÉRMINO = 2026-06-08 00:00:00
CAMPO ADICIONAL ATUALIZADO: DUPLADO FASE 2 - DATA INÍCIO = -
CAMPO ADICIONAL ATUALIZADO: DUPLADO FASE 2 - DATA TÉRMINO = -
CAMPO ADICIONAL ATUALIZADO: DUPLADO FASE 2 - GER. REGIONAL = -
CAMPO ADICIONAL ATUALIZADO: DUPLADO FASE 2 - LOCAL DE APRESENTAÇÃO = -
Processando usuário existente: r061074 (Matrícula: 61074)
SENHA ATUALIZADA: r@53851
CAMPO ADICIONAL ATUALIZADO: CADASTRO - FUNÇÃO = MULTI SKILL OPT CON
CAMPO ADICIONAL ATUALIZADO: CADASTRO - ADMISSÃO = 2026-05-06 00:00:00
CAMPO ADICIONAL ATUALIZADO: CADASTRO - GERENTE REGIONAL = ALISSON DE JESUS CARVALHO
CAMPO ADICIONAL ATUALIZADO: CADASTRO - GERENTE CORPORATIVO = FABIO CONCEICAO DOS SANTOS
CAMPO ADICIONAL ATUALIZADO: INTEGRAÇÃO - MODALIDADE = PRESENCIAL
CAMPO ADICIONAL ATUALIZADO: INTEGRAÇÃO - LOCAL = RUA SÃO QUIRINO, 758 - VILA GUILHERME - SÃO PAULO - SP
CAMPO ADICIONAL ATUALIZADO: INTEGRAÇÃO - DATA INÍCIO = 2026-05-06 00:00:00
CAMPO ADICIONAL ATUALIZADO: INTEGRAÇÃO - DATA TÉRMINO = 2026-05-06 00:00:00
CAMPO ADICIONAL ATUALIZADO: INTEGRAÇÃO - INSTRUTOR = GELSIVAN
CAMPO ADICIONAL ATUALIZADO: 1ª RETIRADA - CARREGAMENTO - LOCAL = RUA SÃO QUIRINO, 758 - VILA GUILHERME - SÃO PAULO - SP
CAMPO ADICIONAL ATUALIZADO: 1ª RETIRADA - CARREGAMENTO - DATA DE CARREGAMENTO = 2026-05-13 00:00:00
CAMPO ADICIONAL ATUALIZADO: INTRODUÇÃO A SAÚDE E SEGURANÇA DO TRABALHO - MODALIDADE = ONLINE T2
CAMPO ADICIONAL ATUALIZADO: INTRODUÇÃO A SAÚDE E SEGURANÇA DO TRABALHO - LOCAL = https://teams.microsoft.com/meet/238144599512544?p=NPH77zpsohs8Eugsac
CAMPO ADICIONAL ATUALIZADO: INTRODUÇÃO A SAÚDE E SEGURANÇA DO TRABALHO - DATA INÍCIO = 2026-05-07 00:00:00
CAMPO ADICIONAL ATUALIZADO: INTRODUÇÃO A SAÚDE E SEGURANÇA DO TRABALHO - DATA TÉRMINO = 2026-05-07 00:00:00
CAMPO ADICIONAL ATUALIZADO: INTRODUÇÃO A SAÚDE E SEGURANÇA DO TRABALHO - INSTRUTOR = SESMT
CAMPO ADICIONAL ATUALIZADO: NORMATIVO (ONLINE) - DATA INÍCIO = 2026-05-08 00:00:00
CAMPO ADICIONAL ATUALIZADO: NORMATIVO (ONLINE) - DATA TÉRMINO = 2026-05-12 00:00:00
CAMPO ADICIONAL ATUALIZADO: NORMATIVO (ONLINE) - INSTRUTOR = RODRIGO
CAMPO ADICIONAL ATUALIZADO: NORMATIVO (ONLINE) - ACESSO = https://teams.microsoft.com/meet/223076657036901?p=MZm9fP8B2rcltNC8uf
CAMPO ADICIONAL ATUALIZADO: NORMATIVO (PRESENCIAL) - LOCAL = RUA SÃO QUIRINO, 758 - VILA GUILHERME - SÃO PAULO - SP
CAMPO ADICIONAL ATUALIZADO: NORMATIVO (PRESENCIAL) - DATA INÍCIO = 2026-05-13 00:00:00
CAMPO ADICIONAL ATUALIZADO: NORMATIVO (PRESENCIAL) - DATA TÉRMINO = 2026-05-14 00:00:00
CAMPO ADICIONAL ATUALIZADO: NORMATIVO (PRESENCIAL) - INSTRUTOR = RODRIGO
CAMPO ADICIONAL ATUALIZADO: 2ª RETIRADA - CARREGAMENTO - DATA DE CARREGAMENTO = 2026-06-09 00:00:00
CAMPO ADICIONAL ATUALIZADO: 2ª RETIRADA - CARREGAMENTO - LOCAL = RUA SÃO QUIRINO, 758 - VILA GUILHERME - SÃO PAULO - SP
CAMPO ADICIONAL ATUALIZADO: OPERAÇÃO - DATA DE OPERAÇÃO = 2026-06-10 00:00:00
CAMPO ADICIONAL ATUALIZADO: OPERAÇÃO - LOCAL = RUA SÃO QUIRINO, 758 - VILA GUILHERME - SÃO PAULO - SP
CAMPO ADICIONAL ATUALIZADO: CURSO TÉCNICO - MODALIDADE = PRESENCIAL
CAMPO ADICIONAL ATUALIZADO: CURSO TÉCNICO - LOCAL = RUA SÃO QUIRINO, 758 - VILA GUILHERME - SÃO PAULO - SP
CAMPO ADICIONAL ATUALIZADO: CURSO TÉCNICO - DATA INÍCIO = 2026-05-15 00:00:00
CAMPO ADICIONAL ATUALIZADO: CURSO TÉCNICO - DATA TÉRMINO = 2026-05-20 00:00:00
CAMPO ADICIONAL ATUALIZADO: CURSO TÉCNICO - INSTRUTOR = 2026 VIVO T41 GLAUCIO BVG
CAMPO ADICIONAL ATUALIZADO: DUPLADO - DATA INÍCIO = 2026-05-21 00:00:00
CAMPO ADICIONAL ATUALIZADO: DUPLADO - DATA TÉRMINO = 2026-06-03 00:00:00
CAMPO ADICIONAL ATUALIZADO: DUPLADO - GER. REGIONAL = -
CAMPO ADICIONAL ATUALIZADO: DUPLADO - LOCAL DE APRESENTAÇÃO = RUA SÃO QUIRINO, 758 - VILA GUILHERME - SÃO PAULO - SP
CAMPO ADICIONAL ATUALIZADO: CURSO TÉCNICO RETORNO - MODALIDADE = PRESENCIAL
CAMPO ADICIONAL ATUALIZADO: CURSO TÉCNICO RETORNO - LOCAL = RUA SÃO QUIRINO, 758 - VILA GUILHERME - SÃO PAULO - SP
CAMPO ADICIONAL ATUALIZADO: CURSO TÉCNICO RETORNO - DATA INÍCIO = 2026-06-05 00:00:00
CAMPO ADICIONAL ATUALIZADO: CURSO TÉCNICO RETORNO - INSTRUTOR = 2026 VIVO T41 GLAUCIO BVG
CAMPO ADICIONAL ATUALIZADO: CURSO TÉCNICO RETORNO - DATA TÉRMINO = 2026-06-08 00:00:00
CAMPO ADICIONAL ATUALIZADO: DUPLADO FASE 2 - DATA INÍCIO = -
CAMPO ADICIONAL ATUALIZADO: DUPLADO FASE 2 - DATA TÉRMINO = -
CAMPO ADICIONAL ATUALIZADO: DUPLADO FASE 2 - GER. REGIONAL = -
CAMPO ADICIONAL ATUALIZADO: DUPLADO FASE 2 - LOCAL DE APRESENTAÇÃO = -
Processando usuário existente: r061090 (Matrícula: 61090)
SENHA ATUALIZADA: r@95880
CAMPO ADICIONAL ATUALIZADO: CADASTRO - FUNÇÃO = MULTI SKILL OPT CON
CAMPO ADICIONAL ATUALIZADO: CADASTRO - ADMISSÃO = 2026-05-06 00:00:00
CAMPO ADICIONAL ATUALIZADO: CADASTRO - GERENTE REGIONAL = ANDRE FLOR GOMES
CAMPO ADICIONAL ATUALIZADO: CADASTRO - GERENTE CORPORATIVO = ODLEI RICARDO DOS REIS
CAMPO ADICIONAL ATUALIZADO: INTEGRAÇÃO - MODALIDADE = PRESENCIAL
CAMPO ADICIONAL ATUALIZADO: INTEGRAÇÃO - LOCAL = RUA SÃO QUIRINO, 758 - VILA GUILHERME - SÃO PAULO - SP
CAMPO ADICIONAL ATUALIZADO: INTEGRAÇÃO - DATA INÍCIO = 2026-05-06 00:00:00
CAMPO ADICIONAL ATUALIZADO: INTEGRAÇÃO - DATA TÉRMINO = 2026-05-06 00:00:00
CAMPO ADICIONAL ATUALIZADO: INTEGRAÇÃO - INSTRUTOR = GELSIVAN
CAMPO ADICIONAL ATUALIZADO: 1ª RETIRADA - CARREGAMENTO - LOCAL = RUA ÁLVARO ALVIM, 1123 - PAULICÉIA - SÃO BERNARDO DO CAMPO - SP
CAMPO ADICIONAL ATUALIZADO: 1ª RETIRADA - CARREGAMENTO - DATA DE CARREGAMENTO = 2026-05-13 00:00:00
CAMPO ADICIONAL ATUALIZADO: INTRODUÇÃO A SAÚDE E SEGURANÇA DO TRABALHO - MODALIDADE = ONLINE T2
CAMPO ADICIONAL ATUALIZADO: INTRODUÇÃO A SAÚDE E SEGURANÇA DO TRABALHO - LOCAL = https://teams.microsoft.com/meet/238144599512544?p=NPH77zpsohs8Eugsac
CAMPO ADICIONAL ATUALIZADO: INTRODUÇÃO A SAÚDE E SEGURANÇA DO TRABALHO - DATA INÍCIO = 2026-05-07 00:00:00
CAMPO ADICIONAL ATUALIZADO: INTRODUÇÃO A SAÚDE E SEGURANÇA DO TRABALHO - DATA TÉRMINO = 2026-05-07 00:00:00
CAMPO ADICIONAL ATUALIZADO: INTRODUÇÃO A SAÚDE E SEGURANÇA DO TRABALHO - INSTRUTOR = SESMT
CAMPO ADICIONAL ATUALIZADO: NORMATIVO (ONLINE) - DATA INÍCIO = 2026-05-08 00:00:00
CAMPO ADICIONAL ATUALIZADO: NORMATIVO (ONLINE) - DATA TÉRMINO = 2026-05-12 00:00:00
CAMPO ADICIONAL ATUALIZADO: NORMATIVO (ONLINE) - INSTRUTOR = RODRIGO
CAMPO ADICIONAL ATUALIZADO: NORMATIVO (ONLINE) - ACESSO = https://teams.microsoft.com/meet/223076657036901?p=MZm9fP8B2rcltNC8uf
CAMPO ADICIONAL ATUALIZADO: NORMATIVO (PRESENCIAL) - LOCAL = RUA ÁLVARO ALVIM, 1123 - PAULICÉIA - SÃO BERNARDO DO CAMPO - SP
CAMPO ADICIONAL ATUALIZADO: NORMATIVO (PRESENCIAL) - DATA INÍCIO = 2026-05-13 00:00:00
CAMPO ADICIONAL ATUALIZADO: NORMATIVO (PRESENCIAL) - DATA TÉRMINO = 2026-05-14 00:00:00
CAMPO ADICIONAL ATUALIZADO: NORMATIVO (PRESENCIAL) - INSTRUTOR = RODRIGO
CAMPO ADICIONAL ATUALIZADO: 2ª RETIRADA - CARREGAMENTO - DATA DE CARREGAMENTO = 2026-06-09 00:00:00
CAMPO ADICIONAL ATUALIZADO: 2ª RETIRADA - CARREGAMENTO - LOCAL = RUA SÃO QUIRINO, 758 - VILA GUILHERME - SÃO PAULO - SP
CAMPO ADICIONAL ATUALIZADO: OPERAÇÃO - DATA DE OPERAÇÃO = 2026-06-10 00:00:00
CAMPO ADICIONAL ATUALIZADO: OPERAÇÃO - LOCAL = RUA ÁLVARO ALVIM, 1123 - PAULICÉIA - SÃO BERNARDO DO CAMPO - SP
CAMPO ADICIONAL ATUALIZADO: CURSO TÉCNICO - MODALIDADE = PRESENCIAL
CAMPO ADICIONAL ATUALIZADO: CURSO TÉCNICO - LOCAL = RUA SÃO QUIRINO, 758 - VILA GUILHERME - SÃO PAULO - SP
CAMPO ADICIONAL ATUALIZADO: CURSO TÉCNICO - DATA INÍCIO = 2026-05-15 00:00:00
CAMPO ADICIONAL ATUALIZADO: CURSO TÉCNICO - DATA TÉRMINO = 2026-05-20 00:00:00
CAMPO ADICIONAL ATUALIZADO: CURSO TÉCNICO - INSTRUTOR = 2026 VIVO T41 GLAUCIO BVG
CAMPO ADICIONAL ATUALIZADO: DUPLADO - DATA INÍCIO = 2026-05-21 00:00:00
CAMPO ADICIONAL ATUALIZADO: DUPLADO - DATA TÉRMINO = 2026-06-03 00:00:00
CAMPO ADICIONAL ATUALIZADO: DUPLADO - GER. REGIONAL = -
CAMPO ADICIONAL ATUALIZADO: DUPLADO - LOCAL DE APRESENTAÇÃO = RUA ÁLVARO ALVIM, 1123 - PAULICÉIA - SÃO BERNARDO DO CAMPO - SP
CAMPO ADICIONAL ATUALIZADO: CURSO TÉCNICO RETORNO - MODALIDADE = PRESENCIAL
CAMPO ADICIONAL ATUALIZADO: CURSO TÉCNICO RETORNO - LOCAL = RUA ÁLVARO ALVIM, 1123 - PAULICÉIA - SÃO BERNARDO DO CAMPO - SP
CAMPO ADICIONAL ATUALIZADO: CURSO TÉCNICO RETORNO - DATA INÍCIO = 2026-06-05 00:00:00
CAMPO ADICIONAL ATUALIZADO: CURSO TÉCNICO RETORNO - INSTRUTOR = 2026 VIVO T41 GLAUCIO BVG
CAMPO ADICIONAL ATUALIZADO: CURSO TÉCNICO RETORNO - DATA TÉRMINO = 2026-06-08 00:00:00
CAMPO ADICIONAL ATUALIZADO: DUPLADO FASE 2 - DATA INÍCIO = -
CAMPO ADICIONAL ATUALIZADO: DUPLADO FASE 2 - DATA TÉRMINO = -
CAMPO ADICIONAL ATUALIZADO: DUPLADO FASE 2 - GER. REGIONAL = -
CAMPO ADICIONAL ATUALIZADO: DUPLADO FASE 2 - LOCAL DE APRESENTAÇÃO = -
Processando usuário existente: r061075 (Matrícula: 61075)
SENHA ATUALIZADA: r@85806
CAMPO ADICIONAL ATUALIZADO: CADASTRO - FUNÇÃO = MULTI SKILL OPT CON
CAMPO ADICIONAL ATUALIZADO: CADASTRO - ADMISSÃO = 2026-05-06 00:00:00
CAMPO ADICIONAL ATUALIZADO: CADASTRO - GERENTE REGIONAL = ALEXANDRE LYSAK
CAMPO ADICIONAL ATUALIZADO: CADASTRO - GERENTE CORPORATIVO = JANA ROSA DE ALMEIDA SIZOTTO
CAMPO ADICIONAL ATUALIZADO: INTEGRAÇÃO - MODALIDADE = PRESENCIAL
CAMPO ADICIONAL ATUALIZADO: INTEGRAÇÃO - LOCAL = RUA SÃO QUIRINO, 758 - VILA GUILHERME - SÃO PAULO - SP
CAMPO ADICIONAL ATUALIZADO: INTEGRAÇÃO - DATA INÍCIO = 2026-05-06 00:00:00
CAMPO ADICIONAL ATUALIZADO: INTEGRAÇÃO - DATA TÉRMINO = 2026-05-06 00:00:00
CAMPO ADICIONAL ATUALIZADO: INTEGRAÇÃO - INSTRUTOR = GELSIVAN
CAMPO ADICIONAL ATUALIZADO: 1ª RETIRADA - CARREGAMENTO - LOCAL = RUA SÃO QUIRINO, 758 - VILA GUILHERME - SÃO PAULO - SP
CAMPO ADICIONAL ATUALIZADO: 1ª RETIRADA - CARREGAMENTO - DATA DE CARREGAMENTO = 2026-05-13 00:00:00
CAMPO ADICIONAL ATUALIZADO: INTRODUÇÃO A SAÚDE E SEGURANÇA DO TRABALHO - MODALIDADE = ONLINE T2
CAMPO ADICIONAL ATUALIZADO: INTRODUÇÃO A SAÚDE E SEGURANÇA DO TRABALHO - LOCAL = https://teams.microsoft.com/meet/238144599512544?p=NPH77zpsohs8Eugsac
CAMPO ADICIONAL ATUALIZADO: INTRODUÇÃO A SAÚDE E SEGURANÇA DO TRABALHO - DATA INÍCIO = 2026-05-07 00:00:00
CAMPO ADICIONAL ATUALIZADO: INTRODUÇÃO A SAÚDE E SEGURANÇA DO TRABALHO - DATA TÉRMINO = 2026-05-07 00:00:00
CAMPO ADICIONAL ATUALIZADO: INTRODUÇÃO A SAÚDE E SEGURANÇA DO TRABALHO - INSTRUTOR = SESMT
CAMPO ADICIONAL ATUALIZADO: NORMATIVO (ONLINE) - DATA INÍCIO = 2026-05-08 00:00:00
CAMPO ADICIONAL ATUALIZADO: NORMATIVO (ONLINE) - DATA TÉRMINO = 2026-05-12 00:00:00
CAMPO ADICIONAL ATUALIZADO: NORMATIVO (ONLINE) - INSTRUTOR = RODRIGO
CAMPO ADICIONAL ATUALIZADO: NORMATIVO (ONLINE) - ACESSO = https://teams.microsoft.com/meet/223076657036901?p=MZm9fP8B2rcltNC8uf
CAMPO ADICIONAL ATUALIZADO: NORMATIVO (PRESENCIAL) - LOCAL = RUA SÃO QUIRINO, 758 - VILA GUILHERME - SÃO PAULO - SP
CAMPO ADICIONAL ATUALIZADO: NORMATIVO (PRESENCIAL) - DATA INÍCIO = 2026-05-13 00:00:00
CAMPO ADICIONAL ATUALIZADO: NORMATIVO (PRESENCIAL) - DATA TÉRMINO = 2026-05-14 00:00:00
CAMPO ADICIONAL ATUALIZADO: NORMATIVO (PRESENCIAL) - INSTRUTOR = RODRIGO
CAMPO ADICIONAL ATUALIZADO: 2ª RETIRADA - CARREGAMENTO - DATA DE CARREGAMENTO = 2026-06-09 00:00:00
CAMPO ADICIONAL ATUALIZADO: 2ª RETIRADA - CARREGAMENTO - LOCAL = RUA SÃO QUIRINO, 758 - VILA GUILHERME - SÃO PAULO - SP
CAMPO ADICIONAL ATUALIZADO: OPERAÇÃO - DATA DE OPERAÇÃO = 2026-06-10 00:00:00
CAMPO ADICIONAL ATUALIZADO: OPERAÇÃO - LOCAL = RUA SÃO QUIRINO, 758 - VILA GUILHERME - SÃO PAULO - SP
CAMPO ADICIONAL ATUALIZADO: CURSO TÉCNICO - MODALIDADE = PRESENCIAL
CAMPO ADICIONAL ATUALIZADO: CURSO TÉCNICO - LOCAL = RUA SÃO QUIRINO, 758 - VILA GUILHERME - SÃO PAULO - SP
CAMPO ADICIONAL ATUALIZADO: CURSO TÉCNICO - DATA INÍCIO = 2026-05-15 00:00:00
CAMPO ADICIONAL ATUALIZADO: CURSO TÉCNICO - DATA TÉRMINO = 2026-05-20 00:00:00
CAMPO ADICIONAL ATUALIZADO: CURSO TÉCNICO - INSTRUTOR = 2026 VIVO T41 GLAUCIO BVG
CAMPO ADICIONAL ATUALIZADO: DUPLADO - DATA INÍCIO = 2026-05-21 00:00:00
CAMPO ADICIONAL ATUALIZADO: DUPLADO - DATA TÉRMINO = 2026-06-03 00:00:00
CAMPO ADICIONAL ATUALIZADO: DUPLADO - GER. REGIONAL = -
CAMPO ADICIONAL ATUALIZADO: DUPLADO - LOCAL DE APRESENTAÇÃO = RUA SÃO QUIRINO, 758 - VILA GUILHERME - SÃO PAULO - SP
CAMPO ADICIONAL ATUALIZADO: CURSO TÉCNICO RETORNO - MODALIDADE = PRESENCIAL
CAMPO ADICIONAL ATUALIZADO: CURSO TÉCNICO RETORNO - LOCAL = RUA SÃO QUIRINO, 758 - VILA GUILHERME - SÃO PAULO - SP
CAMPO ADICIONAL ATUALIZADO: CURSO TÉCNICO RETORNO - DATA INÍCIO = 2026-06-05 00:00:00
CAMPO ADICIONAL ATUALIZADO: CURSO TÉCNICO RETORNO - INSTRUTOR = 2026 VIVO T41 GLAUCIO BVG
CAMPO ADICIONAL ATUALIZADO: CURSO TÉCNICO RETORNO - DATA TÉRMINO = 2026-06-08 00:00:00
CAMPO ADICIONAL ATUALIZADO: DUPLADO FASE 2 - DATA INÍCIO = -
CAMPO ADICIONAL ATUALIZADO: DUPLADO FASE 2 - DATA TÉRMINO = -
CAMPO ADICIONAL ATUALIZADO: DUPLADO FASE 2 - GER. REGIONAL = -
CAMPO ADICIONAL ATUALIZADO: DUPLADO FASE 2 - LOCAL DE APRESENTAÇÃO = -
Processando usuário existente: r061076 (Matrícula: 61076)
SENHA ATUALIZADA: r@17863
CAMPO ADICIONAL ATUALIZADO: CADASTRO - FUNÇÃO = MULTI SKILL OPT CON
CAMPO ADICIONAL ATUALIZADO: CADASTRO - ADMISSÃO = 2026-05-06 00:00:00
CAMPO ADICIONAL ATUALIZADO: CADASTRO - GERENTE REGIONAL = ALISSON DE JESUS CARVALHO
CAMPO ADICIONAL ATUALIZADO: CADASTRO - GERENTE CORPORATIVO = FABIO CONCEICAO DOS SANTOS
CAMPO ADICIONAL ATUALIZADO: INTEGRAÇÃO - MODALIDADE = PRESENCIAL
CAMPO ADICIONAL ATUALIZADO: INTEGRAÇÃO - LOCAL = RUA SÃO QUIRINO, 758 - VILA GUILHERME - SÃO PAULO - SP
CAMPO ADICIONAL ATUALIZADO: INTEGRAÇÃO - DATA INÍCIO = 2026-05-06 00:00:00
CAMPO ADICIONAL ATUALIZADO: INTEGRAÇÃO - DATA TÉRMINO = 2026-05-06 00:00:00
CAMPO ADICIONAL ATUALIZADO: INTEGRAÇÃO - INSTRUTOR = GELSIVAN
CAMPO ADICIONAL ATUALIZADO: 1ª RETIRADA - CARREGAMENTO - LOCAL = RUA ÁLVARO ALVIM, 1123 - PAULICÉIA - SÃO BERNARDO DO CAMPO - SP
CAMPO ADICIONAL ATUALIZADO: 1ª RETIRADA - CARREGAMENTO - DATA DE CARREGAMENTO = 2026-05-13 00:00:00
CAMPO ADICIONAL ATUALIZADO: INTRODUÇÃO A SAÚDE E SEGURANÇA DO TRABALHO - MODALIDADE = ONLINE T2
CAMPO ADICIONAL ATUALIZADO: INTRODUÇÃO A SAÚDE E SEGURANÇA DO TRABALHO - LOCAL = https://teams.microsoft.com/meet/238144599512544?p=NPH77zpsohs8Eugsac
CAMPO ADICIONAL ATUALIZADO: INTRODUÇÃO A SAÚDE E SEGURANÇA DO TRABALHO - DATA INÍCIO = 2026-05-07 00:00:00
CAMPO ADICIONAL ATUALIZADO: INTRODUÇÃO A SAÚDE E SEGURANÇA DO TRABALHO - DATA TÉRMINO = 2026-05-07 00:00:00
CAMPO ADICIONAL ATUALIZADO: INTRODUÇÃO A SAÚDE E SEGURANÇA DO TRABALHO - INSTRUTOR = SESMT
CAMPO ADICIONAL ATUALIZADO: NORMATIVO (ONLINE) - DATA INÍCIO = 2026-05-08 00:00:00
CAMPO ADICIONAL ATUALIZADO: NORMATIVO (ONLINE) - DATA TÉRMINO = 2026-05-12 00:00:00
CAMPO ADICIONAL ATUALIZADO: NORMATIVO (ONLINE) - INSTRUTOR = RODRIGO
CAMPO ADICIONAL ATUALIZADO: NORMATIVO (ONLINE) - ACESSO = https://teams.microsoft.com/meet/223076657036901?p=MZm9fP8B2rcltNC8uf
CAMPO ADICIONAL ATUALIZADO: NORMATIVO (PRESENCIAL) - LOCAL = RUA ÁLVARO ALVIM, 1123 - PAULICÉIA - SÃO BERNARDO DO CAMPO - SP
CAMPO ADICIONAL ATUALIZADO: NORMATIVO (PRESENCIAL) - DATA INÍCIO = 2026-05-13 00:00:00
CAMPO ADICIONAL ATUALIZADO: NORMATIVO (PRESENCIAL) - DATA TÉRMINO = 2026-05-14 00:00:00
CAMPO ADICIONAL ATUALIZADO: NORMATIVO (PRESENCIAL) - INSTRUTOR = RODRIGO
CAMPO ADICIONAL ATUALIZADO: 2ª RETIRADA - CARREGAMENTO - DATA DE CARREGAMENTO = 2026-06-09 00:00:00
CAMPO ADICIONAL ATUALIZADO: 2ª RETIRADA - CARREGAMENTO - LOCAL = RUA SÃO QUIRINO, 758 - VILA GUILHERME - SÃO PAULO - SP
CAMPO ADICIONAL ATUALIZADO: OPERAÇÃO - DATA DE OPERAÇÃO = 2026-06-10 00:00:00
CAMPO ADICIONAL ATUALIZADO: OPERAÇÃO - LOCAL = RUA SÃO QUIRINO, 758 - VILA GUILHERME - SÃO PAULO - SP
CAMPO ADICIONAL ATUALIZADO: CURSO TÉCNICO - MODALIDADE = PRESENCIAL
CAMPO ADICIONAL ATUALIZADO: CURSO TÉCNICO - LOCAL = RUA SÃO QUIRINO, 758 - VILA GUILHERME - SÃO PAULO - SP
CAMPO ADICIONAL ATUALIZADO: CURSO TÉCNICO - DATA INÍCIO = 2026-05-15 00:00:00
CAMPO ADICIONAL ATUALIZADO: CURSO TÉCNICO - DATA TÉRMINO = 2026-05-20 00:00:00
CAMPO ADICIONAL ATUALIZADO: CURSO TÉCNICO - INSTRUTOR = 2026 VIVO T41 GLAUCIO BVG
CAMPO ADICIONAL ATUALIZADO: DUPLADO - DATA INÍCIO = 2026-05-21 00:00:00
CAMPO ADICIONAL ATUALIZADO: DUPLADO - DATA TÉRMINO = 2026-06-03 00:00:00
CAMPO ADICIONAL ATUALIZADO: DUPLADO - GER. REGIONAL = -
CAMPO ADICIONAL ATUALIZADO: DUPLADO - LOCAL DE APRESENTAÇÃO = RUA SÃO QUIRINO, 758 - VILA GUILHERME - SÃO PAULO - SP
CAMPO ADICIONAL ATUALIZADO: CURSO TÉCNICO RETORNO - MODALIDADE = PRESENCIAL
CAMPO ADICIONAL ATUALIZADO: CURSO TÉCNICO RETORNO - LOCAL = RUA SÃO QUIRINO, 758 - VILA GUILHERME - SÃO PAULO - SP
CAMPO ADICIONAL ATUALIZADO: CURSO TÉCNICO RETORNO - DATA INÍCIO = 2026-06-05 00:00:00
CAMPO ADICIONAL ATUALIZADO: CURSO TÉCNICO RETORNO - INSTRUTOR = 2026 VIVO T41 GLAUCIO BVG
CAMPO ADICIONAL ATUALIZADO: CURSO TÉCNICO RETORNO - DATA TÉRMINO = 2026-06-08 00:00:00
CAMPO ADICIONAL ATUALIZADO: DUPLADO FASE 2 - DATA INÍCIO = -
CAMPO ADICIONAL ATUALIZADO: DUPLADO FASE 2 - DATA TÉRMINO = -
CAMPO ADICIONAL ATUALIZADO: DUPLADO FASE 2 - GER. REGIONAL = -
CAMPO ADICIONAL ATUALIZADO: DUPLADO FASE 2 - LOCAL DE APRESENTAÇÃO = -
Processando usuário existente: r061077 (Matrícula: 61077)
Tentativa de login - Login: r060964, Senha: r@11809
Carregado data\users.json em 0.179s
USUARIO ENCONTRADO: r060964 (ID: 378)
Hash: scrypt:32768:8:1$NlHKB9uzARpH2ELX$c9d6198e03360c90...
SENHA ATUALIZADA: r@03830
CAMPO ADICIONAL ATUALIZADO: CADASTRO - FUNÇÃO = MULTI SKILL OPT CON
CAMPO ADICIONAL ATUALIZADO: CADASTRO - ADMISSÃO = 2026-05-06 00:00:00
CAMPO ADICIONAL ATUALIZADO: CADASTRO - GERENTE REGIONAL = ANDRE FLOR GOMES
CAMPO ADICIONAL ATUALIZADO: CADASTRO - GERENTE CORPORATIVO = ODLEI RICARDO DOS REIS
CAMPO ADICIONAL ATUALIZADO: INTEGRAÇÃO - MODALIDADE = PRESENCIAL
CAMPO ADICIONAL ATUALIZADO: INTEGRAÇÃO - LOCAL = RUA SÃO QUIRINO, 758 - VILA GUILHERME - SÃO PAULO - SP
CAMPO ADICIONAL ATUALIZADO: INTEGRAÇÃO - DATA INÍCIO = 2026-05-06 00:00:00
CAMPO ADICIONAL ATUALIZADO: INTEGRAÇÃO - DATA TÉRMINO = 2026-05-06 00:00:00
CAMPO ADICIONAL ATUALIZADO: INTEGRAÇÃO - INSTRUTOR = GELSIVAN
CAMPO ADICIONAL ATUALIZADO: 1ª RETIRADA - CARREGAMENTO - LOCAL = RUA SÃO QUIRINO, 758 - VILA GUILHERME - SÃO PAULO - SP
CAMPO ADICIONAL ATUALIZADO: 1ª RETIRADA - CARREGAMENTO - DATA DE CARREGAMENTO = 2026-05-13 00:00:00
CAMPO ADICIONAL ATUALIZADO: INTRODUÇÃO A SAÚDE E SEGURANÇA DO TRABALHO - MODALIDADE = ONLINE T2
CAMPO ADICIONAL ATUALIZADO: INTRODUÇÃO A SAÚDE E SEGURANÇA DO TRABALHO - LOCAL = https://teams.microsoft.com/meet/238144599512544?p=NPH77zpsohs8Eugsac
CAMPO ADICIONAL ATUALIZADO: INTRODUÇÃO A SAÚDE E SEGURANÇA DO TRABALHO - DATA INÍCIO = 2026-05-07 00:00:00
CAMPO ADICIONAL ATUALIZADO: INTRODUÇÃO A SAÚDE E SEGURANÇA DO TRABALHO - DATA TÉRMINO = 2026-05-07 00:00:00
CAMPO ADICIONAL ATUALIZADO: INTRODUÇÃO A SAÚDE E SEGURANÇA DO TRABALHO - INSTRUTOR = SESMT
CAMPO ADICIONAL ATUALIZADO: NORMATIVO (ONLINE) - DATA INÍCIO = 2026-05-08 00:00:00
CAMPO ADICIONAL ATUALIZADO: NORMATIVO (ONLINE) - DATA TÉRMINO = 2026-05-12 00:00:00
CAMPO ADICIONAL ATUALIZADO: NORMATIVO (ONLINE) - INSTRUTOR = RODRIGO
CAMPO ADICIONAL ATUALIZADO: NORMATIVO (ONLINE) - ACESSO = https://teams.microsoft.com/meet/223076657036901?p=MZm9fP8B2rcltNC8uf
CAMPO ADICIONAL ATUALIZADO: NORMATIVO (PRESENCIAL) - LOCAL = RUA SÃO QUIRINO, 758 - VILA GUILHERME - SÃO PAULO - SP
CAMPO ADICIONAL ATUALIZADO: NORMATIVO (PRESENCIAL) - DATA INÍCIO = 2026-05-13 00:00:00
CAMPO ADICIONAL ATUALIZADO: NORMATIVO (PRESENCIAL) - DATA TÉRMINO = 2026-05-14 00:00:00
CAMPO ADICIONAL ATUALIZADO: NORMATIVO (PRESENCIAL) - INSTRUTOR = RODRIGO
CAMPO ADICIONAL ATUALIZADO: 2ª RETIRADA - CARREGAMENTO - DATA DE CARREGAMENTO = 2026-06-09 00:00:00
CAMPO ADICIONAL ATUALIZADO: 2ª RETIRADA - CARREGAMENTO - LOCAL = RUA SÃO QUIRINO, 758 - VILA GUILHERME - SÃO PAULO - SP
CAMPO ADICIONAL ATUALIZADO: OPERAÇÃO - DATA DE OPERAÇÃO = 2026-06-10 00:00:00
CAMPO ADICIONAL ATUALIZADO: OPERAÇÃO - LOCAL = RUA ÁLVARO ALVIM, 1123 - PAULICÉIA - SÃO BERNARDO DO CAMPO - SP
CAMPO ADICIONAL ATUALIZADO: CURSO TÉCNICO - MODALIDADE = PRESENCIAL
CAMPO ADICIONAL ATUALIZADO: CURSO TÉCNICO - LOCAL = RUA SÃO QUIRINO, 758 - VILA GUILHERME - SÃO PAULO - SP
CAMPO ADICIONAL ATUALIZADO: CURSO TÉCNICO - DATA INÍCIO = 2026-05-15 00:00:00
CAMPO ADICIONAL ATUALIZADO: CURSO TÉCNICO - DATA TÉRMINO = 2026-05-20 00:00:00
CAMPO ADICIONAL ATUALIZADO: CURSO TÉCNICO - INSTRUTOR = 2026 VIVO T41 GLAUCIO BVG
CAMPO ADICIONAL ATUALIZADO: DUPLADO - DATA INÍCIO = 2026-05-21 00:00:00
CAMPO ADICIONAL ATUALIZADO: DUPLADO - DATA TÉRMINO = 2026-06-03 00:00:00
CAMPO ADICIONAL ATUALIZADO: DUPLADO - GER. REGIONAL = -
CAMPO ADICIONAL ATUALIZADO: DUPLADO - LOCAL DE APRESENTAÇÃO = RUA ÁLVARO ALVIM, 1123 - PAULICÉIA - SÃO BERNARDO DO CAMPO - SP
CAMPO ADICIONAL ATUALIZADO: CURSO TÉCNICO RETORNO - MODALIDADE = PRESENCIAL
CAMPO ADICIONAL ATUALIZADO: CURSO TÉCNICO RETORNO - LOCAL = RUA ÁLVARO ALVIM, 1123 - PAULICÉIA - SÃO BERNARDO DO CAMPO - SP
CAMPO ADICIONAL ATUALIZADO: CURSO TÉCNICO RETORNO - DATA INÍCIO = 2026-06-05 00:00:00
CAMPO ADICIONAL ATUALIZADO: CURSO TÉCNICO RETORNO - INSTRUTOR = 2026 VIVO T41 GLAUCIO BVG
CAMPO ADICIONAL ATUALIZADO: CURSO TÉCNICO RETORNO - DATA TÉRMINO = 2026-06-08 00:00:00
CAMPO ADICIONAL ATUALIZADO: DUPLADO FASE 2 - DATA INÍCIO = -
CAMPO ADICIONAL ATUALIZADO: DUPLADO FASE 2 - DATA TÉRMINO = -
CAMPO ADICIONAL ATUALIZADO: DUPLADO FASE 2 - GER. REGIONAL = -
CAMPO ADICIONAL ATUALIZADO: DUPLADO FASE 2 - LOCAL DE APRESENTAÇÃO = -
Processando usuário existente: r061080 (Matrícula: 61080)
VERIFICACAO SENHA: True
LOGIN SUCESSO: r060964
Tentativa de login - Login: r060964, Senha: r@11809
SENHA ATUALIZADA: r@86869
CAMPO ADICIONAL ATUALIZADO: CADASTRO - FUNÇÃO = MULTI SKILL OPT CON
CAMPO ADICIONAL ATUALIZADO: CADASTRO - ADMISSÃO = 2026-05-06 00:00:00
CAMPO ADICIONAL ATUALIZADO: CADASTRO - GERENTE REGIONAL = ALEXANDRE LYSAK
CAMPO ADICIONAL ATUALIZADO: CADASTRO - GERENTE CORPORATIVO = JANA ROSA DE ALMEIDA SIZOTTO
CAMPO ADICIONAL ATUALIZADO: INTEGRAÇÃO - MODALIDADE = PRESENCIAL
CAMPO ADICIONAL ATUALIZADO: INTEGRAÇÃO - LOCAL = RUA SÃO QUIRINO, 758 - VILA GUILHERME - SÃO PAULO - SP
CAMPO ADICIONAL ATUALIZADO: INTEGRAÇÃO - DATA INÍCIO = 2026-05-06 00:00:00
CAMPO ADICIONAL ATUALIZADO: INTEGRAÇÃO - DATA TÉRMINO = 2026-05-06 00:00:00
CAMPO ADICIONAL ATUALIZADO: INTEGRAÇÃO - INSTRUTOR = GELSIVAN
CAMPO ADICIONAL ATUALIZADO: 1ª RETIRADA - CARREGAMENTO - LOCAL = RUA ÁLVARO ALVIM, 1123 - PAULICÉIA - SÃO BERNARDO DO CAMPO - SP
CAMPO ADICIONAL ATUALIZADO: 1ª RETIRADA - CARREGAMENTO - DATA DE CARREGAMENTO = 2026-05-13 00:00:00
CAMPO ADICIONAL ATUALIZADO: INTRODUÇÃO A SAÚDE E SEGURANÇA DO TRABALHO - MODALIDADE = ONLINE T2
CAMPO ADICIONAL ATUALIZADO: INTRODUÇÃO A SAÚDE E SEGURANÇA DO TRABALHO - LOCAL = https://teams.microsoft.com/meet/238144599512544?p=NPH77zpsohs8Eugsac
CAMPO ADICIONAL ATUALIZADO: INTRODUÇÃO A SAÚDE E SEGURANÇA DO TRABALHO - DATA INÍCIO = 2026-05-07 00:00:00
CAMPO ADICIONAL ATUALIZADO: INTRODUÇÃO A SAÚDE E SEGURANÇA DO TRABALHO - DATA TÉRMINO = 2026-05-07 00:00:00
CAMPO ADICIONAL ATUALIZADO: INTRODUÇÃO A SAÚDE E SEGURANÇA DO TRABALHO - INSTRUTOR = SESMT
CAMPO ADICIONAL ATUALIZADO: NORMATIVO (ONLINE) - DATA INÍCIO = 2026-05-08 00:00:00
CAMPO ADICIONAL ATUALIZADO: NORMATIVO (ONLINE) - DATA TÉRMINO = 2026-05-12 00:00:00
CAMPO ADICIONAL ATUALIZADO: NORMATIVO (ONLINE) - INSTRUTOR = RODRIGO
CAMPO ADICIONAL ATUALIZADO: NORMATIVO (ONLINE) - ACESSO = https://teams.microsoft.com/meet/223076657036901?p=MZm9fP8B2rcltNC8uf
CAMPO ADICIONAL ATUALIZADO: NORMATIVO (PRESENCIAL) - LOCAL = RUA ÁLVARO ALVIM, 1123 - PAULICÉIA - SÃO BERNARDO DO CAMPO - SP
CAMPO ADICIONAL ATUALIZADO: NORMATIVO (PRESENCIAL) - DATA INÍCIO = 2026-05-13 00:00:00
CAMPO ADICIONAL ATUALIZADO: NORMATIVO (PRESENCIAL) - DATA TÉRMINO = 2026-05-14 00:00:00
CAMPO ADICIONAL ATUALIZADO: NORMATIVO (PRESENCIAL) - INSTRUTOR = RODRIGO
CAMPO ADICIONAL ATUALIZADO: 2ª RETIRADA - CARREGAMENTO - DATA DE CARREGAMENTO = 2026-06-09 00:00:00
CAMPO ADICIONAL ATUALIZADO: 2ª RETIRADA - CARREGAMENTO - LOCAL = RUA SÃO QUIRINO, 758 - VILA GUILHERME - SÃO PAULO - SP
CAMPO ADICIONAL ATUALIZADO: OPERAÇÃO - DATA DE OPERAÇÃO = 2026-06-10 00:00:00
CAMPO ADICIONAL ATUALIZADO: OPERAÇÃO - LOCAL = RUA SÃO QUIRINO, 758 - VILA GUILHERME - SÃO PAULO - SP
CAMPO ADICIONAL ATUALIZADO: CURSO TÉCNICO - MODALIDADE = PRESENCIAL
CAMPO ADICIONAL ATUALIZADO: CURSO TÉCNICO - LOCAL = RUA SÃO QUIRINO, 758 - VILA GUILHERME - SÃO PAULO - SP
CAMPO ADICIONAL ATUALIZADO: CURSO TÉCNICO - DATA INÍCIO = 2026-05-15 00:00:00
CAMPO ADICIONAL ATUALIZADO: CURSO TÉCNICO - DATA TÉRMINO = 2026-05-20 00:00:00
CAMPO ADICIONAL ATUALIZADO: CURSO TÉCNICO - INSTRUTOR = 2026 VIVO T41 GLAUCIO BVG
CAMPO ADICIONAL ATUALIZADO: DUPLADO - DATA INÍCIO = 2026-05-21 00:00:00
CAMPO ADICIONAL ATUALIZADO: DUPLADO - DATA TÉRMINO = 2026-06-03 00:00:00
CAMPO ADICIONAL ATUALIZADO: DUPLADO - GER. REGIONAL = -
CAMPO ADICIONAL ATUALIZADO: DUPLADO - LOCAL DE APRESENTAÇÃO = RUA SÃO QUIRINO, 758 - VILA GUILHERME - SÃO PAULO - SP
CAMPO ADICIONAL ATUALIZADO: CURSO TÉCNICO RETORNO - MODALIDADE = PRESENCIAL
CAMPO ADICIONAL ATUALIZADO: CURSO TÉCNICO RETORNO - LOCAL = RUA SÃO QUIRINO, 758 - VILA GUILHERME - SÃO PAULO - SP
CAMPO ADICIONAL ATUALIZADO: CURSO TÉCNICO RETORNO - DATA INÍCIO = 2026-06-05 00:00:00
CAMPO ADICIONAL ATUALIZADO: CURSO TÉCNICO RETORNO - INSTRUTOR = 2026 VIVO T41 GLAUCIO BVG
CAMPO ADICIONAL ATUALIZADO: CURSO TÉCNICO RETORNO - DATA TÉRMINO = 2026-06-08 00:00:00
CAMPO ADICIONAL ATUALIZADO: DUPLADO FASE 2 - DATA INÍCIO = -
CAMPO ADICIONAL ATUALIZADO: DUPLADO FASE 2 - DATA TÉRMINO = -
CAMPO ADICIONAL ATUALIZADO: DUPLADO FASE 2 - GER. REGIONAL = -
CAMPO ADICIONAL ATUALIZADO: DUPLADO FASE 2 - LOCAL DE APRESENTAÇÃO = -
Processando usuário existente: r061081 (Matrícula: 61081)
Carregado data\users.json em 0.623s
USUARIO ENCONTRADO: r060964 (ID: 378)
Hash: scrypt:32768:8:1$NlHKB9uzARpH2ELX$c9d6198e03360c90...
Erro ao carregar JSON data\users.json: Expecting property name enclosed in double quotes: line 31564 column 9 (char 1181112)
SENHA ATUALIZADA: r@92800
CAMPO ADICIONAL ATUALIZADO: CADASTRO - FUNÇÃO = MULTI SKILL OPT CON
CAMPO ADICIONAL ATUALIZADO: CADASTRO - ADMISSÃO = 2026-05-06 00:00:00
CAMPO ADICIONAL ATUALIZADO: CADASTRO - GERENTE REGIONAL = ALEXANDRE LYSAK
CAMPO ADICIONAL ATUALIZADO: CADASTRO - GERENTE CORPORATIVO = JANA ROSA DE ALMEIDA SIZOTTO
CAMPO ADICIONAL ATUALIZADO: INTEGRAÇÃO - MODALIDADE = PRESENCIAL
CAMPO ADICIONAL ATUALIZADO: INTEGRAÇÃO - LOCAL = RUA SÃO QUIRINO, 758 - VILA GUILHERME - SÃO PAULO - SP
CAMPO ADICIONAL ATUALIZADO: INTEGRAÇÃO - DATA INÍCIO = 2026-05-06 00:00:00
CAMPO ADICIONAL ATUALIZADO: INTEGRAÇÃO - DATA TÉRMINO = 2026-05-06 00:00:00
CAMPO ADICIONAL ATUALIZADO: INTEGRAÇÃO - INSTRUTOR = GELSIVAN
CAMPO ADICIONAL ATUALIZADO: 1ª RETIRADA - CARREGAMENTO - LOCAL = RUA ÁLVARO ALVIM, 1123 - PAULICÉIA - SÃO BERNARDO DO CAMPO - SP
CAMPO ADICIONAL ATUALIZADO: 1ª RETIRADA - CARREGAMENTO - DATA DE CARREGAMENTO = 2026-05-13 00:00:00
CAMPO ADICIONAL ATUALIZADO: INTRODUÇÃO A SAÚDE E SEGURANÇA DO TRABALHO - MODALIDADE = ONLINE T2
CAMPO ADICIONAL ATUALIZADO: INTRODUÇÃO A SAÚDE E SEGURANÇA DO TRABALHO - LOCAL = https://teams.microsoft.com/meet/238144599512544?p=NPH77zpsohs8Eugsac
CAMPO ADICIONAL ATUALIZADO: INTRODUÇÃO A SAÚDE E SEGURANÇA DO TRABALHO - DATA INÍCIO = 2026-05-07 00:00:00
CAMPO ADICIONAL ATUALIZADO: INTRODUÇÃO A SAÚDE E SEGURANÇA DO TRABALHO - DATA TÉRMINO = 2026-05-07 00:00:00
CAMPO ADICIONAL ATUALIZADO: INTRODUÇÃO A SAÚDE E SEGURANÇA DO TRABALHO - INSTRUTOR = SESMT
CAMPO ADICIONAL ATUALIZADO: NORMATIVO (ONLINE) - DATA INÍCIO = 2026-05-08 00:00:00
CAMPO ADICIONAL ATUALIZADO: NORMATIVO (ONLINE) - DATA TÉRMINO = 2026-05-12 00:00:00
CAMPO ADICIONAL ATUALIZADO: NORMATIVO (ONLINE) - INSTRUTOR = RODRIGO
CAMPO ADICIONAL ATUALIZADO: NORMATIVO (ONLINE) - ACESSO = https://teams.microsoft.com/meet/223076657036901?p=MZm9fP8B2rcltNC8uf
CAMPO ADICIONAL ATUALIZADO: NORMATIVO (PRESENCIAL) - LOCAL = RUA ÁLVARO ALVIM, 1123 - PAULICÉIA - SÃO BERNARDO DO CAMPO - SP
CAMPO ADICIONAL ATUALIZADO: NORMATIVO (PRESENCIAL) - DATA INÍCIO = 2026-05-13 00:00:00
CAMPO ADICIONAL ATUALIZADO: NORMATIVO (PRESENCIAL) - DATA TÉRMINO = 2026-05-14 00:00:00
CAMPO ADICIONAL ATUALIZADO: NORMATIVO (PRESENCIAL) - INSTRUTOR = RODRIGO
CAMPO ADICIONAL ATUALIZADO: 2ª RETIRADA - CARREGAMENTO - DATA DE CARREGAMENTO = 2026-06-09 00:00:00
CAMPO ADICIONAL ATUALIZADO: 2ª RETIRADA - CARREGAMENTO - LOCAL = RUA SÃO QUIRINO, 758 - VILA GUILHERME - SÃO PAULO - SP
CAMPO ADICIONAL ATUALIZADO: OPERAÇÃO - DATA DE OPERAÇÃO = 2026-06-10 00:00:00
CAMPO ADICIONAL ATUALIZADO: OPERAÇÃO - LOCAL = RUA SÃO QUIRINO, 758 - VILA GUILHERME - SÃO PAULO - SP
CAMPO ADICIONAL ATUALIZADO: CURSO TÉCNICO - MODALIDADE = PRESENCIAL
CAMPO ADICIONAL ATUALIZADO: CURSO TÉCNICO - LOCAL = RUA SÃO QUIRINO, 758 - VILA GUILHERME - SÃO PAULO - SP
CAMPO ADICIONAL ATUALIZADO: CURSO TÉCNICO - DATA INÍCIO = 2026-05-15 00:00:00
CAMPO ADICIONAL ATUALIZADO: CURSO TÉCNICO - DATA TÉRMINO = 2026-05-20 00:00:00
CAMPO ADICIONAL ATUALIZADO: CURSO TÉCNICO - INSTRUTOR = 2026 VIVO T41 GLAUCIO BVG
CAMPO ADICIONAL ATUALIZADO: DUPLADO - DATA INÍCIO = 2026-05-21 00:00:00
CAMPO ADICIONAL ATUALIZADO: DUPLADO - DATA TÉRMINO = 2026-06-03 00:00:00
CAMPO ADICIONAL ATUALIZADO: DUPLADO - GER. REGIONAL = -
CAMPO ADICIONAL ATUALIZADO: DUPLADO - LOCAL DE APRESENTAÇÃO = RUA SÃO QUIRINO, 758 - VILA GUILHERME - SÃO PAULO - SP
CAMPO ADICIONAL ATUALIZADO: CURSO TÉCNICO RETORNO - MODALIDADE = PRESENCIAL
CAMPO ADICIONAL ATUALIZADO: CURSO TÉCNICO RETORNO - LOCAL = RUA SÃO QUIRINO, 758 - VILA GUILHERME - SÃO PAULO - SP
CAMPO ADICIONAL ATUALIZADO: CURSO TÉCNICO RETORNO - DATA INÍCIO = 2026-06-05 00:00:00
CAMPO ADICIONAL ATUALIZADO: CURSO TÉCNICO RETORNO - INSTRUTOR = 2026 VIVO T41 GLAUCIO BVG
CAMPO ADICIONAL ATUALIZADO: CURSO TÉCNICO RETORNO - DATA TÉRMINO = 2026-06-08 00:00:00
CAMPO ADICIONAL ATUALIZADO: DUPLADO FASE 2 - DATA INÍCIO = -
CAMPO ADICIONAL ATUALIZADO: DUPLADO FASE 2 - DATA TÉRMINO = -
CAMPO ADICIONAL ATUALIZADO: DUPLADO FASE 2 - GER. REGIONAL = -
CAMPO ADICIONAL ATUALIZADO: DUPLADO FASE 2 - LOCAL DE APRESENTAÇÃO = -
Processando usuário existente: r061082 (Matrícula: 61082)
VERIFICACAO SENHA: True
LOGIN SUCESSO: r060964
Tentativa de login - Login: r060964, Senha: r@11809
Carregado data\users.json em 0.264s
USUARIO ENCONTRADO: r060964 (ID: 378)
Hash: scrypt:32768:8:1$NlHKB9uzARpH2ELX$c9d6198e03360c90...
SENHA ATUALIZADA: r@10826
CAMPO ADICIONAL ATUALIZADO: CADASTRO - FUNÇÃO = MULTI SKILL OPT CON
CAMPO ADICIONAL ATUALIZADO: CADASTRO - ADMISSÃO = 2026-05-06 00:00:00
CAMPO ADICIONAL ATUALIZADO: CADASTRO - GERENTE REGIONAL = ALISSON DE JESUS CARVALHO
CAMPO ADICIONAL ATUALIZADO: CADASTRO - GERENTE CORPORATIVO = FABIO CONCEICAO DOS SANTOS
CAMPO ADICIONAL ATUALIZADO: INTEGRAÇÃO - MODALIDADE = PRESENCIAL
CAMPO ADICIONAL ATUALIZADO: INTEGRAÇÃO - LOCAL = RUA SÃO QUIRINO, 758 - VILA GUILHERME - SÃO PAULO - SP
CAMPO ADICIONAL ATUALIZADO: INTEGRAÇÃO - DATA INÍCIO = 2026-05-06 00:00:00
CAMPO ADICIONAL ATUALIZADO: INTEGRAÇÃO - DATA TÉRMINO = 2026-05-06 00:00:00
CAMPO ADICIONAL ATUALIZADO: INTEGRAÇÃO - INSTRUTOR = GELSIVAN
CAMPO ADICIONAL ATUALIZADO: 1ª RETIRADA - CARREGAMENTO - LOCAL = RUA SÃO QUIRINO, 758 - VILA GUILHERME - SÃO PAULO - SP
CAMPO ADICIONAL ATUALIZADO: 1ª RETIRADA - CARREGAMENTO - DATA DE CARREGAMENTO = 2026-05-13 00:00:00
CAMPO ADICIONAL ATUALIZADO: INTRODUÇÃO A SAÚDE E SEGURANÇA DO TRABALHO - MODALIDADE = ONLINE T2
CAMPO ADICIONAL ATUALIZADO: INTRODUÇÃO A SAÚDE E SEGURANÇA DO TRABALHO - LOCAL = https://teams.microsoft.com/meet/238144599512544?p=NPH77zpsohs8Eugsac
CAMPO ADICIONAL ATUALIZADO: INTRODUÇÃO A SAÚDE E SEGURANÇA DO TRABALHO - DATA INÍCIO = 2026-05-07 00:00:00
CAMPO ADICIONAL ATUALIZADO: INTRODUÇÃO A SAÚDE E SEGURANÇA DO TRABALHO - DATA TÉRMINO = 2026-05-07 00:00:00
CAMPO ADICIONAL ATUALIZADO: INTRODUÇÃO A SAÚDE E SEGURANÇA DO TRABALHO - INSTRUTOR = SESMT
CAMPO ADICIONAL ATUALIZADO: NORMATIVO (ONLINE) - DATA INÍCIO = 2026-05-08 00:00:00
CAMPO ADICIONAL ATUALIZADO: NORMATIVO (ONLINE) - DATA TÉRMINO = 2026-05-12 00:00:00
CAMPO ADICIONAL ATUALIZADO: NORMATIVO (ONLINE) - INSTRUTOR = RODRIGO
CAMPO ADICIONAL ATUALIZADO: NORMATIVO (ONLINE) - ACESSO = https://teams.microsoft.com/meet/223076657036901?p=MZm9fP8B2rcltNC8uf
CAMPO ADICIONAL ATUALIZADO: NORMATIVO (PRESENCIAL) - LOCAL = RUA SÃO QUIRINO, 758 - VILA GUILHERME - SÃO PAULO - SP
CAMPO ADICIONAL ATUALIZADO: NORMATIVO (PRESENCIAL) - DATA INÍCIO = 2026-05-13 00:00:00
CAMPO ADICIONAL ATUALIZADO: NORMATIVO (PRESENCIAL) - DATA TÉRMINO = 2026-05-14 00:00:00
CAMPO ADICIONAL ATUALIZADO: NORMATIVO (PRESENCIAL) - INSTRUTOR = RODRIGO
CAMPO ADICIONAL ATUALIZADO: 2ª RETIRADA - CARREGAMENTO - DATA DE CARREGAMENTO = 2026-06-09 00:00:00
CAMPO ADICIONAL ATUALIZADO: 2ª RETIRADA - CARREGAMENTO - LOCAL = RUA SÃO QUIRINO, 758 - VILA GUILHERME - SÃO PAULO - SP
CAMPO ADICIONAL ATUALIZADO: OPERAÇÃO - DATA DE OPERAÇÃO = 2026-06-10 00:00:00
CAMPO ADICIONAL ATUALIZADO: OPERAÇÃO - LOCAL = RUA SÃO QUIRINO, 758 - VILA GUILHERME - SÃO PAULO - SP
CAMPO ADICIONAL ATUALIZADO: CURSO TÉCNICO - MODALIDADE = PRESENCIAL
CAMPO ADICIONAL ATUALIZADO: CURSO TÉCNICO - LOCAL = RUA SÃO QUIRINO, 758 - VILA GUILHERME - SÃO PAULO - SP
CAMPO ADICIONAL ATUALIZADO: CURSO TÉCNICO - DATA INÍCIO = 2026-05-15 00:00:00
CAMPO ADICIONAL ATUALIZADO: CURSO TÉCNICO - DATA TÉRMINO = 2026-05-20 00:00:00
CAMPO ADICIONAL ATUALIZADO: CURSO TÉCNICO - INSTRUTOR = 2026 VIVO T41 GLAUCIO BVG
CAMPO ADICIONAL ATUALIZADO: DUPLADO - DATA INÍCIO = 2026-05-21 00:00:00
CAMPO ADICIONAL ATUALIZADO: DUPLADO - DATA TÉRMINO = 2026-06-03 00:00:00
CAMPO ADICIONAL ATUALIZADO: DUPLADO - GER. REGIONAL = -
CAMPO ADICIONAL ATUALIZADO: DUPLADO - LOCAL DE APRESENTAÇÃO = RUA SÃO QUIRINO, 758 - VILA GUILHERME - SÃO PAULO - SP
CAMPO ADICIONAL ATUALIZADO: CURSO TÉCNICO RETORNO - MODALIDADE = PRESENCIAL
CAMPO ADICIONAL ATUALIZADO: CURSO TÉCNICO RETORNO - LOCAL = RUA SÃO QUIRINO, 758 - VILA GUILHERME - SÃO PAULO - SP
CAMPO ADICIONAL ATUALIZADO: CURSO TÉCNICO RETORNO - DATA INÍCIO = 2026-06-05 00:00:00
CAMPO ADICIONAL ATUALIZADO: CURSO TÉCNICO RETORNO - INSTRUTOR = 2026 VIVO T41 GLAUCIO BVG
CAMPO ADICIONAL ATUALIZADO: CURSO TÉCNICO RETORNO - DATA TÉRMINO = 2026-06-08 00:00:00
CAMPO ADICIONAL ATUALIZADO: DUPLADO FASE 2 - DATA INÍCIO = -
CAMPO ADICIONAL ATUALIZADO: DUPLADO FASE 2 - DATA TÉRMINO = -
CAMPO ADICIONAL ATUALIZADO: DUPLADO FASE 2 - GER. REGIONAL = -
CAMPO ADICIONAL ATUALIZADO: DUPLADO FASE 2 - LOCAL DE APRESENTAÇÃO = -
Processando usuário existente: r061084 (Matrícula: 61084)
VERIFICACAO SENHA: True
LOGIN SUCESSO: r060964
Carregado data\users.json em 0.219s
SENHA ATUALIZADA: r@93800
CAMPO ADICIONAL ATUALIZADO: CADASTRO - FUNÇÃO = MULTI SKILL OPT CON
CAMPO ADICIONAL ATUALIZADO: CADASTRO - ADMISSÃO = 2026-05-06 00:00:00
CAMPO ADICIONAL ATUALIZADO: CADASTRO - GERENTE REGIONAL = ALISSON DE JESUS CARVALHO
CAMPO ADICIONAL ATUALIZADO: CADASTRO - GERENTE CORPORATIVO = FABIO CONCEICAO DOS SANTOS
CAMPO ADICIONAL ATUALIZADO: INTEGRAÇÃO - MODALIDADE = PRESENCIAL
CAMPO ADICIONAL ATUALIZADO: INTEGRAÇÃO - LOCAL = RUA SÃO QUIRINO, 758 - VILA GUILHERME - SÃO PAULO - SP
CAMPO ADICIONAL ATUALIZADO: INTEGRAÇÃO - DATA INÍCIO = 2026-05-06 00:00:00
CAMPO ADICIONAL ATUALIZADO: INTEGRAÇÃO - DATA TÉRMINO = 2026-05-06 00:00:00
CAMPO ADICIONAL ATUALIZADO: INTEGRAÇÃO - INSTRUTOR = GELSIVAN
CAMPO ADICIONAL ATUALIZADO: 1ª RETIRADA - CARREGAMENTO - LOCAL = RUA ÁLVARO ALVIM, 1123 - PAULICÉIA - SÃO BERNARDO DO CAMPO - SP
CAMPO ADICIONAL ATUALIZADO: 1ª RETIRADA - CARREGAMENTO - DATA DE CARREGAMENTO = 2026-05-13 00:00:00
CAMPO ADICIONAL ATUALIZADO: INTRODUÇÃO A SAÚDE E SEGURANÇA DO TRABALHO - MODALIDADE = ONLINE T2
CAMPO ADICIONAL ATUALIZADO: INTRODUÇÃO A SAÚDE E SEGURANÇA DO TRABALHO - LOCAL = https://teams.microsoft.com/meet/238144599512544?p=NPH77zpsohs8Eugsac
CAMPO ADICIONAL ATUALIZADO: INTRODUÇÃO A SAÚDE E SEGURANÇA DO TRABALHO - DATA INÍCIO = 2026-05-07 00:00:00
CAMPO ADICIONAL ATUALIZADO: INTRODUÇÃO A SAÚDE E SEGURANÇA DO TRABALHO - DATA TÉRMINO = 2026-05-07 00:00:00
CAMPO ADICIONAL ATUALIZADO: INTRODUÇÃO A SAÚDE E SEGURANÇA DO TRABALHO - INSTRUTOR = SESMT
CAMPO ADICIONAL ATUALIZADO: NORMATIVO (ONLINE) - DATA INÍCIO = 2026-05-08 00:00:00
CAMPO ADICIONAL ATUALIZADO: NORMATIVO (ONLINE) - DATA TÉRMINO = 2026-05-12 00:00:00
CAMPO ADICIONAL ATUALIZADO: NORMATIVO (ONLINE) - INSTRUTOR = RODRIGO
CAMPO ADICIONAL ATUALIZADO: NORMATIVO (ONLINE) - ACESSO = https://teams.microsoft.com/meet/223076657036901?p=MZm9fP8B2rcltNC8uf
CAMPO ADICIONAL ATUALIZADO: NORMATIVO (PRESENCIAL) - LOCAL = RUA ÁLVARO ALVIM, 1123 - PAULICÉIA - SÃO BERNARDO DO CAMPO - SP
CAMPO ADICIONAL ATUALIZADO: NORMATIVO (PRESENCIAL) - DATA INÍCIO = 2026-05-13 00:00:00
CAMPO ADICIONAL ATUALIZADO: NORMATIVO (PRESENCIAL) - DATA TÉRMINO = 2026-05-14 00:00:00
CAMPO ADICIONAL ATUALIZADO: NORMATIVO (PRESENCIAL) - INSTRUTOR = RODRIGO
CAMPO ADICIONAL ATUALIZADO: 2ª RETIRADA - CARREGAMENTO - DATA DE CARREGAMENTO = 2026-06-09 00:00:00
CAMPO ADICIONAL ATUALIZADO: 2ª RETIRADA - CARREGAMENTO - LOCAL = RUA SÃO QUIRINO, 758 - VILA GUILHERME - SÃO PAULO - SP
CAMPO ADICIONAL ATUALIZADO: OPERAÇÃO - DATA DE OPERAÇÃO = 2026-06-10 00:00:00
CAMPO ADICIONAL ATUALIZADO: OPERAÇÃO - LOCAL = RUA SÃO QUIRINO, 758 - VILA GUILHERME - SÃO PAULO - SP
CAMPO ADICIONAL ATUALIZADO: CURSO TÉCNICO - MODALIDADE = PRESENCIAL
CAMPO ADICIONAL ATUALIZADO: CURSO TÉCNICO - LOCAL = RUA SÃO QUIRINO, 758 - VILA GUILHERME - SÃO PAULO - SP
CAMPO ADICIONAL ATUALIZADO: CURSO TÉCNICO - DATA INÍCIO = 2026-05-15 00:00:00
CAMPO ADICIONAL ATUALIZADO: CURSO TÉCNICO - DATA TÉRMINO = 2026-05-20 00:00:00
CAMPO ADICIONAL ATUALIZADO: CURSO TÉCNICO - INSTRUTOR = 2026 VIVO T41 GLAUCIO BVG
CAMPO ADICIONAL ATUALIZADO: DUPLADO - DATA INÍCIO = 2026-05-21 00:00:00
CAMPO ADICIONAL ATUALIZADO: DUPLADO - DATA TÉRMINO = 2026-06-03 00:00:00
CAMPO ADICIONAL ATUALIZADO: DUPLADO - GER. REGIONAL = -
CAMPO ADICIONAL ATUALIZADO: DUPLADO - LOCAL DE APRESENTAÇÃO = RUA SÃO QUIRINO, 758 - VILA GUILHERME - SÃO PAULO - SP
CAMPO ADICIONAL ATUALIZADO: CURSO TÉCNICO RETORNO - MODALIDADE = PRESENCIAL
CAMPO ADICIONAL ATUALIZADO: CURSO TÉCNICO RETORNO - LOCAL = RUA SÃO QUIRINO, 758 - VILA GUILHERME - SÃO PAULO - SP
CAMPO ADICIONAL ATUALIZADO: CURSO TÉCNICO RETORNO - DATA INÍCIO = 2026-06-05 00:00:00
CAMPO ADICIONAL ATUALIZADO: CURSO TÉCNICO RETORNO - INSTRUTOR = 2026 VIVO T41 GLAUCIO BVG
CAMPO ADICIONAL ATUALIZADO: CURSO TÉCNICO RETORNO - DATA TÉRMINO = 2026-06-08 00:00:00
CAMPO ADICIONAL ATUALIZADO: DUPLADO FASE 2 - DATA INÍCIO = -
CAMPO ADICIONAL ATUALIZADO: DUPLADO FASE 2 - DATA TÉRMINO = -
CAMPO ADICIONAL ATUALIZADO: DUPLADO FASE 2 - GER. REGIONAL = -
CAMPO ADICIONAL ATUALIZADO: DUPLADO FASE 2 - LOCAL DE APRESENTAÇÃO = -
Processando usuário existente: r061086 (Matrícula: 61086)
SENHA ATUALIZADA: r@72897
CAMPO ADICIONAL ATUALIZADO: CADASTRO - FUNÇÃO = MULTI SKILL OPT CON
CAMPO ADICIONAL ATUALIZADO: CADASTRO - ADMISSÃO = 2026-05-06 00:00:00
CAMPO ADICIONAL ATUALIZADO: CADASTRO - GERENTE REGIONAL = ALEXANDRE LYSAK
CAMPO ADICIONAL ATUALIZADO: CADASTRO - GERENTE CORPORATIVO = JANA ROSA DE ALMEIDA SIZOTTO
CAMPO ADICIONAL ATUALIZADO: INTEGRAÇÃO - MODALIDADE = PRESENCIAL
CAMPO ADICIONAL ATUALIZADO: INTEGRAÇÃO - LOCAL = RUA SÃO QUIRINO, 758 - VILA GUILHERME - SÃO PAULO - SP
CAMPO ADICIONAL ATUALIZADO: INTEGRAÇÃO - DATA INÍCIO = 2026-05-06 00:00:00
CAMPO ADICIONAL ATUALIZADO: INTEGRAÇÃO - DATA TÉRMINO = 2026-05-06 00:00:00
CAMPO ADICIONAL ATUALIZADO: INTEGRAÇÃO - INSTRUTOR = GELSIVAN
CAMPO ADICIONAL ATUALIZADO: 1ª RETIRADA - CARREGAMENTO - LOCAL = RUA SÃO QUIRINO, 758 - VILA GUILHERME - SÃO PAULO - SP
CAMPO ADICIONAL ATUALIZADO: 1ª RETIRADA - CARREGAMENTO - DATA DE CARREGAMENTO = 2026-05-13 00:00:00
CAMPO ADICIONAL ATUALIZADO: INTRODUÇÃO A SAÚDE E SEGURANÇA DO TRABALHO - MODALIDADE = ONLINE T2
CAMPO ADICIONAL ATUALIZADO: INTRODUÇÃO A SAÚDE E SEGURANÇA DO TRABALHO - LOCAL = https://teams.microsoft.com/meet/238144599512544?p=NPH77zpsohs8Eugsac
CAMPO ADICIONAL ATUALIZADO: INTRODUÇÃO A SAÚDE E SEGURANÇA DO TRABALHO - DATA INÍCIO = 2026-05-07 00:00:00
CAMPO ADICIONAL ATUALIZADO: INTRODUÇÃO A SAÚDE E SEGURANÇA DO TRABALHO - DATA TÉRMINO = 2026-05-07 00:00:00
CAMPO ADICIONAL ATUALIZADO: INTRODUÇÃO A SAÚDE E SEGURANÇA DO TRABALHO - INSTRUTOR = SESMT
CAMPO ADICIONAL ATUALIZADO: NORMATIVO (ONLINE) - DATA INÍCIO = 2026-05-08 00:00:00
CAMPO ADICIONAL ATUALIZADO: NORMATIVO (ONLINE) - DATA TÉRMINO = 2026-05-12 00:00:00
CAMPO ADICIONAL ATUALIZADO: NORMATIVO (ONLINE) - INSTRUTOR = RODRIGO
CAMPO ADICIONAL ATUALIZADO: NORMATIVO (ONLINE) - ACESSO = https://teams.microsoft.com/meet/223076657036901?p=MZm9fP8B2rcltNC8uf
CAMPO ADICIONAL ATUALIZADO: NORMATIVO (PRESENCIAL) - LOCAL = RUA SÃO QUIRINO, 758 - VILA GUILHERME - SÃO PAULO - SP
CAMPO ADICIONAL ATUALIZADO: NORMATIVO (PRESENCIAL) - DATA INÍCIO = 2026-05-13 00:00:00
CAMPO ADICIONAL ATUALIZADO: NORMATIVO (PRESENCIAL) - DATA TÉRMINO = 2026-05-14 00:00:00
CAMPO ADICIONAL ATUALIZADO: NORMATIVO (PRESENCIAL) - INSTRUTOR = RODRIGO
CAMPO ADICIONAL ATUALIZADO: 2ª RETIRADA - CARREGAMENTO - DATA DE CARREGAMENTO = 2026-06-09 00:00:00
CAMPO ADICIONAL ATUALIZADO: 2ª RETIRADA - CARREGAMENTO - LOCAL = RUA SÃO QUIRINO, 758 - VILA GUILHERME - SÃO PAULO - SP
CAMPO ADICIONAL ATUALIZADO: OPERAÇÃO - DATA DE OPERAÇÃO = 2026-06-10 00:00:00
CAMPO ADICIONAL ATUALIZADO: OPERAÇÃO - LOCAL = RUA SÃO QUIRINO, 758 - VILA GUILHERME - SÃO PAULO - SP
CAMPO ADICIONAL ATUALIZADO: CURSO TÉCNICO - MODALIDADE = PRESENCIAL
CAMPO ADICIONAL ATUALIZADO: CURSO TÉCNICO - LOCAL = RUA SÃO QUIRINO, 758 - VILA GUILHERME - SÃO PAULO - SP
CAMPO ADICIONAL ATUALIZADO: CURSO TÉCNICO - DATA INÍCIO = 2026-05-15 00:00:00
CAMPO ADICIONAL ATUALIZADO: CURSO TÉCNICO - DATA TÉRMINO = 2026-05-20 00:00:00
CAMPO ADICIONAL ATUALIZADO: CURSO TÉCNICO - INSTRUTOR = 2026 VIVO T41 GLAUCIO BVG
CAMPO ADICIONAL ATUALIZADO: DUPLADO - DATA INÍCIO = 2026-05-21 00:00:00
CAMPO ADICIONAL ATUALIZADO: DUPLADO - DATA TÉRMINO = 2026-06-03 00:00:00
CAMPO ADICIONAL ATUALIZADO: DUPLADO - GER. REGIONAL = -
CAMPO ADICIONAL ATUALIZADO: DUPLADO - LOCAL DE APRESENTAÇÃO = RUA SÃO QUIRINO, 758 - VILA GUILHERME - SÃO PAULO - SP
CAMPO ADICIONAL ATUALIZADO: CURSO TÉCNICO RETORNO - MODALIDADE = PRESENCIAL
CAMPO ADICIONAL ATUALIZADO: CURSO TÉCNICO RETORNO - LOCAL = RUA SÃO QUIRINO, 758 - VILA GUILHERME - SÃO PAULO - SP
CAMPO ADICIONAL ATUALIZADO: CURSO TÉCNICO RETORNO - DATA INÍCIO = 2026-06-05 00:00:00
CAMPO ADICIONAL ATUALIZADO: CURSO TÉCNICO RETORNO - INSTRUTOR = 2026 VIVO T41 GLAUCIO BVG
CAMPO ADICIONAL ATUALIZADO: CURSO TÉCNICO RETORNO - DATA TÉRMINO = 2026-06-08 00:00:00
CAMPO ADICIONAL ATUALIZADO: DUPLADO FASE 2 - DATA INÍCIO = -
CAMPO ADICIONAL ATUALIZADO: DUPLADO FASE 2 - DATA TÉRMINO = -
CAMPO ADICIONAL ATUALIZADO: DUPLADO FASE 2 - GER. REGIONAL = -
CAMPO ADICIONAL ATUALIZADO: DUPLADO FASE 2 - LOCAL DE APRESENTAÇÃO = -
Processando usuário existente: r061097 (Matrícula: 61097)
Categorias processadas em 0.007s
SENHA ATUALIZADA: r@63804
CAMPO ADICIONAL ATUALIZADO: CADASTRO - FUNÇÃO = MULTI SKILL OPT CON
CAMPO ADICIONAL ATUALIZADO: CADASTRO - ADMISSÃO = 2026-05-06 00:00:00
CAMPO ADICIONAL ATUALIZADO: CADASTRO - GERENTE REGIONAL = ANDRE FLOR GOMES
CAMPO ADICIONAL ATUALIZADO: CADASTRO - GERENTE CORPORATIVO = ODLEI RICARDO DOS REIS
CAMPO ADICIONAL ATUALIZADO: INTEGRAÇÃO - MODALIDADE = PRESENCIAL
CAMPO ADICIONAL ATUALIZADO: INTEGRAÇÃO - LOCAL = RUA SÃO QUIRINO, 758 - VILA GUILHERME - SÃO PAULO - SP
CAMPO ADICIONAL ATUALIZADO: INTEGRAÇÃO - DATA INÍCIO = 2026-05-06 00:00:00
CAMPO ADICIONAL ATUALIZADO: INTEGRAÇÃO - DATA TÉRMINO = 2026-05-06 00:00:00
CAMPO ADICIONAL ATUALIZADO: INTEGRAÇÃO - INSTRUTOR = GELSIVAN
CAMPO ADICIONAL ATUALIZADO: 1ª RETIRADA - CARREGAMENTO - LOCAL = RUA ÁLVARO ALVIM, 1123 - PAULICÉIA - SÃO BERNARDO DO CAMPO - SP
CAMPO ADICIONAL ATUALIZADO: 1ª RETIRADA - CARREGAMENTO - DATA DE CARREGAMENTO = 2026-05-13 00:00:00
CAMPO ADICIONAL ATUALIZADO: INTRODUÇÃO A SAÚDE E SEGURANÇA DO TRABALHO - MODALIDADE = ONLINE T2
CAMPO ADICIONAL ATUALIZADO: INTRODUÇÃO A SAÚDE E SEGURANÇA DO TRABALHO - LOCAL = https://teams.microsoft.com/meet/238144599512544?p=NPH77zpsohs8Eugsac
CAMPO ADICIONAL ATUALIZADO: INTRODUÇÃO A SAÚDE E SEGURANÇA DO TRABALHO - DATA INÍCIO = 2026-05-07 00:00:00
CAMPO ADICIONAL ATUALIZADO: INTRODUÇÃO A SAÚDE E SEGURANÇA DO TRABALHO - DATA TÉRMINO = 2026-05-07 00:00:00
CAMPO ADICIONAL ATUALIZADO: INTRODUÇÃO A SAÚDE E SEGURANÇA DO TRABALHO - INSTRUTOR = SESMT
CAMPO ADICIONAL ATUALIZADO: NORMATIVO (ONLINE) - DATA INÍCIO = 2026-05-08 00:00:00
CAMPO ADICIONAL ATUALIZADO: NORMATIVO (ONLINE) - DATA TÉRMINO = 2026-05-12 00:00:00
CAMPO ADICIONAL ATUALIZADO: NORMATIVO (ONLINE) - INSTRUTOR = RODRIGO
CAMPO ADICIONAL ATUALIZADO: NORMATIVO (ONLINE) - ACESSO = https://teams.microsoft.com/meet/223076657036901?p=MZm9fP8B2rcltNC8uf
CAMPO ADICIONAL ATUALIZADO: NORMATIVO (PRESENCIAL) - LOCAL = RUA ÁLVARO ALVIM, 1123 - PAULICÉIA - SÃO BERNARDO DO CAMPO - SP
CAMPO ADICIONAL ATUALIZADO: NORMATIVO (PRESENCIAL) - DATA INÍCIO = 2026-05-13 00:00:00
CAMPO ADICIONAL ATUALIZADO: NORMATIVO (PRESENCIAL) - DATA TÉRMINO = 2026-05-14 00:00:00
CAMPO ADICIONAL ATUALIZADO: NORMATIVO (PRESENCIAL) - INSTRUTOR = RODRIGO
CAMPO ADICIONAL ATUALIZADO: 2ª RETIRADA - CARREGAMENTO - DATA DE CARREGAMENTO = 2026-06-09 00:00:00
CAMPO ADICIONAL ATUALIZADO: 2ª RETIRADA - CARREGAMENTO - LOCAL = RUA SÃO QUIRINO, 758 - VILA GUILHERME - SÃO PAULO - SP
CAMPO ADICIONAL ATUALIZADO: OPERAÇÃO - DATA DE OPERAÇÃO = 2026-06-10 00:00:00
CAMPO ADICIONAL ATUALIZADO: OPERAÇÃO - LOCAL = RUA ÁLVARO ALVIM, 1123 - PAULICÉIA - SÃO BERNARDO DO CAMPO - SP
CAMPO ADICIONAL ATUALIZADO: CURSO TÉCNICO - MODALIDADE = PRESENCIAL
CAMPO ADICIONAL ATUALIZADO: CURSO TÉCNICO - LOCAL = RUA SÃO QUIRINO, 758 - VILA GUILHERME - SÃO PAULO - SP
CAMPO ADICIONAL ATUALIZADO: CURSO TÉCNICO - DATA INÍCIO = 2026-05-15 00:00:00
CAMPO ADICIONAL ATUALIZADO: CURSO TÉCNICO - DATA TÉRMINO = 2026-05-20 00:00:00
CAMPO ADICIONAL ATUALIZADO: CURSO TÉCNICO - INSTRUTOR = 2026 VIVO T41 GLAUCIO BVG
CAMPO ADICIONAL ATUALIZADO: DUPLADO - DATA INÍCIO = 2026-05-21 00:00:00
CAMPO ADICIONAL ATUALIZADO: DUPLADO - DATA TÉRMINO = 2026-06-03 00:00:00
CAMPO ADICIONAL ATUALIZADO: DUPLADO - GER. REGIONAL = -
CAMPO ADICIONAL ATUALIZADO: DUPLADO - LOCAL DE APRESENTAÇÃO = RUA ÁLVARO ALVIM, 1123 - PAULICÉIA - SÃO BERNARDO DO CAMPO - SP
CAMPO ADICIONAL ATUALIZADO: CURSO TÉCNICO RETORNO - MODALIDADE = PRESENCIAL
CAMPO ADICIONAL ATUALIZADO: CURSO TÉCNICO RETORNO - LOCAL = RUA ÁLVARO ALVIM, 1123 - PAULICÉIA - SÃO BERNARDO DO CAMPO - SP
CAMPO ADICIONAL ATUALIZADO: CURSO TÉCNICO RETORNO - DATA INÍCIO = 2026-06-05 00:00:00
CAMPO ADICIONAL ATUALIZADO: CURSO TÉCNICO RETORNO - INSTRUTOR = 2026 VIVO T41 GLAUCIO BVG
CAMPO ADICIONAL ATUALIZADO: CURSO TÉCNICO RETORNO - DATA TÉRMINO = 2026-06-08 00:00:00
CAMPO ADICIONAL ATUALIZADO: DUPLADO FASE 2 - DATA INÍCIO = -
CAMPO ADICIONAL ATUALIZADO: DUPLADO FASE 2 - DATA TÉRMINO = -
CAMPO ADICIONAL ATUALIZADO: DUPLADO FASE 2 - GER. REGIONAL = -
CAMPO ADICIONAL ATUALIZADO: DUPLADO FASE 2 - LOCAL DE APRESENTAÇÃO = -
Processando usuário existente: r061098 (Matrícula: 61098)
SENHA ATUALIZADA: r@63857
CAMPO ADICIONAL ATUALIZADO: CADASTRO - FUNÇÃO = MULTI SKILL OPT CON
CAMPO ADICIONAL ATUALIZADO: CADASTRO - ADMISSÃO = 2026-05-06 00:00:00
CAMPO ADICIONAL ATUALIZADO: CADASTRO - GERENTE REGIONAL = ALEXANDRE LYSAK
CAMPO ADICIONAL ATUALIZADO: CADASTRO - GERENTE CORPORATIVO = JANA ROSA DE ALMEIDA SIZOTTO
CAMPO ADICIONAL ATUALIZADO: INTEGRAÇÃO - MODALIDADE = PRESENCIAL
CAMPO ADICIONAL ATUALIZADO: INTEGRAÇÃO - LOCAL = RUA SÃO QUIRINO, 758 - VILA GUILHERME - SÃO PAULO - SP
CAMPO ADICIONAL ATUALIZADO: INTEGRAÇÃO - DATA INÍCIO = 2026-05-06 00:00:00
CAMPO ADICIONAL ATUALIZADO: INTEGRAÇÃO - DATA TÉRMINO = 2026-05-06 00:00:00
CAMPO ADICIONAL ATUALIZADO: INTEGRAÇÃO - INSTRUTOR = GELSIVAN
CAMPO ADICIONAL ATUALIZADO: 1ª RETIRADA - CARREGAMENTO - LOCAL = RUA ÁLVARO ALVIM, 1123 - PAULICÉIA - SÃO BERNARDO DO CAMPO - SP
CAMPO ADICIONAL ATUALIZADO: 1ª RETIRADA - CARREGAMENTO - DATA DE CARREGAMENTO = 2026-05-13 00:00:00
CAMPO ADICIONAL ATUALIZADO: INTRODUÇÃO A SAÚDE E SEGURANÇA DO TRABALHO - MODALIDADE = ONLINE T2
CAMPO ADICIONAL ATUALIZADO: INTRODUÇÃO A SAÚDE E SEGURANÇA DO TRABALHO - LOCAL = https://teams.microsoft.com/meet/238144599512544?p=NPH77zpsohs8Eugsac
CAMPO ADICIONAL ATUALIZADO: INTRODUÇÃO A SAÚDE E SEGURANÇA DO TRABALHO - DATA INÍCIO = 2026-05-07 00:00:00
CAMPO ADICIONAL ATUALIZADO: INTRODUÇÃO A SAÚDE E SEGURANÇA DO TRABALHO - DATA TÉRMINO = 2026-05-07 00:00:00
CAMPO ADICIONAL ATUALIZADO: INTRODUÇÃO A SAÚDE E SEGURANÇA DO TRABALHO - INSTRUTOR = SESMT
CAMPO ADICIONAL ATUALIZADO: NORMATIVO (ONLINE) - DATA INÍCIO = 2026-05-08 00:00:00
CAMPO ADICIONAL ATUALIZADO: NORMATIVO (ONLINE) - DATA TÉRMINO = 2026-05-12 00:00:00
CAMPO ADICIONAL ATUALIZADO: NORMATIVO (ONLINE) - INSTRUTOR = RODRIGO
CAMPO ADICIONAL ATUALIZADO: NORMATIVO (ONLINE) - ACESSO = https://teams.microsoft.com/meet/223076657036901?p=MZm9fP8B2rcltNC8uf
CAMPO ADICIONAL ATUALIZADO: NORMATIVO (PRESENCIAL) - LOCAL = RUA ÁLVARO ALVIM, 1123 - PAULICÉIA - SÃO BERNARDO DO CAMPO - SP
CAMPO ADICIONAL ATUALIZADO: NORMATIVO (PRESENCIAL) - DATA INÍCIO = 2026-05-13 00:00:00
CAMPO ADICIONAL ATUALIZADO: NORMATIVO (PRESENCIAL) - DATA TÉRMINO = 2026-05-14 00:00:00
CAMPO ADICIONAL ATUALIZADO: NORMATIVO (PRESENCIAL) - INSTRUTOR = RODRIGO
CAMPO ADICIONAL ATUALIZADO: 2ª RETIRADA - CARREGAMENTO - DATA DE CARREGAMENTO = 2026-06-09 00:00:00
CAMPO ADICIONAL ATUALIZADO: 2ª RETIRADA - CARREGAMENTO - LOCAL = RUA SÃO QUIRINO, 758 - VILA GUILHERME - SÃO PAULO - SP
CAMPO ADICIONAL ATUALIZADO: OPERAÇÃO - DATA DE OPERAÇÃO = 2026-06-10 00:00:00
CAMPO ADICIONAL ATUALIZADO: OPERAÇÃO - LOCAL = RUA SÃO QUIRINO, 758 - VILA GUILHERME - SÃO PAULO - SP
CAMPO ADICIONAL ATUALIZADO: CURSO TÉCNICO - MODALIDADE = PRESENCIAL
CAMPO ADICIONAL ATUALIZADO: CURSO TÉCNICO - LOCAL = RUA SÃO QUIRINO, 758 - VILA GUILHERME - SÃO PAULO - SP
CAMPO ADICIONAL ATUALIZADO: CURSO TÉCNICO - DATA INÍCIO = 2026-05-15 00:00:00
CAMPO ADICIONAL ATUALIZADO: CURSO TÉCNICO - DATA TÉRMINO = 2026-05-20 00:00:00
CAMPO ADICIONAL ATUALIZADO: CURSO TÉCNICO - INSTRUTOR = 2026 VIVO T41 GLAUCIO BVG
CAMPO ADICIONAL ATUALIZADO: DUPLADO - DATA INÍCIO = 2026-05-21 00:00:00
CAMPO ADICIONAL ATUALIZADO: DUPLADO - DATA TÉRMINO = 2026-06-03 00:00:00
CAMPO ADICIONAL ATUALIZADO: DUPLADO - GER. REGIONAL = -
CAMPO ADICIONAL ATUALIZADO: DUPLADO - LOCAL DE APRESENTAÇÃO = RUA SÃO QUIRINO, 758 - VILA GUILHERME - SÃO PAULO - SP
CAMPO ADICIONAL ATUALIZADO: CURSO TÉCNICO RETORNO - MODALIDADE = PRESENCIAL
CAMPO ADICIONAL ATUALIZADO: CURSO TÉCNICO RETORNO - LOCAL = RUA SÃO QUIRINO, 758 - VILA GUILHERME - SÃO PAULO - SP
CAMPO ADICIONAL ATUALIZADO: CURSO TÉCNICO RETORNO - DATA INÍCIO = 2026-06-05 00:00:00
CAMPO ADICIONAL ATUALIZADO: CURSO TÉCNICO RETORNO - INSTRUTOR = 2026 VIVO T41 GLAUCIO BVG
CAMPO ADICIONAL ATUALIZADO: CURSO TÉCNICO RETORNO - DATA TÉRMINO = 2026-06-08 00:00:00
CAMPO ADICIONAL ATUALIZADO: DUPLADO FASE 2 - DATA INÍCIO = -
CAMPO ADICIONAL ATUALIZADO: DUPLADO FASE 2 - DATA TÉRMINO = -
CAMPO ADICIONAL ATUALIZADO: DUPLADO FASE 2 - GER. REGIONAL = -
CAMPO ADICIONAL ATUALIZADO: DUPLADO FASE 2 - LOCAL DE APRESENTAÇÃO = -
Processando usuário existente: r061099 (Matrícula: 61099)
SENHA ATUALIZADA: r@09817
CAMPO ADICIONAL ATUALIZADO: CADASTRO - FUNÇÃO = MULTI SKILL OPT CON
CAMPO ADICIONAL ATUALIZADO: CADASTRO - ADMISSÃO = 2026-05-06 00:00:00
CAMPO ADICIONAL ATUALIZADO: CADASTRO - GERENTE REGIONAL = ALISSON DE JESUS CARVALHO
CAMPO ADICIONAL ATUALIZADO: CADASTRO - GERENTE CORPORATIVO = FABIO CONCEICAO DOS SANTOS
CAMPO ADICIONAL ATUALIZADO: INTEGRAÇÃO - MODALIDADE = PRESENCIAL
CAMPO ADICIONAL ATUALIZADO: INTEGRAÇÃO - LOCAL = RUA SÃO QUIRINO, 758 - VILA GUILHERME - SÃO PAULO - SP
CAMPO ADICIONAL ATUALIZADO: INTEGRAÇÃO - DATA INÍCIO = 2026-05-06 00:00:00
CAMPO ADICIONAL ATUALIZADO: INTEGRAÇÃO - DATA TÉRMINO = 2026-05-06 00:00:00
CAMPO ADICIONAL ATUALIZADO: INTEGRAÇÃO - INSTRUTOR = GELSIVAN
CAMPO ADICIONAL ATUALIZADO: 1ª RETIRADA - CARREGAMENTO - LOCAL = RUA ÁLVARO ALVIM, 1123 - PAULICÉIA - SÃO BERNARDO DO CAMPO - SP
CAMPO ADICIONAL ATUALIZADO: 1ª RETIRADA - CARREGAMENTO - DATA DE CARREGAMENTO = 2026-05-13 00:00:00
CAMPO ADICIONAL ATUALIZADO: INTRODUÇÃO A SAÚDE E SEGURANÇA DO TRABALHO - MODALIDADE = ONLINE T2
CAMPO ADICIONAL ATUALIZADO: INTRODUÇÃO A SAÚDE E SEGURANÇA DO TRABALHO - LOCAL = https://teams.microsoft.com/meet/238144599512544?p=NPH77zpsohs8Eugsac
CAMPO ADICIONAL ATUALIZADO: INTRODUÇÃO A SAÚDE E SEGURANÇA DO TRABALHO - DATA INÍCIO = 2026-05-07 00:00:00
CAMPO ADICIONAL ATUALIZADO: INTRODUÇÃO A SAÚDE E SEGURANÇA DO TRABALHO - DATA TÉRMINO = 2026-05-07 00:00:00
CAMPO ADICIONAL ATUALIZADO: INTRODUÇÃO A SAÚDE E SEGURANÇA DO TRABALHO - INSTRUTOR = SESMT
CAMPO ADICIONAL ATUALIZADO: NORMATIVO (ONLINE) - DATA INÍCIO = 2026-05-08 00:00:00
CAMPO ADICIONAL ATUALIZADO: NORMATIVO (ONLINE) - DATA TÉRMINO = 2026-05-12 00:00:00
CAMPO ADICIONAL ATUALIZADO: NORMATIVO (ONLINE) - INSTRUTOR = RODRIGO
CAMPO ADICIONAL ATUALIZADO: NORMATIVO (ONLINE) - ACESSO = https://teams.microsoft.com/meet/223076657036901?p=MZm9fP8B2rcltNC8uf
CAMPO ADICIONAL ATUALIZADO: NORMATIVO (PRESENCIAL) - LOCAL = RUA ÁLVARO ALVIM, 1123 - PAULICÉIA - SÃO BERNARDO DO CAMPO - SP
CAMPO ADICIONAL ATUALIZADO: NORMATIVO (PRESENCIAL) - DATA INÍCIO = 2026-05-13 00:00:00
CAMPO ADICIONAL ATUALIZADO: NORMATIVO (PRESENCIAL) - DATA TÉRMINO = 2026-05-14 00:00:00
CAMPO ADICIONAL ATUALIZADO: NORMATIVO (PRESENCIAL) - INSTRUTOR = RODRIGO
CAMPO ADICIONAL ATUALIZADO: 2ª RETIRADA - CARREGAMENTO - DATA DE CARREGAMENTO = 2026-06-09 00:00:00
CAMPO ADICIONAL ATUALIZADO: 2ª RETIRADA - CARREGAMENTO - LOCAL = RUA SÃO QUIRINO, 758 - VILA GUILHERME - SÃO PAULO - SP
CAMPO ADICIONAL ATUALIZADO: OPERAÇÃO - DATA DE OPERAÇÃO = 2026-06-10 00:00:00
CAMPO ADICIONAL ATUALIZADO: OPERAÇÃO - LOCAL = RUA SÃO QUIRINO, 758 - VILA GUILHERME - SÃO PAULO - SP
CAMPO ADICIONAL ATUALIZADO: CURSO TÉCNICO - MODALIDADE = PRESENCIAL
CAMPO ADICIONAL ATUALIZADO: CURSO TÉCNICO - LOCAL = RUA SÃO QUIRINO, 758 - VILA GUILHERME - SÃO PAULO - SP
CAMPO ADICIONAL ATUALIZADO: CURSO TÉCNICO - DATA INÍCIO = 2026-05-15 00:00:00
CAMPO ADICIONAL ATUALIZADO: CURSO TÉCNICO - DATA TÉRMINO = 2026-05-20 00:00:00
CAMPO ADICIONAL ATUALIZADO: CURSO TÉCNICO - INSTRUTOR = 2026 VIVO T41 GLAUCIO BVG
CAMPO ADICIONAL ATUALIZADO: DUPLADO - DATA INÍCIO = 2026-05-21 00:00:00
CAMPO ADICIONAL ATUALIZADO: DUPLADO - DATA TÉRMINO = 2026-06-03 00:00:00
CAMPO ADICIONAL ATUALIZADO: DUPLADO - GER. REGIONAL = -
CAMPO ADICIONAL ATUALIZADO: DUPLADO - LOCAL DE APRESENTAÇÃO = RUA SÃO QUIRINO, 758 - VILA GUILHERME - SÃO PAULO - SP
CAMPO ADICIONAL ATUALIZADO: CURSO TÉCNICO RETORNO - MODALIDADE = PRESENCIAL
CAMPO ADICIONAL ATUALIZADO: CURSO TÉCNICO RETORNO - LOCAL = RUA SÃO QUIRINO, 758 - VILA GUILHERME - SÃO PAULO - SP
CAMPO ADICIONAL ATUALIZADO: CURSO TÉCNICO RETORNO - DATA INÍCIO = 2026-06-05 00:00:00
CAMPO ADICIONAL ATUALIZADO: CURSO TÉCNICO RETORNO - INSTRUTOR = 2026 VIVO T41 GLAUCIO BVG
CAMPO ADICIONAL ATUALIZADO: CURSO TÉCNICO RETORNO - DATA TÉRMINO = 2026-06-08 00:00:00
CAMPO ADICIONAL ATUALIZADO: DUPLADO FASE 2 - DATA INÍCIO = -
CAMPO ADICIONAL ATUALIZADO: DUPLADO FASE 2 - DATA TÉRMINO = -
CAMPO ADICIONAL ATUALIZADO: DUPLADO FASE 2 - GER. REGIONAL = -
CAMPO ADICIONAL ATUALIZADO: DUPLADO FASE 2 - LOCAL DE APRESENTAÇÃO = -
Processando usuário existente: r061100 (Matrícula: 61100)
SENHA ATUALIZADA: r@71807
CAMPO ADICIONAL ATUALIZADO: CADASTRO - FUNÇÃO = MULTI SKILL OPT CON
CAMPO ADICIONAL ATUALIZADO: CADASTRO - ADMISSÃO = 2026-05-06 00:00:00
CAMPO ADICIONAL ATUALIZADO: CADASTRO - GERENTE REGIONAL = ALEXANDRE LYSAK
CAMPO ADICIONAL ATUALIZADO: CADASTRO - GERENTE CORPORATIVO = JANA ROSA DE ALMEIDA SIZOTTO
CAMPO ADICIONAL ATUALIZADO: INTEGRAÇÃO - MODALIDADE = PRESENCIAL
CAMPO ADICIONAL ATUALIZADO: INTEGRAÇÃO - LOCAL = RUA SÃO QUIRINO, 758 - VILA GUILHERME - SÃO PAULO - SP
CAMPO ADICIONAL ATUALIZADO: INTEGRAÇÃO - DATA INÍCIO = 2026-05-06 00:00:00
CAMPO ADICIONAL ATUALIZADO: INTEGRAÇÃO - DATA TÉRMINO = 2026-05-06 00:00:00
CAMPO ADICIONAL ATUALIZADO: INTEGRAÇÃO - INSTRUTOR = GELSIVAN
CAMPO ADICIONAL ATUALIZADO: 1ª RETIRADA - CARREGAMENTO - LOCAL = RUA ÁLVARO ALVIM, 1123 - PAULICÉIA - SÃO BERNARDO DO CAMPO - SP
CAMPO ADICIONAL ATUALIZADO: 1ª RETIRADA - CARREGAMENTO - DATA DE CARREGAMENTO = 2026-05-13 00:00:00
CAMPO ADICIONAL ATUALIZADO: INTRODUÇÃO A SAÚDE E SEGURANÇA DO TRABALHO - MODALIDADE = ONLINE T2
CAMPO ADICIONAL ATUALIZADO: INTRODUÇÃO A SAÚDE E SEGURANÇA DO TRABALHO - LOCAL = https://teams.microsoft.com/meet/238144599512544?p=NPH77zpsohs8Eugsac
CAMPO ADICIONAL ATUALIZADO: INTRODUÇÃO A SAÚDE E SEGURANÇA DO TRABALHO - DATA INÍCIO = 2026-05-07 00:00:00
CAMPO ADICIONAL ATUALIZADO: INTRODUÇÃO A SAÚDE E SEGURANÇA DO TRABALHO - DATA TÉRMINO = 2026-05-07 00:00:00
CAMPO ADICIONAL ATUALIZADO: INTRODUÇÃO A SAÚDE E SEGURANÇA DO TRABALHO - INSTRUTOR = SESMT
CAMPO ADICIONAL ATUALIZADO: NORMATIVO (ONLINE) - DATA INÍCIO = 2026-05-08 00:00:00
CAMPO ADICIONAL ATUALIZADO: NORMATIVO (ONLINE) - DATA TÉRMINO = 2026-05-12 00:00:00
CAMPO ADICIONAL ATUALIZADO: NORMATIVO (ONLINE) - INSTRUTOR = RODRIGO
CAMPO ADICIONAL ATUALIZADO: NORMATIVO (ONLINE) - ACESSO = https://teams.microsoft.com/meet/223076657036901?p=MZm9fP8B2rcltNC8uf
CAMPO ADICIONAL ATUALIZADO: NORMATIVO (PRESENCIAL) - LOCAL = RUA ÁLVARO ALVIM, 1123 - PAULICÉIA - SÃO BERNARDO DO CAMPO - SP
CAMPO ADICIONAL ATUALIZADO: NORMATIVO (PRESENCIAL) - DATA INÍCIO = 2026-05-13 00:00:00
CAMPO ADICIONAL ATUALIZADO: NORMATIVO (PRESENCIAL) - DATA TÉRMINO = 2026-05-14 00:00:00
CAMPO ADICIONAL ATUALIZADO: NORMATIVO (PRESENCIAL) - INSTRUTOR = RODRIGO
CAMPO ADICIONAL ATUALIZADO: 2ª RETIRADA - CARREGAMENTO - DATA DE CARREGAMENTO = 2026-06-09 00:00:00
CAMPO ADICIONAL ATUALIZADO: 2ª RETIRADA - CARREGAMENTO - LOCAL = RUA SÃO QUIRINO, 758 - VILA GUILHERME - SÃO PAULO - SP
CAMPO ADICIONAL ATUALIZADO: OPERAÇÃO - DATA DE OPERAÇÃO = 2026-06-10 00:00:00
CAMPO ADICIONAL ATUALIZADO: OPERAÇÃO - LOCAL = RUA SÃO QUIRINO, 758 - VILA GUILHERME - SÃO PAULO - SP
CAMPO ADICIONAL ATUALIZADO: CURSO TÉCNICO - MODALIDADE = PRESENCIAL
CAMPO ADICIONAL ATUALIZADO: CURSO TÉCNICO - LOCAL = RUA SÃO QUIRINO, 758 - VILA GUILHERME - SÃO PAULO - SP
CAMPO ADICIONAL ATUALIZADO: CURSO TÉCNICO - DATA INÍCIO = 2026-05-15 00:00:00
CAMPO ADICIONAL ATUALIZADO: CURSO TÉCNICO - DATA TÉRMINO = 2026-05-20 00:00:00
CAMPO ADICIONAL ATUALIZADO: CURSO TÉCNICO - INSTRUTOR = 2026 VIVO T41 GLAUCIO BVG
CAMPO ADICIONAL ATUALIZADO: DUPLADO - DATA INÍCIO = 2026-05-21 00:00:00
CAMPO ADICIONAL ATUALIZADO: DUPLADO - DATA TÉRMINO = 2026-06-03 00:00:00
CAMPO ADICIONAL ATUALIZADO: DUPLADO - GER. REGIONAL = -
CAMPO ADICIONAL ATUALIZADO: DUPLADO - LOCAL DE APRESENTAÇÃO = RUA SÃO QUIRINO, 758 - VILA GUILHERME - SÃO PAULO - SP
CAMPO ADICIONAL ATUALIZADO: CURSO TÉCNICO RETORNO - MODALIDADE = PRESENCIAL
CAMPO ADICIONAL ATUALIZADO: CURSO TÉCNICO RETORNO - LOCAL = RUA SÃO QUIRINO, 758 - VILA GUILHERME - SÃO PAULO - SP
CAMPO ADICIONAL ATUALIZADO: CURSO TÉCNICO RETORNO - DATA INÍCIO = 2026-06-05 00:00:00
CAMPO ADICIONAL ATUALIZADO: CURSO TÉCNICO RETORNO - INSTRUTOR = 2026 VIVO T41 GLAUCIO BVG
CAMPO ADICIONAL ATUALIZADO: CURSO TÉCNICO RETORNO - DATA TÉRMINO = 2026-06-08 00:00:00
CAMPO ADICIONAL ATUALIZADO: DUPLADO FASE 2 - DATA INÍCIO = -
CAMPO ADICIONAL ATUALIZADO: DUPLADO FASE 2 - DATA TÉRMINO = -
CAMPO ADICIONAL ATUALIZADO: DUPLADO FASE 2 - GER. REGIONAL = -
CAMPO ADICIONAL ATUALIZADO: DUPLADO FASE 2 - LOCAL DE APRESENTAÇÃO = -
Processando usuário existente: r061101 (Matrícula: 61101)
SENHA ATUALIZADA: r@67880
CAMPO ADICIONAL ATUALIZADO: CADASTRO - FUNÇÃO = MULTI SKILL OPT CON
CAMPO ADICIONAL ATUALIZADO: CADASTRO - ADMISSÃO = 2026-05-06 00:00:00
CAMPO ADICIONAL ATUALIZADO: CADASTRO - GERENTE REGIONAL = ALISSON DE JESUS CARVALHO
CAMPO ADICIONAL ATUALIZADO: CADASTRO - GERENTE CORPORATIVO = FABIO CONCEICAO DOS SANTOS
CAMPO ADICIONAL ATUALIZADO: INTEGRAÇÃO - MODALIDADE = PRESENCIAL
CAMPO ADICIONAL ATUALIZADO: INTEGRAÇÃO - LOCAL = RUA SÃO QUIRINO, 758 - VILA GUILHERME - SÃO PAULO - SP
CAMPO ADICIONAL ATUALIZADO: INTEGRAÇÃO - DATA INÍCIO = 2026-05-06 00:00:00
CAMPO ADICIONAL ATUALIZADO: INTEGRAÇÃO - DATA TÉRMINO = 2026-05-06 00:00:00
CAMPO ADICIONAL ATUALIZADO: INTEGRAÇÃO - INSTRUTOR = GELSIVAN
CAMPO ADICIONAL ATUALIZADO: 1ª RETIRADA - CARREGAMENTO - LOCAL = RUA ÁLVARO ALVIM, 1123 - PAULICÉIA - SÃO BERNARDO DO CAMPO - SP
CAMPO ADICIONAL ATUALIZADO: 1ª RETIRADA - CARREGAMENTO - DATA DE CARREGAMENTO = 2026-05-13 00:00:00
CAMPO ADICIONAL ATUALIZADO: INTRODUÇÃO A SAÚDE E SEGURANÇA DO TRABALHO - MODALIDADE = ONLINE T2
CAMPO ADICIONAL ATUALIZADO: INTRODUÇÃO A SAÚDE E SEGURANÇA DO TRABALHO - LOCAL = https://teams.microsoft.com/meet/238144599512544?p=NPH77zpsohs8Eugsac
CAMPO ADICIONAL ATUALIZADO: INTRODUÇÃO A SAÚDE E SEGURANÇA DO TRABALHO - DATA INÍCIO = 2026-05-07 00:00:00
CAMPO ADICIONAL ATUALIZADO: INTRODUÇÃO A SAÚDE E SEGURANÇA DO TRABALHO - DATA TÉRMINO = 2026-05-07 00:00:00
CAMPO ADICIONAL ATUALIZADO: INTRODUÇÃO A SAÚDE E SEGURANÇA DO TRABALHO - INSTRUTOR = SESMT
CAMPO ADICIONAL ATUALIZADO: NORMATIVO (ONLINE) - DATA INÍCIO = 2026-05-08 00:00:00
CAMPO ADICIONAL ATUALIZADO: NORMATIVO (ONLINE) - DATA TÉRMINO = 2026-05-12 00:00:00
CAMPO ADICIONAL ATUALIZADO: NORMATIVO (ONLINE) - INSTRUTOR = RODRIGO
CAMPO ADICIONAL ATUALIZADO: NORMATIVO (ONLINE) - ACESSO = https://teams.microsoft.com/meet/223076657036901?p=MZm9fP8B2rcltNC8uf
CAMPO ADICIONAL ATUALIZADO: NORMATIVO (PRESENCIAL) - LOCAL = RUA ÁLVARO ALVIM, 1123 - PAULICÉIA - SÃO BERNARDO DO CAMPO - SP
CAMPO ADICIONAL ATUALIZADO: NORMATIVO (PRESENCIAL) - DATA INÍCIO = 2026-05-13 00:00:00
CAMPO ADICIONAL ATUALIZADO: NORMATIVO (PRESENCIAL) - DATA TÉRMINO = 2026-05-14 00:00:00
CAMPO ADICIONAL ATUALIZADO: NORMATIVO (PRESENCIAL) - INSTRUTOR = RODRIGO
CAMPO ADICIONAL ATUALIZADO: 2ª RETIRADA - CARREGAMENTO - DATA DE CARREGAMENTO = 2026-06-09 00:00:00
CAMPO ADICIONAL ATUALIZADO: 2ª RETIRADA - CARREGAMENTO - LOCAL = RUA SÃO QUIRINO, 758 - VILA GUILHERME - SÃO PAULO - SP
CAMPO ADICIONAL ATUALIZADO: OPERAÇÃO - DATA DE OPERAÇÃO = 2026-06-10 00:00:00
CAMPO ADICIONAL ATUALIZADO: OPERAÇÃO - LOCAL = RUA SÃO QUIRINO, 758 - VILA GUILHERME - SÃO PAULO - SP
CAMPO ADICIONAL ATUALIZADO: CURSO TÉCNICO - MODALIDADE = PRESENCIAL
CAMPO ADICIONAL ATUALIZADO: CURSO TÉCNICO - LOCAL = RUA SÃO QUIRINO, 758 - VILA GUILHERME - SÃO PAULO - SP
CAMPO ADICIONAL ATUALIZADO: CURSO TÉCNICO - DATA INÍCIO = 2026-05-15 00:00:00
CAMPO ADICIONAL ATUALIZADO: CURSO TÉCNICO - DATA TÉRMINO = 2026-05-20 00:00:00
CAMPO ADICIONAL ATUALIZADO: CURSO TÉCNICO - INSTRUTOR = 2026 VIVO T41 GLAUCIO BVG
CAMPO ADICIONAL ATUALIZADO: DUPLADO - DATA INÍCIO = 2026-05-21 00:00:00
CAMPO ADICIONAL ATUALIZADO: DUPLADO - DATA TÉRMINO = 2026-06-03 00:00:00
CAMPO ADICIONAL ATUALIZADO: DUPLADO - GER. REGIONAL = -
CAMPO ADICIONAL ATUALIZADO: DUPLADO - LOCAL DE APRESENTAÇÃO = RUA SÃO QUIRINO, 758 - VILA GUILHERME - SÃO PAULO - SP
CAMPO ADICIONAL ATUALIZADO: CURSO TÉCNICO RETORNO - MODALIDADE = PRESENCIAL
CAMPO ADICIONAL ATUALIZADO: CURSO TÉCNICO RETORNO - LOCAL = RUA SÃO QUIRINO, 758 - VILA GUILHERME - SÃO PAULO - SP
CAMPO ADICIONAL ATUALIZADO: CURSO TÉCNICO RETORNO - DATA INÍCIO = 2026-06-05 00:00:00
CAMPO ADICIONAL ATUALIZADO: CURSO TÉCNICO RETORNO - INSTRUTOR = 2026 VIVO T41 GLAUCIO BVG
CAMPO ADICIONAL ATUALIZADO: CURSO TÉCNICO RETORNO - DATA TÉRMINO = 2026-06-08 00:00:00
CAMPO ADICIONAL ATUALIZADO: DUPLADO FASE 2 - DATA INÍCIO = -
CAMPO ADICIONAL ATUALIZADO: DUPLADO FASE 2 - DATA TÉRMINO = -
CAMPO ADICIONAL ATUALIZADO: DUPLADO FASE 2 - GER. REGIONAL = -
CAMPO ADICIONAL ATUALIZADO: DUPLADO FASE 2 - LOCAL DE APRESENTAÇÃO = -
Processando usuário existente: r061102 (Matrícula: 61102)
Tentativa de login - Login: r061098, Senha: r@63857
Carregado data\users.json em 0.183s
USUARIO ENCONTRADO: r061098 (ID: 258)
Hash: scrypt:32768:8:1$TIYqFU5mtqeFQo3G$cee3453a0b136400...
SENHA ATUALIZADA: r@37808
CAMPO ADICIONAL ATUALIZADO: CADASTRO - FUNÇÃO = MULTI SKILL OPT CON
CAMPO ADICIONAL ATUALIZADO: CADASTRO - ADMISSÃO = 2026-05-06 00:00:00
CAMPO ADICIONAL ATUALIZADO: CADASTRO - GERENTE REGIONAL = DAVI LUCAS MILEIRO
CAMPO ADICIONAL ATUALIZADO: CADASTRO - GERENTE CORPORATIVO = ODLEI RICARDO DOS REIS
CAMPO ADICIONAL ATUALIZADO: INTEGRAÇÃO - MODALIDADE = PRESENCIAL
CAMPO ADICIONAL ATUALIZADO: INTEGRAÇÃO - LOCAL = RUA SÃO QUIRINO, 758 - VILA GUILHERME - SÃO PAULO - SP
CAMPO ADICIONAL ATUALIZADO: INTEGRAÇÃO - DATA INÍCIO = 2026-05-06 00:00:00
CAMPO ADICIONAL ATUALIZADO: INTEGRAÇÃO - DATA TÉRMINO = 2026-05-06 00:00:00
CAMPO ADICIONAL ATUALIZADO: INTEGRAÇÃO - INSTRUTOR = GELSIVAN
CAMPO ADICIONAL ATUALIZADO: 1ª RETIRADA - CARREGAMENTO - LOCAL = RUA SÃO QUIRINO, 758 - VILA GUILHERME - SÃO PAULO - SP
CAMPO ADICIONAL ATUALIZADO: 1ª RETIRADA - CARREGAMENTO - DATA DE CARREGAMENTO = 2026-05-13 00:00:00
CAMPO ADICIONAL ATUALIZADO: INTRODUÇÃO A SAÚDE E SEGURANÇA DO TRABALHO - MODALIDADE = ONLINE T2
CAMPO ADICIONAL ATUALIZADO: INTRODUÇÃO A SAÚDE E SEGURANÇA DO TRABALHO - LOCAL = https://teams.microsoft.com/meet/238144599512544?p=NPH77zpsohs8Eugsac
CAMPO ADICIONAL ATUALIZADO: INTRODUÇÃO A SAÚDE E SEGURANÇA DO TRABALHO - DATA INÍCIO = 2026-05-07 00:00:00
CAMPO ADICIONAL ATUALIZADO: INTRODUÇÃO A SAÚDE E SEGURANÇA DO TRABALHO - DATA TÉRMINO = 2026-05-07 00:00:00
CAMPO ADICIONAL ATUALIZADO: INTRODUÇÃO A SAÚDE E SEGURANÇA DO TRABALHO - INSTRUTOR = SESMT
CAMPO ADICIONAL ATUALIZADO: NORMATIVO (ONLINE) - DATA INÍCIO = 2026-05-08 00:00:00
CAMPO ADICIONAL ATUALIZADO: NORMATIVO (ONLINE) - DATA TÉRMINO = 2026-05-12 00:00:00
CAMPO ADICIONAL ATUALIZADO: NORMATIVO (ONLINE) - INSTRUTOR = RODRIGO
CAMPO ADICIONAL ATUALIZADO: NORMATIVO (ONLINE) - ACESSO = https://teams.microsoft.com/meet/223076657036901?p=MZm9fP8B2rcltNC8uf
CAMPO ADICIONAL ATUALIZADO: NORMATIVO (PRESENCIAL) - LOCAL = RUA SÃO QUIRINO, 758 - VILA GUILHERME - SÃO PAULO - SP
CAMPO ADICIONAL ATUALIZADO: NORMATIVO (PRESENCIAL) - DATA INÍCIO = 2026-05-13 00:00:00
CAMPO ADICIONAL ATUALIZADO: NORMATIVO (PRESENCIAL) - DATA TÉRMINO = 2026-05-14 00:00:00
CAMPO ADICIONAL ATUALIZADO: NORMATIVO (PRESENCIAL) - INSTRUTOR = RODRIGO
CAMPO ADICIONAL ATUALIZADO: 2ª RETIRADA - CARREGAMENTO - DATA DE CARREGAMENTO = 2026-06-09 00:00:00
CAMPO ADICIONAL ATUALIZADO: 2ª RETIRADA - CARREGAMENTO - LOCAL = RUA SÃO QUIRINO, 758 - VILA GUILHERME - SÃO PAULO - SP
CAMPO ADICIONAL ATUALIZADO: OPERAÇÃO - DATA DE OPERAÇÃO = 2026-06-10 00:00:00
CAMPO ADICIONAL ATUALIZADO: OPERAÇÃO - LOCAL = RODOVIA JOÃO AFONSO DE SOUZA CASTELLANO, 1212 - VILA JAÚ - POÁ - SP
CAMPO ADICIONAL ATUALIZADO: CURSO TÉCNICO - MODALIDADE = PRESENCIAL
CAMPO ADICIONAL ATUALIZADO: CURSO TÉCNICO - LOCAL = RUA SÃO QUIRINO, 758 - VILA GUILHERME - SÃO PAULO - SP
CAMPO ADICIONAL ATUALIZADO: CURSO TÉCNICO - DATA INÍCIO = 2026-05-15 00:00:00
CAMPO ADICIONAL ATUALIZADO: CURSO TÉCNICO - DATA TÉRMINO = 2026-05-20 00:00:00
CAMPO ADICIONAL ATUALIZADO: CURSO TÉCNICO - INSTRUTOR = 2026 VIVO T41 GLAUCIO BVG
CAMPO ADICIONAL ATUALIZADO: DUPLADO - DATA INÍCIO = 2026-05-21 00:00:00
CAMPO ADICIONAL ATUALIZADO: DUPLADO - DATA TÉRMINO = 2026-06-03 00:00:00
CAMPO ADICIONAL ATUALIZADO: DUPLADO - GER. REGIONAL = -
CAMPO ADICIONAL ATUALIZADO: DUPLADO - LOCAL DE APRESENTAÇÃO = RODOVIA JOÃO AFONSO DE SOUZA CASTELLANO, 1212 - VILA JAÚ - POÁ - SP
CAMPO ADICIONAL ATUALIZADO: CURSO TÉCNICO RETORNO - MODALIDADE = PRESENCIAL
CAMPO ADICIONAL ATUALIZADO: CURSO TÉCNICO RETORNO - LOCAL = RODOVIA JOÃO AFONSO DE SOUZA CASTELLANO, 1212 - VILA JAÚ - POÁ - SP
CAMPO ADICIONAL ATUALIZADO: CURSO TÉCNICO RETORNO - DATA INÍCIO = 2026-06-05 00:00:00
CAMPO ADICIONAL ATUALIZADO: CURSO TÉCNICO RETORNO - INSTRUTOR = 2026 VIVO T41 GLAUCIO BVG
CAMPO ADICIONAL ATUALIZADO: CURSO TÉCNICO RETORNO - DATA TÉRMINO = 2026-06-08 00:00:00
CAMPO ADICIONAL ATUALIZADO: DUPLADO FASE 2 - DATA INÍCIO = -
CAMPO ADICIONAL ATUALIZADO: DUPLADO FASE 2 - DATA TÉRMINO = -
CAMPO ADICIONAL ATUALIZADO: DUPLADO FASE 2 - GER. REGIONAL = -
CAMPO ADICIONAL ATUALIZADO: DUPLADO FASE 2 - LOCAL DE APRESENTAÇÃO = -
Processando usuário existente: r061112 (Matrícula: 61112)
VERIFICACAO SENHA: True
LOGIN SUCESSO: r061098
SENHA ATUALIZADA: r@98826
CAMPO ADICIONAL ATUALIZADO: CADASTRO - FUNÇÃO = MULTI SKILL OPT CON
CAMPO ADICIONAL ATUALIZADO: CADASTRO - ADMISSÃO = 2026-05-06 00:00:00
CAMPO ADICIONAL ATUALIZADO: CADASTRO - GERENTE REGIONAL = -
CAMPO ADICIONAL ATUALIZADO: CADASTRO - GERENTE CORPORATIVO = -
CAMPO ADICIONAL ATUALIZADO: INTEGRAÇÃO - MODALIDADE = PRESENCIAL
CAMPO ADICIONAL ATUALIZADO: INTEGRAÇÃO - LOCAL = RUA SÃO QUIRINO, 758 - VILA GUILHERME - SÃO PAULO - SP
CAMPO ADICIONAL ATUALIZADO: INTEGRAÇÃO - DATA INÍCIO = 2026-05-06 00:00:00
CAMPO ADICIONAL ATUALIZADO: INTEGRAÇÃO - DATA TÉRMINO = 2026-05-06 00:00:00
CAMPO ADICIONAL ATUALIZADO: INTEGRAÇÃO - INSTRUTOR = GELSIVAN
CAMPO ADICIONAL ATUALIZADO: 1ª RETIRADA - CARREGAMENTO - LOCAL = RUA SÃO QUIRINO, 758 - VILA GUILHERME - SÃO PAULO - SP
CAMPO ADICIONAL ATUALIZADO: 1ª RETIRADA - CARREGAMENTO - DATA DE CARREGAMENTO = 2026-05-13 00:00:00
CAMPO ADICIONAL ATUALIZADO: INTRODUÇÃO A SAÚDE E SEGURANÇA DO TRABALHO - MODALIDADE = ONLINE T2
CAMPO ADICIONAL ATUALIZADO: INTRODUÇÃO A SAÚDE E SEGURANÇA DO TRABALHO - LOCAL = https://teams.microsoft.com/meet/238144599512544?p=NPH77zpsohs8Eugsac
CAMPO ADICIONAL ATUALIZADO: INTRODUÇÃO A SAÚDE E SEGURANÇA DO TRABALHO - DATA INÍCIO = 2026-05-07 00:00:00
CAMPO ADICIONAL ATUALIZADO: INTRODUÇÃO A SAÚDE E SEGURANÇA DO TRABALHO - DATA TÉRMINO = 2026-05-07 00:00:00
CAMPO ADICIONAL ATUALIZADO: INTRODUÇÃO A SAÚDE E SEGURANÇA DO TRABALHO - INSTRUTOR = SESMT
CAMPO ADICIONAL ATUALIZADO: NORMATIVO (ONLINE) - DATA INÍCIO = 2026-05-08 00:00:00
CAMPO ADICIONAL ATUALIZADO: NORMATIVO (ONLINE) - DATA TÉRMINO = 2026-05-12 00:00:00
CAMPO ADICIONAL ATUALIZADO: NORMATIVO (ONLINE) - INSTRUTOR = RODRIGO
CAMPO ADICIONAL ATUALIZADO: NORMATIVO (ONLINE) - ACESSO = https://teams.microsoft.com/meet/223076657036901?p=MZm9fP8B2rcltNC8uf
CAMPO ADICIONAL ATUALIZADO: NORMATIVO (PRESENCIAL) - LOCAL = RUA SÃO QUIRINO, 758 - VILA GUILHERME - SÃO PAULO - SP
CAMPO ADICIONAL ATUALIZADO: NORMATIVO (PRESENCIAL) - DATA INÍCIO = 2026-05-13 00:00:00
CAMPO ADICIONAL ATUALIZADO: NORMATIVO (PRESENCIAL) - DATA TÉRMINO = 2026-05-14 00:00:00
CAMPO ADICIONAL ATUALIZADO: NORMATIVO (PRESENCIAL) - INSTRUTOR = RODRIGO
CAMPO ADICIONAL ATUALIZADO: 2ª RETIRADA - CARREGAMENTO - DATA DE CARREGAMENTO = 2026-06-09 00:00:00
CAMPO ADICIONAL ATUALIZADO: 2ª RETIRADA - CARREGAMENTO - LOCAL = RUA SÃO QUIRINO, 758 - VILA GUILHERME - SÃO PAULO - SP
CAMPO ADICIONAL ATUALIZADO: OPERAÇÃO - DATA DE OPERAÇÃO = 2026-06-10 00:00:00
CAMPO ADICIONAL ATUALIZADO: OPERAÇÃO - LOCAL = RODOVIA JOÃO AFONSO DE SOUZA CASTELLANO, 1212 - VILA JAÚ - POÁ - SP
CAMPO ADICIONAL ATUALIZADO: CURSO TÉCNICO - MODALIDADE = PRESENCIAL
CAMPO ADICIONAL ATUALIZADO: CURSO TÉCNICO - LOCAL = RUA SÃO QUIRINO, 758 - VILA GUILHERME - SÃO PAULO - SP
CAMPO ADICIONAL ATUALIZADO: CURSO TÉCNICO - DATA INÍCIO = 2026-05-15 00:00:00
CAMPO ADICIONAL ATUALIZADO: CURSO TÉCNICO - DATA TÉRMINO = 2026-05-20 00:00:00
CAMPO ADICIONAL ATUALIZADO: CURSO TÉCNICO - INSTRUTOR = 2026 VIVO T41 GLAUCIO BVG
CAMPO ADICIONAL ATUALIZADO: DUPLADO - DATA INÍCIO = 2026-05-21 00:00:00
CAMPO ADICIONAL ATUALIZADO: DUPLADO - DATA TÉRMINO = 2026-06-03 00:00:00
CAMPO ADICIONAL ATUALIZADO: DUPLADO - GER. REGIONAL = -
CAMPO ADICIONAL ATUALIZADO: DUPLADO - LOCAL DE APRESENTAÇÃO = RODOVIA JOÃO AFONSO DE SOUZA CASTELLANO, 1212 - VILA JAÚ - POÁ - SP
CAMPO ADICIONAL ATUALIZADO: CURSO TÉCNICO RETORNO - MODALIDADE = PRESENCIAL
CAMPO ADICIONAL ATUALIZADO: CURSO TÉCNICO RETORNO - LOCAL = RODOVIA JOÃO AFONSO DE SOUZA CASTELLANO, 1212 - VILA JAÚ - POÁ - SP
CAMPO ADICIONAL ATUALIZADO: CURSO TÉCNICO RETORNO - DATA INÍCIO = 2026-06-05 00:00:00
CAMPO ADICIONAL ATUALIZADO: CURSO TÉCNICO RETORNO - INSTRUTOR = 2026 VIVO T41 GLAUCIO BVG
CAMPO ADICIONAL ATUALIZADO: CURSO TÉCNICO RETORNO - DATA TÉRMINO = 2026-06-08 00:00:00
CAMPO ADICIONAL ATUALIZADO: DUPLADO FASE 2 - DATA INÍCIO = -
CAMPO ADICIONAL ATUALIZADO: DUPLADO FASE 2 - DATA TÉRMINO = -
CAMPO ADICIONAL ATUALIZADO: DUPLADO FASE 2 - GER. REGIONAL = -
CAMPO ADICIONAL ATUALIZADO: DUPLADO FASE 2 - LOCAL DE APRESENTAÇÃO = -
Processando usuário existente: r061114 (Matrícula: 61114)
SENHA ATUALIZADA: r@40519
CAMPO ADICIONAL ATUALIZADO: CADASTRO - FUNÇÃO = MULTI SKILL OPT CON
CAMPO ADICIONAL ATUALIZADO: CADASTRO - ADMISSÃO = 2026-05-06 00:00:00
CAMPO ADICIONAL ATUALIZADO: CADASTRO - GERENTE REGIONAL = -
CAMPO ADICIONAL ATUALIZADO: CADASTRO - GERENTE CORPORATIVO = -
CAMPO ADICIONAL ATUALIZADO: INTEGRAÇÃO - MODALIDADE = PRESENCIAL
CAMPO ADICIONAL ATUALIZADO: INTEGRAÇÃO - LOCAL = RUA SÃO QUIRINO, 758 - VILA GUILHERME - SÃO PAULO - SP
CAMPO ADICIONAL ATUALIZADO: INTEGRAÇÃO - DATA INÍCIO = 2026-05-06 00:00:00
CAMPO ADICIONAL ATUALIZADO: INTEGRAÇÃO - DATA TÉRMINO = 2026-05-06 00:00:00
CAMPO ADICIONAL ATUALIZADO: INTEGRAÇÃO - INSTRUTOR = GELSIVAN
CAMPO ADICIONAL ATUALIZADO: 1ª RETIRADA - CARREGAMENTO - LOCAL = RUA ÁLVARO ALVIM, 1123 - PAULICÉIA - SÃO BERNARDO DO CAMPO - SP
CAMPO ADICIONAL ATUALIZADO: 1ª RETIRADA - CARREGAMENTO - DATA DE CARREGAMENTO = 2026-05-13 00:00:00
CAMPO ADICIONAL ATUALIZADO: INTRODUÇÃO A SAÚDE E SEGURANÇA DO TRABALHO - MODALIDADE = ONLINE T2
CAMPO ADICIONAL ATUALIZADO: INTRODUÇÃO A SAÚDE E SEGURANÇA DO TRABALHO - LOCAL = https://teams.microsoft.com/meet/238144599512544?p=NPH77zpsohs8Eugsac
CAMPO ADICIONAL ATUALIZADO: INTRODUÇÃO A SAÚDE E SEGURANÇA DO TRABALHO - DATA INÍCIO = 2026-05-07 00:00:00
CAMPO ADICIONAL ATUALIZADO: INTRODUÇÃO A SAÚDE E SEGURANÇA DO TRABALHO - DATA TÉRMINO = 2026-05-07 00:00:00
CAMPO ADICIONAL ATUALIZADO: INTRODUÇÃO A SAÚDE E SEGURANÇA DO TRABALHO - INSTRUTOR = SESMT
CAMPO ADICIONAL ATUALIZADO: NORMATIVO (ONLINE) - DATA INÍCIO = 2026-05-08 00:00:00
CAMPO ADICIONAL ATUALIZADO: NORMATIVO (ONLINE) - DATA TÉRMINO = 2026-05-12 00:00:00
CAMPO ADICIONAL ATUALIZADO: NORMATIVO (ONLINE) - INSTRUTOR = RODRIGO
CAMPO ADICIONAL ATUALIZADO: NORMATIVO (ONLINE) - ACESSO = https://teams.microsoft.com/meet/223076657036901?p=MZm9fP8B2rcltNC8uf
CAMPO ADICIONAL ATUALIZADO: NORMATIVO (PRESENCIAL) - LOCAL = RUA ÁLVARO ALVIM, 1123 - PAULICÉIA - SÃO BERNARDO DO CAMPO - SP
CAMPO ADICIONAL ATUALIZADO: NORMATIVO (PRESENCIAL) - DATA INÍCIO = 2026-05-13 00:00:00
CAMPO ADICIONAL ATUALIZADO: NORMATIVO (PRESENCIAL) - DATA TÉRMINO = 2026-05-14 00:00:00
CAMPO ADICIONAL ATUALIZADO: NORMATIVO (PRESENCIAL) - INSTRUTOR = RODRIGO
CAMPO ADICIONAL ATUALIZADO: 2ª RETIRADA - CARREGAMENTO - DATA DE CARREGAMENTO = 2026-06-09 00:00:00
CAMPO ADICIONAL ATUALIZADO: 2ª RETIRADA - CARREGAMENTO - LOCAL = RUA SÃO QUIRINO, 758 - VILA GUILHERME - SÃO PAULO - SP
CAMPO ADICIONAL ATUALIZADO: OPERAÇÃO - DATA DE OPERAÇÃO = 2026-06-10 00:00:00
CAMPO ADICIONAL ATUALIZADO: OPERAÇÃO - LOCAL = RUA SÃO QUIRINO, 758 - VILA GUILHERME - SÃO PAULO - SP
CAMPO ADICIONAL ATUALIZADO: CURSO TÉCNICO - MODALIDADE = PRESENCIAL
CAMPO ADICIONAL ATUALIZADO: CURSO TÉCNICO - LOCAL = RUA SÃO QUIRINO, 758 - VILA GUILHERME - SÃO PAULO - SP
CAMPO ADICIONAL ATUALIZADO: CURSO TÉCNICO - DATA INÍCIO = 2026-05-15 00:00:00
CAMPO ADICIONAL ATUALIZADO: CURSO TÉCNICO - DATA TÉRMINO = 2026-05-20 00:00:00
CAMPO ADICIONAL ATUALIZADO: CURSO TÉCNICO - INSTRUTOR = 2026 VIVO T41 GLAUCIO BVG
CAMPO ADICIONAL ATUALIZADO: DUPLADO - DATA INÍCIO = 2026-05-21 00:00:00
CAMPO ADICIONAL ATUALIZADO: DUPLADO - DATA TÉRMINO = 2026-06-03 00:00:00
CAMPO ADICIONAL ATUALIZADO: DUPLADO - GER. REGIONAL = -
CAMPO ADICIONAL ATUALIZADO: DUPLADO - LOCAL DE APRESENTAÇÃO = RUA SÃO QUIRINO, 758 - VILA GUILHERME - SÃO PAULO - SP
CAMPO ADICIONAL ATUALIZADO: CURSO TÉCNICO RETORNO - MODALIDADE = PRESENCIAL
CAMPO ADICIONAL ATUALIZADO: CURSO TÉCNICO RETORNO - LOCAL = RUA SÃO QUIRINO, 758 - VILA GUILHERME - SÃO PAULO - SP
CAMPO ADICIONAL ATUALIZADO: CURSO TÉCNICO RETORNO - DATA INÍCIO = 2026-06-05 00:00:00
CAMPO ADICIONAL ATUALIZADO: CURSO TÉCNICO RETORNO - INSTRUTOR = 2026 VIVO T41 GLAUCIO BVG
CAMPO ADICIONAL ATUALIZADO: CURSO TÉCNICO RETORNO - DATA TÉRMINO = 2026-06-08 00:00:00
CAMPO ADICIONAL ATUALIZADO: DUPLADO FASE 2 - DATA INÍCIO = -
CAMPO ADICIONAL ATUALIZADO: DUPLADO FASE 2 - DATA TÉRMINO = -
CAMPO ADICIONAL ATUALIZADO: DUPLADO FASE 2 - GER. REGIONAL = -
CAMPO ADICIONAL ATUALIZADO: DUPLADO FASE 2 - LOCAL DE APRESENTAÇÃO = -
Processando usuário existente: r061113 (Matrícula: 61113)
SENHA ATUALIZADA: r@64884
CAMPO ADICIONAL ATUALIZADO: CADASTRO - FUNÇÃO = MULTI SKILL OPT CON
CAMPO ADICIONAL ATUALIZADO: CADASTRO - ADMISSÃO = 2026-05-06 00:00:00
CAMPO ADICIONAL ATUALIZADO: CADASTRO - GERENTE REGIONAL = -
CAMPO ADICIONAL ATUALIZADO: CADASTRO - GERENTE CORPORATIVO = -
CAMPO ADICIONAL ATUALIZADO: INTEGRAÇÃO - MODALIDADE = PRESENCIAL
CAMPO ADICIONAL ATUALIZADO: INTEGRAÇÃO - LOCAL = RUA SÃO QUIRINO, 758 - VILA GUILHERME - SÃO PAULO - SP
CAMPO ADICIONAL ATUALIZADO: INTEGRAÇÃO - DATA INÍCIO = 2026-05-06 00:00:00
CAMPO ADICIONAL ATUALIZADO: INTEGRAÇÃO - DATA TÉRMINO = 2026-05-06 00:00:00
CAMPO ADICIONAL ATUALIZADO: INTEGRAÇÃO - INSTRUTOR = GELSIVAN
CAMPO ADICIONAL ATUALIZADO: 1ª RETIRADA - CARREGAMENTO - LOCAL = RUA SÃO QUIRINO, 758 - VILA GUILHERME - SÃO PAULO - SP
CAMPO ADICIONAL ATUALIZADO: 1ª RETIRADA - CARREGAMENTO - DATA DE CARREGAMENTO = 2026-05-13 00:00:00
CAMPO ADICIONAL ATUALIZADO: INTRODUÇÃO A SAÚDE E SEGURANÇA DO TRABALHO - MODALIDADE = ONLINE T2
CAMPO ADICIONAL ATUALIZADO: INTRODUÇÃO A SAÚDE E SEGURANÇA DO TRABALHO - LOCAL = https://teams.microsoft.com/meet/238144599512544?p=NPH77zpsohs8Eugsac
CAMPO ADICIONAL ATUALIZADO: INTRODUÇÃO A SAÚDE E SEGURANÇA DO TRABALHO - DATA INÍCIO = 2026-05-07 00:00:00
CAMPO ADICIONAL ATUALIZADO: INTRODUÇÃO A SAÚDE E SEGURANÇA DO TRABALHO - DATA TÉRMINO = 2026-05-07 00:00:00
CAMPO ADICIONAL ATUALIZADO: INTRODUÇÃO A SAÚDE E SEGURANÇA DO TRABALHO - INSTRUTOR = SESMT
CAMPO ADICIONAL ATUALIZADO: NORMATIVO (ONLINE) - DATA INÍCIO = 2026-05-08 00:00:00
CAMPO ADICIONAL ATUALIZADO: NORMATIVO (ONLINE) - DATA TÉRMINO = 2026-05-12 00:00:00
CAMPO ADICIONAL ATUALIZADO: NORMATIVO (ONLINE) - INSTRUTOR = RODRIGO
CAMPO ADICIONAL ATUALIZADO: NORMATIVO (ONLINE) - ACESSO = https://teams.microsoft.com/meet/223076657036901?p=MZm9fP8B2rcltNC8uf
CAMPO ADICIONAL ATUALIZADO: NORMATIVO (PRESENCIAL) - LOCAL = RUA SÃO QUIRINO, 758 - VILA GUILHERME - SÃO PAULO - SP
CAMPO ADICIONAL ATUALIZADO: NORMATIVO (PRESENCIAL) - DATA INÍCIO = 2026-05-13 00:00:00
CAMPO ADICIONAL ATUALIZADO: NORMATIVO (PRESENCIAL) - DATA TÉRMINO = 2026-05-14 00:00:00
CAMPO ADICIONAL ATUALIZADO: NORMATIVO (PRESENCIAL) - INSTRUTOR = RODRIGO
CAMPO ADICIONAL ATUALIZADO: 2ª RETIRADA - CARREGAMENTO - DATA DE CARREGAMENTO = 2026-06-09 00:00:00
CAMPO ADICIONAL ATUALIZADO: 2ª RETIRADA - CARREGAMENTO - LOCAL = RUA SÃO QUIRINO, 758 - VILA GUILHERME - SÃO PAULO - SP
CAMPO ADICIONAL ATUALIZADO: OPERAÇÃO - DATA DE OPERAÇÃO = 2026-06-10 00:00:00
CAMPO ADICIONAL ATUALIZADO: OPERAÇÃO - LOCAL = RUA SÃO QUIRINO, 758 - VILA GUILHERME - SÃO PAULO - SP
CAMPO ADICIONAL ATUALIZADO: CURSO TÉCNICO - MODALIDADE = PRESENCIAL
CAMPO ADICIONAL ATUALIZADO: CURSO TÉCNICO - LOCAL = RUA SÃO QUIRINO, 758 - VILA GUILHERME - SÃO PAULO - SP
CAMPO ADICIONAL ATUALIZADO: CURSO TÉCNICO - DATA INÍCIO = 2026-05-15 00:00:00
CAMPO ADICIONAL ATUALIZADO: CURSO TÉCNICO - DATA TÉRMINO = 2026-05-20 00:00:00
CAMPO ADICIONAL ATUALIZADO: CURSO TÉCNICO - INSTRUTOR = 2026 VIVO T41 GLAUCIO BVG
CAMPO ADICIONAL ATUALIZADO: DUPLADO - DATA INÍCIO = 2026-05-21 00:00:00
CAMPO ADICIONAL ATUALIZADO: DUPLADO - DATA TÉRMINO = 2026-06-03 00:00:00
CAMPO ADICIONAL ATUALIZADO: DUPLADO - GER. REGIONAL = -
CAMPO ADICIONAL ATUALIZADO: DUPLADO - LOCAL DE APRESENTAÇÃO = RUA SÃO QUIRINO, 758 - VILA GUILHERME - SÃO PAULO - SP
CAMPO ADICIONAL ATUALIZADO: CURSO TÉCNICO RETORNO - MODALIDADE = PRESENCIAL
CAMPO ADICIONAL ATUALIZADO: CURSO TÉCNICO RETORNO - LOCAL = RUA SÃO QUIRINO, 758 - VILA GUILHERME - SÃO PAULO - SP
CAMPO ADICIONAL ATUALIZADO: CURSO TÉCNICO RETORNO - DATA INÍCIO = 2026-06-05 00:00:00
CAMPO ADICIONAL ATUALIZADO: CURSO TÉCNICO RETORNO - INSTRUTOR = 2026 VIVO T41 GLAUCIO BVG
CAMPO ADICIONAL ATUALIZADO: CURSO TÉCNICO RETORNO - DATA TÉRMINO = 2026-06-08 00:00:00
CAMPO ADICIONAL ATUALIZADO: DUPLADO FASE 2 - DATA INÍCIO = -
CAMPO ADICIONAL ATUALIZADO: DUPLADO FASE 2 - DATA TÉRMINO = -
CAMPO ADICIONAL ATUALIZADO: DUPLADO FASE 2 - GER. REGIONAL = -
CAMPO ADICIONAL ATUALIZADO: DUPLADO FASE 2 - LOCAL DE APRESENTAÇÃO = -
Salvo data\users.json em 1.576s
UPLOAD COMPLETO: 31 linhas processadas
UPLOAD ESTATÍSTICAS: Atualizados=31, Criados=0
Erro ao carregar JSON data\users.json: Expecting ',' delimiter: line 9925 column 74 (char 354100)
Erro ao carregar JSON data\users.json: Expecting ':' delimiter: line 28465 column 21 (char 1062838)
Carregado data\users.json em 0.535s
Categorias processadas em 0.004s
Tentativa de login - Login: r061070, Senha: r@65410
Carregado data\users.json em 0.219s
USUARIO ENCONTRADO: r061070 (ID: 171)
Hash: scrypt:32768:8:1$7JGRQQGyqzHNJ3vq$ff01dfedb1b2319c...
VERIFICACAO SENHA: True
LOGIN SUCESSO: r061070
Categorias processadas em 0.001s
Tentativa de login - Login: RafaelPinho, Senha: @21314100
Carregado data\users.json em 0.115s
USUARIO ENCONTRADO: RafaelPinho (ID: 1)
Hash: scrypt:32768:8:1$TxRdQY5h14L7BGe3$0b21f65a9c146712...
VERIFICACAO SENHA: True
LOGIN SUCESSO: RafaelPinho
Tentativa de login - Login: r061004, Senha: r@58536
Carregado data\users.json em 0.129s
USUARIO ENCONTRADO: r061004 (ID: 162)
Hash: scrypt:32768:8:1$JXYsals0ASXoyrJl$fb8efc5dc737b77b...
VERIFICACAO SENHA: True
LOGIN SUCESSO: r061004
Categorias processadas em 0.003s
DEBUG: Iniciando processamento do arquivo: Upload Plataforma Icomon 06-05 v3.xlsx
DEBUG: Tamanho do arquivo: 0
DEBUG: Tentando ler arquivo Excel...
DEBUG: Arquivo Excel lido com sucesso
Carregado data\users.json em 0.101s
Arquivo carregado em 0.613s - 54 linhas
Processando usuário existente: r061004 (Matrícula: 61004)
SENHA ATUALIZADA: r@58536
CAMPO ADICIONAL ATUALIZADO: CADASTRO - FUNÇÃO = CABISTA F OPTICA
CAMPO ADICIONAL ATUALIZADO: CADASTRO - ADMISSÃO = 2026-05-06 00:00:00
CAMPO ADICIONAL ATUALIZADO: CADASTRO - GERENTE REGIONAL = ROBSON COSTA PATROCINIO
CAMPO ADICIONAL ATUALIZADO: CADASTRO - GERENTE CORPORATIVO = FRANCISCO ADOLFO ZAMPOL DE MARCO
CAMPO ADICIONAL ATUALIZADO: INTEGRAÇÃO - MODALIDADE = PRESENCIAL
CAMPO ADICIONAL ATUALIZADO: INTEGRAÇÃO - LOCAL = RUA SÃO QUIRINO, 758 - VILA GUILHERME - SÃO PAULO - SP
CAMPO ADICIONAL ATUALIZADO: INTEGRAÇÃO - DATA INÍCIO = 2026-05-06 00:00:00
CAMPO ADICIONAL ATUALIZADO: INTEGRAÇÃO - DATA TÉRMINO = 2026-05-06 00:00:00
CAMPO ADICIONAL ATUALIZADO: INTEGRAÇÃO - INSTRUTOR = GELSIVAN
CAMPO ADICIONAL ATUALIZADO: 1ª RETIRADA - CARREGAMENTO - LOCAL = RUA ÁLVARO ALVIM, 1123 - PAULICÉIA - SÃO BERNARDO DO CAMPO - SP
CAMPO ADICIONAL ATUALIZADO: 1ª RETIRADA - CARREGAMENTO - DATA DE CARREGAMENTO = 2026-05-13 00:00:00
CAMPO ADICIONAL ATUALIZADO: INTRODUÇÃO A SAÚDE E SEGURANÇA DO TRABALHO - MODALIDADE = ONLINE T2
CAMPO ADICIONAL ATUALIZADO: INTRODUÇÃO A SAÚDE E SEGURANÇA DO TRABALHO - LOCAL = https://teams.microsoft.com/meet/238144599512544?p=NPH77zpsohs8Eugsac
CAMPO ADICIONAL ATUALIZADO: INTRODUÇÃO A SAÚDE E SEGURANÇA DO TRABALHO - DATA INÍCIO = 2026-05-07 00:00:00
CAMPO ADICIONAL ATUALIZADO: INTRODUÇÃO A SAÚDE E SEGURANÇA DO TRABALHO - DATA TÉRMINO = 2026-05-07 00:00:00
CAMPO ADICIONAL ATUALIZADO: INTRODUÇÃO A SAÚDE E SEGURANÇA DO TRABALHO - INSTRUTOR = SESMT
CAMPO ADICIONAL ATUALIZADO: NORMATIVO (ONLINE) - DATA INÍCIO = 2026-05-08 00:00:00
CAMPO ADICIONAL ATUALIZADO: NORMATIVO (ONLINE) - DATA TÉRMINO = 2026-05-14 00:00:00
CAMPO ADICIONAL ATUALIZADO: NORMATIVO (ONLINE) - INSTRUTOR = LUCIANO
CAMPO ADICIONAL ATUALIZADO: NORMATIVO (ONLINE) - ACESSO = https://teams.microsoft.com/meet/252035871893270?p=l1vJ3D0n81QLLIoTom
CAMPO ADICIONAL ATUALIZADO: NORMATIVO (PRESENCIAL) - LOCAL = RUA ÁLVARO ALVIM, 1123 - PAULICÉIA - SÃO BERNARDO DO CAMPO - SP
CAMPO ADICIONAL ATUALIZADO: NORMATIVO (PRESENCIAL) - DATA INÍCIO = 2026-05-15 00:00:00
CAMPO ADICIONAL ATUALIZADO: NORMATIVO (PRESENCIAL) - DATA TÉRMINO = 2026-05-18 00:00:00
CAMPO ADICIONAL ATUALIZADO: NORMATIVO (PRESENCIAL) - INSTRUTOR = LUCIANO
CAMPO ADICIONAL ATUALIZADO: 2ª RETIRADA - CARREGAMENTO - DATA DE CARREGAMENTO = 2026-05-19 00:00:00
CAMPO ADICIONAL ATUALIZADO: 2ª RETIRADA - CARREGAMENTO - LOCAL = RUA SÃO QUIRINO, 758 - VILA GUILHERME - SÃO PAULO - SP
CAMPO ADICIONAL ATUALIZADO: OPERAÇÃO - DATA DE OPERAÇÃO = 2026-05-20 00:00:00
CAMPO ADICIONAL ATUALIZADO: OPERAÇÃO - LOCAL = RUA ÁLVARO ALVIM, 1123 - PAULICÉIA - SÃO BERNARDO DO CAMPO - SP
CAMPO ADICIONAL ATUALIZADO: CURSO TÉCNICO - MODALIDADE = -
CAMPO ADICIONAL ATUALIZADO: CURSO TÉCNICO - LOCAL = -
CAMPO ADICIONAL ATUALIZADO: CURSO TÉCNICO - DATA INÍCIO = -
CAMPO ADICIONAL ATUALIZADO: CURSO TÉCNICO - DATA TÉRMINO = -
CAMPO ADICIONAL ATUALIZADO: DUPLADO - DATA INÍCIO = -
CAMPO ADICIONAL ATUALIZADO: DUPLADO - DATA TÉRMINO = -
CAMPO ADICIONAL ATUALIZADO: DUPLADO - GER. REGIONAL = -
CAMPO ADICIONAL ATUALIZADO: DUPLADO - LOCAL DE APRESENTAÇÃO = -
CAMPO ADICIONAL ATUALIZADO: CURSO TÉCNICO RETORNO - MODALIDADE = -
CAMPO ADICIONAL ATUALIZADO: CURSO TÉCNICO RETORNO - LOCAL = -
CAMPO ADICIONAL ATUALIZADO: CURSO TÉCNICO RETORNO - DATA INÍCIO = -
CAMPO ADICIONAL ATUALIZADO: CURSO TÉCNICO RETORNO - INSTRUTOR = -
CAMPO ADICIONAL ATUALIZADO: CURSO TÉCNICO RETORNO - DATA TÉRMINO = -
CAMPO ADICIONAL ATUALIZADO: DUPLADO FASE 2 - DATA INÍCIO = -
CAMPO ADICIONAL ATUALIZADO: DUPLADO FASE 2 - DATA TÉRMINO = -
CAMPO ADICIONAL ATUALIZADO: DUPLADO FASE 2 - GER. REGIONAL = -
CAMPO ADICIONAL ATUALIZADO: DUPLADO FASE 2 - LOCAL DE APRESENTAÇÃO = -
Processando usuário existente: r061005 (Matrícula: 61005)
SENHA ATUALIZADA: r@13870
CAMPO ADICIONAL ATUALIZADO: CADASTRO - FUNÇÃO = AUX TELECOM
CAMPO ADICIONAL ATUALIZADO: CADASTRO - ADMISSÃO = 2026-05-06 00:00:00
CAMPO ADICIONAL ATUALIZADO: CADASTRO - GERENTE REGIONAL = EDVAN PEREIRA DA ROCHA
CAMPO ADICIONAL ATUALIZADO: CADASTRO - GERENTE CORPORATIVO = PAULO HENRIQUE VALERIO DA SILVA
CAMPO ADICIONAL ATUALIZADO: INTEGRAÇÃO - MODALIDADE = PRESENCIAL
CAMPO ADICIONAL ATUALIZADO: INTEGRAÇÃO - LOCAL = RUA SÃO QUIRINO, 758 - VILA GUILHERME - SÃO PAULO - SP
CAMPO ADICIONAL ATUALIZADO: INTEGRAÇÃO - DATA INÍCIO = 2026-05-06 00:00:00
CAMPO ADICIONAL ATUALIZADO: INTEGRAÇÃO - DATA TÉRMINO = 2026-05-06 00:00:00
CAMPO ADICIONAL ATUALIZADO: INTEGRAÇÃO - INSTRUTOR = GELSIVAN
CAMPO ADICIONAL ATUALIZADO: 1ª RETIRADA - CARREGAMENTO - LOCAL = RUA SÃO QUIRINO, 758 - VILA GUILHERME - SÃO PAULO - SP
CAMPO ADICIONAL ATUALIZADO: 1ª RETIRADA - CARREGAMENTO - DATA DE CARREGAMENTO = 2026-05-13 00:00:00
CAMPO ADICIONAL ATUALIZADO: INTRODUÇÃO A SAÚDE E SEGURANÇA DO TRABALHO - MODALIDADE = ONLINE T2
CAMPO ADICIONAL ATUALIZADO: INTRODUÇÃO A SAÚDE E SEGURANÇA DO TRABALHO - LOCAL = https://teams.microsoft.com/meet/238144599512544?p=NPH77zpsohs8Eugsac
CAMPO ADICIONAL ATUALIZADO: INTRODUÇÃO A SAÚDE E SEGURANÇA DO TRABALHO - DATA INÍCIO = 2026-05-07 00:00:00
CAMPO ADICIONAL ATUALIZADO: INTRODUÇÃO A SAÚDE E SEGURANÇA DO TRABALHO - DATA TÉRMINO = 2026-05-07 00:00:00
CAMPO ADICIONAL ATUALIZADO: INTRODUÇÃO A SAÚDE E SEGURANÇA DO TRABALHO - INSTRUTOR = SESMT
CAMPO ADICIONAL ATUALIZADO: NORMATIVO (ONLINE) - DATA INÍCIO = 2026-05-08 00:00:00
CAMPO ADICIONAL ATUALIZADO: NORMATIVO (ONLINE) - DATA TÉRMINO = 2026-05-14 00:00:00
CAMPO ADICIONAL ATUALIZADO: NORMATIVO (ONLINE) - INSTRUTOR = LUCIANO
CAMPO ADICIONAL ATUALIZADO: NORMATIVO (ONLINE) - ACESSO = https://teams.microsoft.com/meet/252035871893270?p=l1vJ3D0n81QLLIoTom
CAMPO ADICIONAL ATUALIZADO: NORMATIVO (PRESENCIAL) - LOCAL = RUA SÃO QUIRINO, 758 - VILA GUILHERME - SÃO PAULO - SP
CAMPO ADICIONAL ATUALIZADO: NORMATIVO (PRESENCIAL) - DATA INÍCIO = 2026-05-15 00:00:00
CAMPO ADICIONAL ATUALIZADO: NORMATIVO (PRESENCIAL) - DATA TÉRMINO = 2026-05-18 00:00:00
CAMPO ADICIONAL ATUALIZADO: NORMATIVO (PRESENCIAL) - INSTRUTOR = LUCIANO
CAMPO ADICIONAL ATUALIZADO: 2ª RETIRADA - CARREGAMENTO - DATA DE CARREGAMENTO = 2026-05-19 00:00:00
CAMPO ADICIONAL ATUALIZADO: 2ª RETIRADA - CARREGAMENTO - LOCAL = RUA SÃO QUIRINO, 758 - VILA GUILHERME - SÃO PAULO - SP
CAMPO ADICIONAL ATUALIZADO: OPERAÇÃO - DATA DE OPERAÇÃO = 2026-05-20 00:00:00
CAMPO ADICIONAL ATUALIZADO: OPERAÇÃO - LOCAL = RUA SÃO QUIRINO, 758 - VILA GUILHERME - SÃO PAULO - SP
CAMPO ADICIONAL ATUALIZADO: CURSO TÉCNICO - MODALIDADE = -
CAMPO ADICIONAL ATUALIZADO: CURSO TÉCNICO - LOCAL = -
CAMPO ADICIONAL ATUALIZADO: CURSO TÉCNICO - DATA INÍCIO = -
CAMPO ADICIONAL ATUALIZADO: CURSO TÉCNICO - DATA TÉRMINO = -
CAMPO ADICIONAL ATUALIZADO: DUPLADO - DATA INÍCIO = -
CAMPO ADICIONAL ATUALIZADO: DUPLADO - DATA TÉRMINO = -
CAMPO ADICIONAL ATUALIZADO: DUPLADO - GER. REGIONAL = -
CAMPO ADICIONAL ATUALIZADO: DUPLADO - LOCAL DE APRESENTAÇÃO = -
CAMPO ADICIONAL ATUALIZADO: CURSO TÉCNICO RETORNO - MODALIDADE = -
CAMPO ADICIONAL ATUALIZADO: CURSO TÉCNICO RETORNO - LOCAL = -
CAMPO ADICIONAL ATUALIZADO: CURSO TÉCNICO RETORNO - DATA INÍCIO = -
CAMPO ADICIONAL ATUALIZADO: CURSO TÉCNICO RETORNO - INSTRUTOR = -
CAMPO ADICIONAL ATUALIZADO: CURSO TÉCNICO RETORNO - DATA TÉRMINO = -
CAMPO ADICIONAL ATUALIZADO: DUPLADO FASE 2 - DATA INÍCIO = -
CAMPO ADICIONAL ATUALIZADO: DUPLADO FASE 2 - DATA TÉRMINO = -
CAMPO ADICIONAL ATUALIZADO: DUPLADO FASE 2 - GER. REGIONAL = -
CAMPO ADICIONAL ATUALIZADO: DUPLADO FASE 2 - LOCAL DE APRESENTAÇÃO = -
Processando usuário existente: r061070 (Matrícula: 61070)
SENHA ATUALIZADA: r@65410
CAMPO ADICIONAL ATUALIZADO: CADASTRO - FUNÇÃO = MULTI SKILL OPT CON
CAMPO ADICIONAL ATUALIZADO: CADASTRO - ADMISSÃO = 2026-05-06 00:00:00
CAMPO ADICIONAL ATUALIZADO: CADASTRO - GERENTE REGIONAL = ALISSON DE JESUS CARVALHO
CAMPO ADICIONAL ATUALIZADO: CADASTRO - GERENTE CORPORATIVO = FABIO CONCEICAO DOS SANTOS
CAMPO ADICIONAL ATUALIZADO: INTEGRAÇÃO - MODALIDADE = PRESENCIAL
CAMPO ADICIONAL ATUALIZADO: INTEGRAÇÃO - LOCAL = RUA SÃO QUIRINO, 758 - VILA GUILHERME - SÃO PAULO - SP
CAMPO ADICIONAL ATUALIZADO: INTEGRAÇÃO - DATA INÍCIO = 2026-05-06 00:00:00
CAMPO ADICIONAL ATUALIZADO: INTEGRAÇÃO - DATA TÉRMINO = 2026-05-06 00:00:00
CAMPO ADICIONAL ATUALIZADO: INTEGRAÇÃO - INSTRUTOR = GELSIVAN
CAMPO ADICIONAL ATUALIZADO: 1ª RETIRADA - CARREGAMENTO - LOCAL = RUA ÁLVARO ALVIM, 1123 - PAULICÉIA - SÃO BERNARDO DO CAMPO - SP
CAMPO ADICIONAL ATUALIZADO: 1ª RETIRADA - CARREGAMENTO - DATA DE CARREGAMENTO = 2026-05-13 00:00:00
CAMPO ADICIONAL ATUALIZADO: INTRODUÇÃO A SAÚDE E SEGURANÇA DO TRABALHO - MODALIDADE = ONLINE T2
CAMPO ADICIONAL ATUALIZADO: INTRODUÇÃO A SAÚDE E SEGURANÇA DO TRABALHO - LOCAL = https://teams.microsoft.com/meet/238144599512544?p=NPH77zpsohs8Eugsac
CAMPO ADICIONAL ATUALIZADO: INTRODUÇÃO A SAÚDE E SEGURANÇA DO TRABALHO - DATA INÍCIO = 2026-05-07 00:00:00
CAMPO ADICIONAL ATUALIZADO: INTRODUÇÃO A SAÚDE E SEGURANÇA DO TRABALHO - DATA TÉRMINO = 2026-05-07 00:00:00
CAMPO ADICIONAL ATUALIZADO: INTRODUÇÃO A SAÚDE E SEGURANÇA DO TRABALHO - INSTRUTOR = SESMT
CAMPO ADICIONAL ATUALIZADO: NORMATIVO (ONLINE) - DATA INÍCIO = 2026-05-08 00:00:00
CAMPO ADICIONAL ATUALIZADO: NORMATIVO (ONLINE) - DATA TÉRMINO = 2026-05-12 00:00:00
CAMPO ADICIONAL ATUALIZADO: NORMATIVO (ONLINE) - INSTRUTOR = RODRIGO
CAMPO ADICIONAL ATUALIZADO: NORMATIVO (ONLINE) - ACESSO = https://teams.microsoft.com/meet/223076657036901?p=MZm9fP8B2rcltNC8uf
CAMPO ADICIONAL ATUALIZADO: NORMATIVO (PRESENCIAL) - LOCAL = RUA ÁLVARO ALVIM, 1123 - PAULICÉIA - SÃO BERNARDO DO CAMPO - SP
CAMPO ADICIONAL ATUALIZADO: NORMATIVO (PRESENCIAL) - DATA INÍCIO = 2026-05-13 00:00:00
CAMPO ADICIONAL ATUALIZADO: NORMATIVO (PRESENCIAL) - DATA TÉRMINO = 2026-05-14 00:00:00
CAMPO ADICIONAL ATUALIZADO: NORMATIVO (PRESENCIAL) - INSTRUTOR = RODRIGO
CAMPO ADICIONAL ATUALIZADO: 2ª RETIRADA - CARREGAMENTO - DATA DE CARREGAMENTO = 2026-06-09 00:00:00
CAMPO ADICIONAL ATUALIZADO: 2ª RETIRADA - CARREGAMENTO - LOCAL = RUA SÃO QUIRINO, 758 - VILA GUILHERME - SÃO PAULO - SP
CAMPO ADICIONAL ATUALIZADO: OPERAÇÃO - DATA DE OPERAÇÃO = 2026-06-10 00:00:00
CAMPO ADICIONAL ATUALIZADO: OPERAÇÃO - LOCAL = RUA SÃO QUIRINO, 758 - VILA GUILHERME - SÃO PAULO - SP
CAMPO ADICIONAL ATUALIZADO: CURSO TÉCNICO - MODALIDADE = PRESENCIAL
CAMPO ADICIONAL ATUALIZADO: CURSO TÉCNICO - LOCAL = RUA SÃO QUIRINO, 758 - VILA GUILHERME - SÃO PAULO - SP
CAMPO ADICIONAL ATUALIZADO: CURSO TÉCNICO - DATA INÍCIO = 2026-05-15 00:00:00
CAMPO ADICIONAL ATUALIZADO: CURSO TÉCNICO - DATA TÉRMINO = 2026-05-20 00:00:00
CAMPO ADICIONAL ATUALIZADO: CURSO TÉCNICO - INSTRUTOR = 2026 VIVO T41 GLAUCIO BVG
CAMPO ADICIONAL ATUALIZADO: DUPLADO - DATA INÍCIO = 2026-05-21 00:00:00
CAMPO ADICIONAL ATUALIZADO: DUPLADO - DATA TÉRMINO = 2026-06-03 00:00:00
CAMPO ADICIONAL ATUALIZADO: DUPLADO - GER. REGIONAL = -
CAMPO ADICIONAL ATUALIZADO: DUPLADO - LOCAL DE APRESENTAÇÃO = RUA SÃO QUIRINO, 758 - VILA GUILHERME - SÃO PAULO - SP
CAMPO ADICIONAL ATUALIZADO: CURSO TÉCNICO RETORNO - MODALIDADE = PRESENCIAL
CAMPO ADICIONAL ATUALIZADO: CURSO TÉCNICO RETORNO - LOCAL = RUA SÃO QUIRINO, 758 - VILA GUILHERME - SÃO PAULO - SP
CAMPO ADICIONAL ATUALIZADO: CURSO TÉCNICO RETORNO - DATA INÍCIO = 2026-06-05 00:00:00
CAMPO ADICIONAL ATUALIZADO: CURSO TÉCNICO RETORNO - INSTRUTOR = 2026 VIVO T41 GLAUCIO BVG
CAMPO ADICIONAL ATUALIZADO: CURSO TÉCNICO RETORNO - DATA TÉRMINO = 2026-06-08 00:00:00
CAMPO ADICIONAL ATUALIZADO: DUPLADO FASE 2 - DATA INÍCIO = -
CAMPO ADICIONAL ATUALIZADO: DUPLADO FASE 2 - DATA TÉRMINO = -
CAMPO ADICIONAL ATUALIZADO: DUPLADO FASE 2 - GER. REGIONAL = -
CAMPO ADICIONAL ATUALIZADO: DUPLADO FASE 2 - LOCAL DE APRESENTAÇÃO = -
Processando usuário existente: r061017 (Matrícula: 61017)
SENHA ATUALIZADA: r@17809
CAMPO ADICIONAL ATUALIZADO: CADASTRO - FUNÇÃO = AUX TELECOM
CAMPO ADICIONAL ATUALIZADO: CADASTRO - ADMISSÃO = 2026-05-06 00:00:00
CAMPO ADICIONAL ATUALIZADO: CADASTRO - GERENTE REGIONAL = RAFAEL MARTINELLI DA SILVA
CAMPO ADICIONAL ATUALIZADO: CADASTRO - GERENTE CORPORATIVO = FRANCISCO ADOLFO ZAMPOL DE MARCO
CAMPO ADICIONAL ATUALIZADO: INTEGRAÇÃO - MODALIDADE = PRESENCIAL
CAMPO ADICIONAL ATUALIZADO: INTEGRAÇÃO - LOCAL = RUA SÃO QUIRINO, 758 - VILA GUILHERME - SÃO PAULO - SP
CAMPO ADICIONAL ATUALIZADO: INTEGRAÇÃO - DATA INÍCIO = 2026-05-06 00:00:00
CAMPO ADICIONAL ATUALIZADO: INTEGRAÇÃO - DATA TÉRMINO = 2026-05-06 00:00:00
CAMPO ADICIONAL ATUALIZADO: INTEGRAÇÃO - INSTRUTOR = GELSIVAN
CAMPO ADICIONAL ATUALIZADO: 1ª RETIRADA - CARREGAMENTO - LOCAL = RUA SÃO QUIRINO, 758 - VILA GUILHERME - SÃO PAULO - SP
CAMPO ADICIONAL ATUALIZADO: 1ª RETIRADA - CARREGAMENTO - DATA DE CARREGAMENTO = 2026-05-13 00:00:00
CAMPO ADICIONAL ATUALIZADO: INTRODUÇÃO A SAÚDE E SEGURANÇA DO TRABALHO - MODALIDADE = ONLINE T2
CAMPO ADICIONAL ATUALIZADO: INTRODUÇÃO A SAÚDE E SEGURANÇA DO TRABALHO - LOCAL = https://teams.microsoft.com/meet/238144599512544?p=NPH77zpsohs8Eugsac
CAMPO ADICIONAL ATUALIZADO: INTRODUÇÃO A SAÚDE E SEGURANÇA DO TRABALHO - DATA INÍCIO = 2026-05-07 00:00:00
CAMPO ADICIONAL ATUALIZADO: INTRODUÇÃO A SAÚDE E SEGURANÇA DO TRABALHO - DATA TÉRMINO = 2026-05-07 00:00:00
CAMPO ADICIONAL ATUALIZADO: INTRODUÇÃO A SAÚDE E SEGURANÇA DO TRABALHO - INSTRUTOR = SESMT
CAMPO ADICIONAL ATUALIZADO: NORMATIVO (ONLINE) - DATA INÍCIO = 2026-05-08 00:00:00
CAMPO ADICIONAL ATUALIZADO: NORMATIVO (ONLINE) - DATA TÉRMINO = 2026-05-14 00:00:00
CAMPO ADICIONAL ATUALIZADO: NORMATIVO (ONLINE) - INSTRUTOR = LUCIANO
CAMPO ADICIONAL ATUALIZADO: NORMATIVO (ONLINE) - ACESSO = https://teams.microsoft.com/meet/252035871893270?p=l1vJ3D0n81QLLIoTom
CAMPO ADICIONAL ATUALIZADO: NORMATIVO (PRESENCIAL) - LOCAL = RUA SÃO QUIRINO, 758 - VILA GUILHERME - SÃO PAULO - SP
CAMPO ADICIONAL ATUALIZADO: NORMATIVO (PRESENCIAL) - DATA INÍCIO = 2026-05-15 00:00:00
CAMPO ADICIONAL ATUALIZADO: NORMATIVO (PRESENCIAL) - DATA TÉRMINO = 2026-05-18 00:00:00
CAMPO ADICIONAL ATUALIZADO: NORMATIVO (PRESENCIAL) - INSTRUTOR = LUCIANO
CAMPO ADICIONAL ATUALIZADO: 2ª RETIRADA - CARREGAMENTO - DATA DE CARREGAMENTO = 2026-05-19 00:00:00
CAMPO ADICIONAL ATUALIZADO: 2ª RETIRADA - CARREGAMENTO - LOCAL = RUA SÃO QUIRINO, 758 - VILA GUILHERME - SÃO PAULO - SP
CAMPO ADICIONAL ATUALIZADO: OPERAÇÃO - DATA DE OPERAÇÃO = 2026-05-20 00:00:00
CAMPO ADICIONAL ATUALIZADO: OPERAÇÃO - LOCAL = RUA SÃO QUIRINO, 758 - VILA GUILHERME - SÃO PAULO - SP
CAMPO ADICIONAL ATUALIZADO: CURSO TÉCNICO - MODALIDADE = -
CAMPO ADICIONAL ATUALIZADO: CURSO TÉCNICO - LOCAL = -
CAMPO ADICIONAL ATUALIZADO: CURSO TÉCNICO - DATA INÍCIO = -
CAMPO ADICIONAL ATUALIZADO: CURSO TÉCNICO - DATA TÉRMINO = -
CAMPO ADICIONAL ATUALIZADO: DUPLADO - DATA INÍCIO = -
CAMPO ADICIONAL ATUALIZADO: DUPLADO - DATA TÉRMINO = -
CAMPO ADICIONAL ATUALIZADO: DUPLADO - GER. REGIONAL = -
CAMPO ADICIONAL ATUALIZADO: DUPLADO - LOCAL DE APRESENTAÇÃO = -
CAMPO ADICIONAL ATUALIZADO: CURSO TÉCNICO RETORNO - MODALIDADE = -
CAMPO ADICIONAL ATUALIZADO: CURSO TÉCNICO RETORNO - LOCAL = -
CAMPO ADICIONAL ATUALIZADO: CURSO TÉCNICO RETORNO - DATA INÍCIO = -
CAMPO ADICIONAL ATUALIZADO: CURSO TÉCNICO RETORNO - INSTRUTOR = -
CAMPO ADICIONAL ATUALIZADO: CURSO TÉCNICO RETORNO - DATA TÉRMINO = -
CAMPO ADICIONAL ATUALIZADO: DUPLADO FASE 2 - DATA INÍCIO = -
CAMPO ADICIONAL ATUALIZADO: DUPLADO FASE 2 - DATA TÉRMINO = -
CAMPO ADICIONAL ATUALIZADO: DUPLADO FASE 2 - GER. REGIONAL = -
CAMPO ADICIONAL ATUALIZADO: DUPLADO FASE 2 - LOCAL DE APRESENTAÇÃO = -
Processando usuário existente: r061027 (Matrícula: 61027)
SENHA ATUALIZADA: r@72860
CAMPO ADICIONAL ATUALIZADO: CADASTRO - FUNÇÃO = AUX TELECOM
CAMPO ADICIONAL ATUALIZADO: CADASTRO - ADMISSÃO = 2026-05-06 00:00:00
CAMPO ADICIONAL ATUALIZADO: CADASTRO - GERENTE REGIONAL = EDVAN PEREIRA DA ROCHA
CAMPO ADICIONAL ATUALIZADO: CADASTRO - GERENTE CORPORATIVO = PAULO HENRIQUE VALERIO DA SILVA
CAMPO ADICIONAL ATUALIZADO: INTEGRAÇÃO - MODALIDADE = PRESENCIAL
CAMPO ADICIONAL ATUALIZADO: INTEGRAÇÃO - LOCAL = RUA SÃO QUIRINO, 758 - VILA GUILHERME - SÃO PAULO - SP
CAMPO ADICIONAL ATUALIZADO: INTEGRAÇÃO - DATA INÍCIO = 2026-05-06 00:00:00
CAMPO ADICIONAL ATUALIZADO: INTEGRAÇÃO - DATA TÉRMINO = 2026-05-06 00:00:00
CAMPO ADICIONAL ATUALIZADO: INTEGRAÇÃO - INSTRUTOR = GELSIVAN
CAMPO ADICIONAL ATUALIZADO: 1ª RETIRADA - CARREGAMENTO - LOCAL = RUA SÃO QUIRINO, 758 - VILA GUILHERME - SÃO PAULO - SP
CAMPO ADICIONAL ATUALIZADO: 1ª RETIRADA - CARREGAMENTO - DATA DE CARREGAMENTO = 2026-05-13 00:00:00
CAMPO ADICIONAL ATUALIZADO: INTRODUÇÃO A SAÚDE E SEGURANÇA DO TRABALHO - MODALIDADE = ONLINE T2
CAMPO ADICIONAL ATUALIZADO: INTRODUÇÃO A SAÚDE E SEGURANÇA DO TRABALHO - LOCAL = https://teams.microsoft.com/meet/238144599512544?p=NPH77zpsohs8Eugsac
CAMPO ADICIONAL ATUALIZADO: INTRODUÇÃO A SAÚDE E SEGURANÇA DO TRABALHO - DATA INÍCIO = 2026-05-07 00:00:00
CAMPO ADICIONAL ATUALIZADO: INTRODUÇÃO A SAÚDE E SEGURANÇA DO TRABALHO - DATA TÉRMINO = 2026-05-07 00:00:00
CAMPO ADICIONAL ATUALIZADO: INTRODUÇÃO A SAÚDE E SEGURANÇA DO TRABALHO - INSTRUTOR = SESMT
CAMPO ADICIONAL ATUALIZADO: NORMATIVO (ONLINE) - DATA INÍCIO = 2026-05-08 00:00:00
CAMPO ADICIONAL ATUALIZADO: NORMATIVO (ONLINE) - DATA TÉRMINO = 2026-05-14 00:00:00
CAMPO ADICIONAL ATUALIZADO: NORMATIVO (ONLINE) - INSTRUTOR = LUCIANO
CAMPO ADICIONAL ATUALIZADO: NORMATIVO (ONLINE) - ACESSO = https://teams.microsoft.com/meet/252035871893270?p=l1vJ3D0n81QLLIoTom
CAMPO ADICIONAL ATUALIZADO: NORMATIVO (PRESENCIAL) - LOCAL = RUA SÃO QUIRINO, 758 - VILA GUILHERME - SÃO PAULO - SP
CAMPO ADICIONAL ATUALIZADO: NORMATIVO (PRESENCIAL) - DATA INÍCIO = 2026-05-15 00:00:00
CAMPO ADICIONAL ATUALIZADO: NORMATIVO (PRESENCIAL) - DATA TÉRMINO = 2026-05-18 00:00:00
CAMPO ADICIONAL ATUALIZADO: NORMATIVO (PRESENCIAL) - INSTRUTOR = LUCIANO
CAMPO ADICIONAL ATUALIZADO: 2ª RETIRADA - CARREGAMENTO - DATA DE CARREGAMENTO = 2026-05-19 00:00:00
CAMPO ADICIONAL ATUALIZADO: 2ª RETIRADA - CARREGAMENTO - LOCAL = RUA SÃO QUIRINO, 758 - VILA GUILHERME - SÃO PAULO - SP
CAMPO ADICIONAL ATUALIZADO: OPERAÇÃO - DATA DE OPERAÇÃO = 2026-05-20 00:00:00
CAMPO ADICIONAL ATUALIZADO: OPERAÇÃO - LOCAL = RUA SÃO QUIRINO, 758 - VILA GUILHERME - SÃO PAULO - SP
CAMPO ADICIONAL ATUALIZADO: CURSO TÉCNICO - MODALIDADE = -
CAMPO ADICIONAL ATUALIZADO: CURSO TÉCNICO - LOCAL = -
CAMPO ADICIONAL ATUALIZADO: CURSO TÉCNICO - DATA INÍCIO = -
CAMPO ADICIONAL ATUALIZADO: CURSO TÉCNICO - DATA TÉRMINO = -
CAMPO ADICIONAL ATUALIZADO: DUPLADO - DATA INÍCIO = -
CAMPO ADICIONAL ATUALIZADO: DUPLADO - DATA TÉRMINO = -
CAMPO ADICIONAL ATUALIZADO: DUPLADO - GER. REGIONAL = -
CAMPO ADICIONAL ATUALIZADO: DUPLADO - LOCAL DE APRESENTAÇÃO = -
CAMPO ADICIONAL ATUALIZADO: CURSO TÉCNICO RETORNO - MODALIDADE = -
CAMPO ADICIONAL ATUALIZADO: CURSO TÉCNICO RETORNO - LOCAL = -
CAMPO ADICIONAL ATUALIZADO: CURSO TÉCNICO RETORNO - DATA INÍCIO = -
CAMPO ADICIONAL ATUALIZADO: CURSO TÉCNICO RETORNO - INSTRUTOR = -
CAMPO ADICIONAL ATUALIZADO: CURSO TÉCNICO RETORNO - DATA TÉRMINO = -
CAMPO ADICIONAL ATUALIZADO: DUPLADO FASE 2 - DATA INÍCIO = -
CAMPO ADICIONAL ATUALIZADO: DUPLADO FASE 2 - DATA TÉRMINO = -
CAMPO ADICIONAL ATUALIZADO: DUPLADO FASE 2 - GER. REGIONAL = -
CAMPO ADICIONAL ATUALIZADO: DUPLADO FASE 2 - LOCAL DE APRESENTAÇÃO = -
Processando usuário existente: r061072 (Matrícula: 61072)
SENHA ATUALIZADA: r@18825
CAMPO ADICIONAL ATUALIZADO: CADASTRO - FUNÇÃO = MULTI SKILL OPT CON
CAMPO ADICIONAL ATUALIZADO: CADASTRO - ADMISSÃO = 2026-05-06 00:00:00
CAMPO ADICIONAL ATUALIZADO: CADASTRO - GERENTE REGIONAL = ALISSON DE JESUS CARVALHO
CAMPO ADICIONAL ATUALIZADO: CADASTRO - GERENTE CORPORATIVO = FABIO CONCEICAO DOS SANTOS
CAMPO ADICIONAL ATUALIZADO: INTEGRAÇÃO - MODALIDADE = PRESENCIAL
CAMPO ADICIONAL ATUALIZADO: INTEGRAÇÃO - LOCAL = RUA SÃO QUIRINO, 758 - VILA GUILHERME - SÃO PAULO - SP
CAMPO ADICIONAL ATUALIZADO: INTEGRAÇÃO - DATA INÍCIO = 2026-05-06 00:00:00
CAMPO ADICIONAL ATUALIZADO: INTEGRAÇÃO - DATA TÉRMINO = 2026-05-06 00:00:00
CAMPO ADICIONAL ATUALIZADO: INTEGRAÇÃO - INSTRUTOR = GELSIVAN
CAMPO ADICIONAL ATUALIZADO: 1ª RETIRADA - CARREGAMENTO - LOCAL = RUA ÁLVARO ALVIM, 1123 - PAULICÉIA - SÃO BERNARDO DO CAMPO - SP
CAMPO ADICIONAL ATUALIZADO: 1ª RETIRADA - CARREGAMENTO - DATA DE CARREGAMENTO = 2026-05-13 00:00:00
CAMPO ADICIONAL ATUALIZADO: INTRODUÇÃO A SAÚDE E SEGURANÇA DO TRABALHO - MODALIDADE = ONLINE T2
CAMPO ADICIONAL ATUALIZADO: INTRODUÇÃO A SAÚDE E SEGURANÇA DO TRABALHO - LOCAL = https://teams.microsoft.com/meet/238144599512544?p=NPH77zpsohs8Eugsac
CAMPO ADICIONAL ATUALIZADO: INTRODUÇÃO A SAÚDE E SEGURANÇA DO TRABALHO - DATA INÍCIO = 2026-05-07 00:00:00
CAMPO ADICIONAL ATUALIZADO: INTRODUÇÃO A SAÚDE E SEGURANÇA DO TRABALHO - DATA TÉRMINO = 2026-05-07 00:00:00
CAMPO ADICIONAL ATUALIZADO: INTRODUÇÃO A SAÚDE E SEGURANÇA DO TRABALHO - INSTRUTOR = SESMT
CAMPO ADICIONAL ATUALIZADO: NORMATIVO (ONLINE) - DATA INÍCIO = 2026-05-08 00:00:00
CAMPO ADICIONAL ATUALIZADO: NORMATIVO (ONLINE) - DATA TÉRMINO = 2026-05-12 00:00:00
CAMPO ADICIONAL ATUALIZADO: NORMATIVO (ONLINE) - INSTRUTOR = RODRIGO
CAMPO ADICIONAL ATUALIZADO: NORMATIVO (ONLINE) - ACESSO = https://teams.microsoft.com/meet/223076657036901?p=MZm9fP8B2rcltNC8uf
CAMPO ADICIONAL ATUALIZADO: NORMATIVO (PRESENCIAL) - LOCAL = RUA ÁLVARO ALVIM, 1123 - PAULICÉIA - SÃO BERNARDO DO CAMPO - SP
CAMPO ADICIONAL ATUALIZADO: NORMATIVO (PRESENCIAL) - DATA INÍCIO = 2026-05-13 00:00:00
CAMPO ADICIONAL ATUALIZADO: NORMATIVO (PRESENCIAL) - DATA TÉRMINO = 2026-05-14 00:00:00
CAMPO ADICIONAL ATUALIZADO: NORMATIVO (PRESENCIAL) - INSTRUTOR = RODRIGO
CAMPO ADICIONAL ATUALIZADO: 2ª RETIRADA - CARREGAMENTO - DATA DE CARREGAMENTO = 2026-06-09 00:00:00
CAMPO ADICIONAL ATUALIZADO: 2ª RETIRADA - CARREGAMENTO - LOCAL = RUA SÃO QUIRINO, 758 - VILA GUILHERME - SÃO PAULO - SP
CAMPO ADICIONAL ATUALIZADO: OPERAÇÃO - DATA DE OPERAÇÃO = 2026-06-10 00:00:00
CAMPO ADICIONAL ATUALIZADO: OPERAÇÃO - LOCAL = RUA SÃO QUIRINO, 758 - VILA GUILHERME - SÃO PAULO - SP
CAMPO ADICIONAL ATUALIZADO: CURSO TÉCNICO - MODALIDADE = PRESENCIAL
CAMPO ADICIONAL ATUALIZADO: CURSO TÉCNICO - LOCAL = RUA SÃO QUIRINO, 758 - VILA GUILHERME - SÃO PAULO - SP
CAMPO ADICIONAL ATUALIZADO: CURSO TÉCNICO - DATA INÍCIO = 2026-05-15 00:00:00
CAMPO ADICIONAL ATUALIZADO: CURSO TÉCNICO - DATA TÉRMINO = 2026-05-20 00:00:00
CAMPO ADICIONAL ATUALIZADO: CURSO TÉCNICO - INSTRUTOR = 2026 VIVO T41 GLAUCIO BVG
CAMPO ADICIONAL ATUALIZADO: DUPLADO - DATA INÍCIO = 2026-05-21 00:00:00
CAMPO ADICIONAL ATUALIZADO: DUPLADO - DATA TÉRMINO = 2026-06-03 00:00:00
CAMPO ADICIONAL ATUALIZADO: DUPLADO - GER. REGIONAL = -
CAMPO ADICIONAL ATUALIZADO: DUPLADO - LOCAL DE APRESENTAÇÃO = RUA SÃO QUIRINO, 758 - VILA GUILHERME - SÃO PAULO - SP
CAMPO ADICIONAL ATUALIZADO: CURSO TÉCNICO RETORNO - MODALIDADE = PRESENCIAL
CAMPO ADICIONAL ATUALIZADO: CURSO TÉCNICO RETORNO - LOCAL = RUA SÃO QUIRINO, 758 - VILA GUILHERME - SÃO PAULO - SP
CAMPO ADICIONAL ATUALIZADO: CURSO TÉCNICO RETORNO - DATA INÍCIO = 2026-06-05 00:00:00
CAMPO ADICIONAL ATUALIZADO: CURSO TÉCNICO RETORNO - INSTRUTOR = 2026 VIVO T41 GLAUCIO BVG
CAMPO ADICIONAL ATUALIZADO: CURSO TÉCNICO RETORNO - DATA TÉRMINO = 2026-06-08 00:00:00
CAMPO ADICIONAL ATUALIZADO: DUPLADO FASE 2 - DATA INÍCIO = -
CAMPO ADICIONAL ATUALIZADO: DUPLADO FASE 2 - DATA TÉRMINO = -
CAMPO ADICIONAL ATUALIZADO: DUPLADO FASE 2 - GER. REGIONAL = -
CAMPO ADICIONAL ATUALIZADO: DUPLADO FASE 2 - LOCAL DE APRESENTAÇÃO = -
Processando usuário existente: r061078 (Matrícula: 61078)
SENHA ATUALIZADA: r@28807
CAMPO ADICIONAL ATUALIZADO: CADASTRO - FUNÇÃO = MULTI SKILL OPT CON
CAMPO ADICIONAL ATUALIZADO: CADASTRO - ADMISSÃO = 2026-05-06 00:00:00
CAMPO ADICIONAL ATUALIZADO: CADASTRO - GERENTE REGIONAL = ANDRE FLOR GOMES
CAMPO ADICIONAL ATUALIZADO: CADASTRO - GERENTE CORPORATIVO = ODLEI RICARDO DOS REIS
CAMPO ADICIONAL ATUALIZADO: INTEGRAÇÃO - MODALIDADE = PRESENCIAL
CAMPO ADICIONAL ATUALIZADO: INTEGRAÇÃO - LOCAL = RUA SÃO QUIRINO, 758 - VILA GUILHERME - SÃO PAULO - SP
CAMPO ADICIONAL ATUALIZADO: INTEGRAÇÃO - DATA INÍCIO = 2026-05-06 00:00:00
CAMPO ADICIONAL ATUALIZADO: INTEGRAÇÃO - DATA TÉRMINO = 2026-05-06 00:00:00
CAMPO ADICIONAL ATUALIZADO: INTEGRAÇÃO - INSTRUTOR = GELSIVAN
CAMPO ADICIONAL ATUALIZADO: 1ª RETIRADA - CARREGAMENTO - LOCAL = RUA SÃO QUIRINO, 758 - VILA GUILHERME - SÃO PAULO - SP
CAMPO ADICIONAL ATUALIZADO: 1ª RETIRADA - CARREGAMENTO - DATA DE CARREGAMENTO = 2026-05-13 00:00:00
CAMPO ADICIONAL ATUALIZADO: INTRODUÇÃO A SAÚDE E SEGURANÇA DO TRABALHO - MODALIDADE = ONLINE T2
CAMPO ADICIONAL ATUALIZADO: INTRODUÇÃO A SAÚDE E SEGURANÇA DO TRABALHO - LOCAL = https://teams.microsoft.com/meet/238144599512544?p=NPH77zpsohs8Eugsac127.0.0.1 - - [12/May/2026 16:59:51] "GET /greeting HTTP/1.1" 200 -
127.0.0.1 - - [12/May/2026 16:59:58] "GET /dashboard HTTP/1.1" 302 -
127.0.0.1 - - [12/May/2026 16:59:58] "GET /admin/dashboard HTTP/1.1" 200 -
127.0.0.1 - - [12/May/2026 16:59:58] "GET /static/css/style.css HTTP/1.1" 304 -
127.0.0.1 - - [12/May/2026 16:59:58] "GET /static/js/script.js HTTP/1.1" 304 -
127.0.0.1 - - [12/May/2026 17:00:02] "GET /admin/users HTTP/1.1" 200 -
127.0.0.1 - - [12/May/2026 17:00:03] "GET /static/css/style.css HTTP/1.1" 304 -
127.0.0.1 - - [12/May/2026 17:00:03] "GET /static/js/script.js HTTP/1.1" 304 -
127.0.0.1 - - [12/May/2026 17:00:16] "GET /admin/upload HTTP/1.1" 200 -
127.0.0.1 - - [12/May/2026 17:00:16] "GET /static/js/script.js HTTP/1.1" 304 -
127.0.0.1 - - [12/May/2026 17:00:16] "GET /static/css/style.css HTTP/1.1" 304 -

CAMPO ADICIONAL ATUALIZADO: INTRODUÇÃO A SAÚDE E SEGURANÇA DO TRABALHO - DATA INÍCIO = 2026-05-07 00:00:00
CAMPO ADICIONAL ATUALIZADO: INTRODUÇÃO A SAÚDE E SEGURANÇA DO TRABALHO - DATA TÉRMINO = 2026-05-07 00:00:00
CAMPO ADICIONAL ATUALIZADO: INTRODUÇÃO A SAÚDE E SEGURANÇA DO TRABALHO - INSTRUTOR = SESMT
CAMPO ADICIONAL ATUALIZADO: NORMATIVO (ONLINE) - DATA INÍCIO = 2026-05-08 00:00:00
CAMPO ADICIONAL ATUALIZADO: NORMATIVO (ONLINE) - DATA TÉRMINO = 2026-05-12 00:00:00
CAMPO ADICIONAL ATUALIZADO: NORMATIVO (ONLINE) - INSTRUTOR = RODRIGO
CAMPO ADICIONAL ATUALIZADO: NORMATIVO (ONLINE) - ACESSO = https://teams.microsoft.com/meet/223076657036901?p=MZm9fP8B2rcltNC8uf
CAMPO ADICIONAL ATUALIZADO: NORMATIVO (PRESENCIAL) - LOCAL = RUA SÃO QUIRINO, 758 - VILA GUILHERME - SÃO PAULO - SP
CAMPO ADICIONAL ATUALIZADO: NORMATIVO (PRESENCIAL) - DATA INÍCIO = 2026-05-13 00:00:00
CAMPO ADICIONAL ATUALIZADO: NORMATIVO (PRESENCIAL) - DATA TÉRMINO = 2026-05-14 00:00:00
CAMPO ADICIONAL ATUALIZADO: NORMATIVO (PRESENCIAL) - INSTRUTOR = RODRIGO
CAMPO ADICIONAL ATUALIZADO: 2ª RETIRADA - CARREGAMENTO - DATA DE CARREGAMENTO = 2026-06-09 00:00:00
CAMPO ADICIONAL ATUALIZADO: 2ª RETIRADA - CARREGAMENTO - LOCAL = RUA SÃO QUIRINO, 758 - VILA GUILHERME - SÃO PAULO - SP
CAMPO ADICIONAL ATUALIZADO: OPERAÇÃO - DATA DE OPERAÇÃO = 2026-06-10 00:00:00
CAMPO ADICIONAL ATUALIZADO: OPERAÇÃO - LOCAL = RUA ÁLVARO ALVIM, 1123 - PAULICÉIA - SÃO BERNARDO DO CAMPO - SP
CAMPO ADICIONAL ATUALIZADO: CURSO TÉCNICO - MODALIDADE = PRESENCIAL
CAMPO ADICIONAL ATUALIZADO: CURSO TÉCNICO - LOCAL = RUA SÃO QUIRINO, 758 - VILA GUILHERME - SÃO PAULO - SP
CAMPO ADICIONAL ATUALIZADO: CURSO TÉCNICO - DATA INÍCIO = 2026-05-15 00:00:00
CAMPO ADICIONAL ATUALIZADO: CURSO TÉCNICO - DATA TÉRMINO = 2026-05-20 00:00:00
CAMPO ADICIONAL ATUALIZADO: CURSO TÉCNICO - INSTRUTOR = 2026 VIVO T41 GLAUCIO BVG
CAMPO ADICIONAL ATUALIZADO: DUPLADO - DATA INÍCIO = 2026-05-21 00:00:00
CAMPO ADICIONAL ATUALIZADO: DUPLADO - DATA TÉRMINO = 2026-06-03 00:00:00
CAMPO ADICIONAL ATUALIZADO: DUPLADO - GER. REGIONAL = -
CAMPO ADICIONAL ATUALIZADO: DUPLADO - LOCAL DE APRESENTAÇÃO = RUA ÁLVARO ALVIM, 1123 - PAULICÉIA - SÃO BERNARDO DO CAMPO - SP
CAMPO ADICIONAL ATUALIZADO: CURSO TÉCNICO RETORNO - MODALIDADE = PRESENCIAL
CAMPO ADICIONAL ATUALIZADO: CURSO TÉCNICO RETORNO - LOCAL = RUA ÁLVARO ALVIM, 1123 - PAULICÉIA - SÃO BERNARDO DO CAMPO - SP
CAMPO ADICIONAL ATUALIZADO: CURSO TÉCNICO RETORNO - DATA INÍCIO = 2026-06-05 00:00:00
CAMPO ADICIONAL ATUALIZADO: CURSO TÉCNICO RETORNO - INSTRUTOR = 2026 VIVO T41 GLAUCIO BVG
CAMPO ADICIONAL ATUALIZADO: CURSO TÉCNICO RETORNO - DATA TÉRMINO = 2026-06-08 00:00:00
CAMPO ADICIONAL ATUALIZADO: DUPLADO FASE 2 - DATA INÍCIO = -
CAMPO ADICIONAL ATUALIZADO: DUPLADO FASE 2 - DATA TÉRMINO = -
CAMPO ADICIONAL ATUALIZADO: DUPLADO FASE 2 - GER. REGIONAL = -
CAMPO ADICIONAL ATUALIZADO: DUPLADO FASE 2 - LOCAL DE APRESENTAÇÃO = -
Processando usuário existente: r061079 (Matrícula: 61079)
Tentativa de login - Login: r025220, Senha: r@95810
SENHA ATUALIZADA: r@96875
CAMPO ADICIONAL ATUALIZADO: CADASTRO - FUNÇÃO = MULTI SKILL OPT CON
CAMPO ADICIONAL ATUALIZADO: CADASTRO - ADMISSÃO = 2026-05-06 00:00:00
CAMPO ADICIONAL ATUALIZADO: CADASTRO - GERENTE REGIONAL = ALISSON DE JESUS CARVALHO
CAMPO ADICIONAL ATUALIZADO: CADASTRO - GERENTE CORPORATIVO = FABIO CONCEICAO DOS SANTOS
CAMPO ADICIONAL ATUALIZADO: INTEGRAÇÃO - MODALIDADE = PRESENCIAL
CAMPO ADICIONAL ATUALIZADO: INTEGRAÇÃO - LOCAL = RUA SÃO QUIRINO, 758 - VILA GUILHERME - SÃO PAULO - SP
CAMPO ADICIONAL ATUALIZADO: INTEGRAÇÃO - DATA INÍCIO = 2026-05-06 00:00:00
CAMPO ADICIONAL ATUALIZADO: INTEGRAÇÃO - DATA TÉRMINO = 2026-05-06 00:00:00
CAMPO ADICIONAL ATUALIZADO: INTEGRAÇÃO - INSTRUTOR = GELSIVAN
CAMPO ADICIONAL ATUALIZADO: 1ª RETIRADA - CARREGAMENTO - LOCAL = RUA SÃO QUIRINO, 758 - VILA GUILHERME - SÃO PAULO - SP
CAMPO ADICIONAL ATUALIZADO: 1ª RETIRADA - CARREGAMENTO - DATA DE CARREGAMENTO = 2026-05-13 00:00:00
CAMPO ADICIONAL ATUALIZADO: INTRODUÇÃO A SAÚDE E SEGURANÇA DO TRABALHO - MODALIDADE = ONLINE T2
CAMPO ADICIONAL ATUALIZADO: INTRODUÇÃO A SAÚDE E SEGURANÇA DO TRABALHO - LOCAL = https://teams.microsoft.com/meet/238144599512544?p=NPH77zpsohs8Eugsac
CAMPO ADICIONAL ATUALIZADO: INTRODUÇÃO A SAÚDE E SEGURANÇA DO TRABALHO - DATA INÍCIO = 2026-05-07 00:00:00
CAMPO ADICIONAL ATUALIZADO: INTRODUÇÃO A SAÚDE E SEGURANÇA DO TRABALHO - DATA TÉRMINO = 2026-05-07 00:00:00
CAMPO ADICIONAL ATUALIZADO: INTRODUÇÃO A SAÚDE E SEGURANÇA DO TRABALHO - INSTRUTOR = SESMT
CAMPO ADICIONAL ATUALIZADO: NORMATIVO (ONLINE) - DATA INÍCIO = 2026-05-08 00:00:00
CAMPO ADICIONAL ATUALIZADO: NORMATIVO (ONLINE) - DATA TÉRMINO = 2026-05-12 00:00:00
CAMPO ADICIONAL ATUALIZADO: NORMATIVO (ONLINE) - INSTRUTOR = RODRIGO
CAMPO ADICIONAL ATUALIZADO: NORMATIVO (ONLINE) - ACESSO = https://teams.microsoft.com/meet/223076657036901?p=MZm9fP8B2rcltNC8uf
CAMPO ADICIONAL ATUALIZADO: NORMATIVO (PRESENCIAL) - LOCAL = RUA SÃO QUIRINO, 758 - VILA GUILHERME - SÃO PAULO - SP
CAMPO ADICIONAL ATUALIZADO: NORMATIVO (PRESENCIAL) - DATA INÍCIO = 2026-05-13 00:00:00
CAMPO ADICIONAL ATUALIZADO: NORMATIVO (PRESENCIAL) - DATA TÉRMINO = 2026-05-14 00:00:00
CAMPO ADICIONAL ATUALIZADO: NORMATIVO (PRESENCIAL) - INSTRUTOR = RODRIGO
CAMPO ADICIONAL ATUALIZADO: 2ª RETIRADA - CARREGAMENTO - DATA DE CARREGAMENTO = 2026-06-09 00:00:00
CAMPO ADICIONAL ATUALIZADO: 2ª RETIRADA - CARREGAMENTO - LOCAL = RUA SÃO QUIRINO, 758 - VILA GUILHERME - SÃO PAULO - SP
CAMPO ADICIONAL ATUALIZADO: OPERAÇÃO - DATA DE OPERAÇÃO = 2026-06-10 00:00:00
CAMPO ADICIONAL ATUALIZADO: OPERAÇÃO - LOCAL = RUA SÃO QUIRINO, 758 - VILA GUILHERME - SÃO PAULO - SP
CAMPO ADICIONAL ATUALIZADO: CURSO TÉCNICO - MODALIDADE = PRESENCIAL
CAMPO ADICIONAL ATUALIZADO: CURSO TÉCNICO - LOCAL = RUA SÃO QUIRINO, 758 - VILA GUILHERME - SÃO PAULO - SP
CAMPO ADICIONAL ATUALIZADO: CURSO TÉCNICO - DATA INÍCIO = 2026-05-15 00:00:00
CAMPO ADICIONAL ATUALIZADO: CURSO TÉCNICO - DATA TÉRMINO = 2026-05-20 00:00:00
CAMPO ADICIONAL ATUALIZADO: CURSO TÉCNICO - INSTRUTOR = 2026 VIVO T41 GLAUCIO BVG
CAMPO ADICIONAL ATUALIZADO: DUPLADO - DATA INÍCIO = 2026-05-21 00:00:00
CAMPO ADICIONAL ATUALIZADO: DUPLADO - DATA TÉRMINO = 2026-06-03 00:00:00
CAMPO ADICIONAL ATUALIZADO: DUPLADO - GER. REGIONAL = -
CAMPO ADICIONAL ATUALIZADO: DUPLADO - LOCAL DE APRESENTAÇÃO = RUA SÃO QUIRINO, 758 - VILA GUILHERME - SÃO PAULO - SP
CAMPO ADICIONAL ATUALIZADO: CURSO TÉCNICO RETORNO - MODALIDADE = PRESENCIAL
CAMPO ADICIONAL ATUALIZADO: CURSO TÉCNICO RETORNO - LOCAL = RUA SÃO QUIRINO, 758 - VILA GUILHERME - SÃO PAULO - SP
CAMPO ADICIONAL ATUALIZADO: CURSO TÉCNICO RETORNO - DATA INÍCIO = 2026-06-05 00:00:00
CAMPO ADICIONAL ATUALIZADO: CURSO TÉCNICO RETORNO - INSTRUTOR = 2026 VIVO T41 GLAUCIO BVG
CAMPO ADICIONAL ATUALIZADO: CURSO TÉCNICO RETORNO - DATA TÉRMINO = 2026-06-08 00:00:00
CAMPO ADICIONAL ATUALIZADO: DUPLADO FASE 2 - DATA INÍCIO = -
CAMPO ADICIONAL ATUALIZADO: DUPLADO FASE 2 - DATA TÉRMINO = -
CAMPO ADICIONAL ATUALIZADO: DUPLADO FASE 2 - GER. REGIONAL = -
CAMPO ADICIONAL ATUALIZADO: DUPLADO FASE 2 - LOCAL DE APRESENTAÇÃO = -
Processando usuário existente: r061032 (Matrícula: 61032)
Carregado data\users.json em 0.129s
USUARIO ENCONTRADO: r025220 (ID: 112)
Hash: scrypt:32768:8:1$EhBKFPukle3zsRUv$73b9a35f6f2b39ca...
VERIFICACAO SENHA: True
LOGIN SUCESSO: r025220
SENHA ATUALIZADA: r@12800
CAMPO ADICIONAL ATUALIZADO: CADASTRO - FUNÇÃO = AUX TELECOM
CAMPO ADICIONAL ATUALIZADO: CADASTRO - ADMISSÃO = 2026-05-06 00:00:00
CAMPO ADICIONAL ATUALIZADO: CADASTRO - GERENTE REGIONAL = EDVAN PEREIRA DA ROCHA
CAMPO ADICIONAL ATUALIZADO: CADASTRO - GERENTE CORPORATIVO = PAULO HENRIQUE VALERIO DA SILVA
CAMPO ADICIONAL ATUALIZADO: INTEGRAÇÃO - MODALIDADE = PRESENCIAL
CAMPO ADICIONAL ATUALIZADO: INTEGRAÇÃO - LOCAL = RUA SÃO QUIRINO, 758 - VILA GUILHERME - SÃO PAULO - SP
CAMPO ADICIONAL ATUALIZADO: INTEGRAÇÃO - DATA INÍCIO = 2026-05-06 00:00:00
CAMPO ADICIONAL ATUALIZADO: INTEGRAÇÃO - DATA TÉRMINO = 2026-05-06 00:00:00
CAMPO ADICIONAL ATUALIZADO: INTEGRAÇÃO - INSTRUTOR = GELSIVAN
CAMPO ADICIONAL ATUALIZADO: 1ª RETIRADA - CARREGAMENTO - LOCAL = RUA SÃO QUIRINO, 758 - VILA GUILHERME - SÃO PAULO - SP
CAMPO ADICIONAL ATUALIZADO: 1ª RETIRADA - CARREGAMENTO - DATA DE CARREGAMENTO = 2026-05-13 00:00:00
CAMPO ADICIONAL ATUALIZADO: INTRODUÇÃO A SAÚDE E SEGURANÇA DO TRABALHO - MODALIDADE = ONLINE T2
CAMPO ADICIONAL ATUALIZADO: INTRODUÇÃO A SAÚDE E SEGURANÇA DO TRABALHO - LOCAL = https://teams.microsoft.com/meet/238144599512544?p=NPH77zpsohs8Eugsac
CAMPO ADICIONAL ATUALIZADO: INTRODUÇÃO A SAÚDE E SEGURANÇA DO TRABALHO - DATA INÍCIO = 2026-05-07 00:00:00
CAMPO ADICIONAL ATUALIZADO: INTRODUÇÃO A SAÚDE E SEGURANÇA DO TRABALHO - DATA TÉRMINO = 2026-05-07 00:00:00
CAMPO ADICIONAL ATUALIZADO: INTRODUÇÃO A SAÚDE E SEGURANÇA DO TRABALHO - INSTRUTOR = SESMT
CAMPO ADICIONAL ATUALIZADO: NORMATIVO (ONLINE) - DATA INÍCIO = 2026-05-08 00:00:00
CAMPO ADICIONAL ATUALIZADO: NORMATIVO (ONLINE) - DATA TÉRMINO = 2026-05-14 00:00:00
CAMPO ADICIONAL ATUALIZADO: NORMATIVO (ONLINE) - INSTRUTOR = LUCIANO
CAMPO ADICIONAL ATUALIZADO: NORMATIVO (ONLINE) - ACESSO = https://teams.microsoft.com/meet/252035871893270?p=l1vJ3D0n81QLLIoTom
CAMPO ADICIONAL ATUALIZADO: NORMATIVO (PRESENCIAL) - LOCAL = RUA SÃO QUIRINO, 758 - VILA GUILHERME - SÃO PAULO - SP
CAMPO ADICIONAL ATUALIZADO: NORMATIVO (PRESENCIAL) - DATA INÍCIO = 2026-05-15 00:00:00
CAMPO ADICIONAL ATUALIZADO: NORMATIVO (PRESENCIAL) - DATA TÉRMINO = 2026-05-18 00:00:00
CAMPO ADICIONAL ATUALIZADO: NORMATIVO (PRESENCIAL) - INSTRUTOR = LUCIANO
CAMPO ADICIONAL ATUALIZADO: 2ª RETIRADA - CARREGAMENTO - DATA DE CARREGAMENTO = 2026-05-19 00:00:00
CAMPO ADICIONAL ATUALIZADO: 2ª RETIRADA - CARREGAMENTO - LOCAL = RUA SÃO QUIRINO, 758 - VILA GUILHERME - SÃO PAULO - SP
CAMPO ADICIONAL ATUALIZADO: OPERAÇÃO - DATA DE OPERAÇÃO = 2026-05-20 00:00:00
CAMPO ADICIONAL ATUALIZADO: OPERAÇÃO - LOCAL = RUA SÃO QUIRINO, 758 - VILA GUILHERME - SÃO PAULO - SP
CAMPO ADICIONAL ATUALIZADO: CURSO TÉCNICO - MODALIDADE = -
CAMPO ADICIONAL ATUALIZADO: CURSO TÉCNICO - LOCAL = -
CAMPO ADICIONAL ATUALIZADO: CURSO TÉCNICO - DATA INÍCIO = -
CAMPO ADICIONAL ATUALIZADO: CURSO TÉCNICO - DATA TÉRMINO = -
CAMPO ADICIONAL ATUALIZADO: DUPLADO - DATA INÍCIO = -
CAMPO ADICIONAL ATUALIZADO: DUPLADO - DATA TÉRMINO = -
CAMPO ADICIONAL ATUALIZADO: DUPLADO - GER. REGIONAL = -
CAMPO ADICIONAL ATUALIZADO: DUPLADO - LOCAL DE APRESENTAÇÃO = -
CAMPO ADICIONAL ATUALIZADO: CURSO TÉCNICO RETORNO - MODALIDADE = -
CAMPO ADICIONAL ATUALIZADO: CURSO TÉCNICO RETORNO - LOCAL = -
CAMPO ADICIONAL ATUALIZADO: CURSO TÉCNICO RETORNO - DATA INÍCIO = -
CAMPO ADICIONAL ATUALIZADO: CURSO TÉCNICO RETORNO - INSTRUTOR = -
CAMPO ADICIONAL ATUALIZADO: CURSO TÉCNICO RETORNO - DATA TÉRMINO = -
CAMPO ADICIONAL ATUALIZADO: DUPLADO FASE 2 - DATA INÍCIO = -
CAMPO ADICIONAL ATUALIZADO: DUPLADO FASE 2 - DATA TÉRMINO = -
CAMPO ADICIONAL ATUALIZADO: DUPLADO FASE 2 - GER. REGIONAL = -
CAMPO ADICIONAL ATUALIZADO: DUPLADO FASE 2 - LOCAL DE APRESENTAÇÃO = -
Processando usuário existente: r061083 (Matrícula: 61083)
SENHA ATUALIZADA: r@56813
CAMPO ADICIONAL ATUALIZADO: CADASTRO - FUNÇÃO = MULTI SKILL OPT CON
CAMPO ADICIONAL ATUALIZADO: CADASTRO - ADMISSÃO = 2026-05-06 00:00:00
CAMPO ADICIONAL ATUALIZADO: CADASTRO - GERENTE REGIONAL = ALEXANDRE LYSAK
CAMPO ADICIONAL ATUALIZADO: CADASTRO - GERENTE CORPORATIVO = JANA ROSA DE ALMEIDA SIZOTTO
CAMPO ADICIONAL ATUALIZADO: INTEGRAÇÃO - MODALIDADE = PRESENCIAL
CAMPO ADICIONAL ATUALIZADO: INTEGRAÇÃO - LOCAL = RUA SÃO QUIRINO, 758 - VILA GUILHERME - SÃO PAULO - SP
CAMPO ADICIONAL ATUALIZADO: INTEGRAÇÃO - DATA INÍCIO = 2026-05-06 00:00:00
CAMPO ADICIONAL ATUALIZADO: INTEGRAÇÃO - DATA TÉRMINO = 2026-05-06 00:00:00
CAMPO ADICIONAL ATUALIZADO: INTEGRAÇÃO - INSTRUTOR = GELSIVAN
CAMPO ADICIONAL ATUALIZADO: 1ª RETIRADA - CARREGAMENTO - LOCAL = RUA SÃO QUIRINO, 758 - VILA GUILHERME - SÃO PAULO - SP
CAMPO ADICIONAL ATUALIZADO: 1ª RETIRADA - CARREGAMENTO - DATA DE CARREGAMENTO = 2026-05-13 00:00:00
CAMPO ADICIONAL ATUALIZADO: INTRODUÇÃO A SAÚDE E SEGURANÇA DO TRABALHO - MODALIDADE = ONLINE T2
CAMPO ADICIONAL ATUALIZADO: INTRODUÇÃO A SAÚDE E SEGURANÇA DO TRABALHO - LOCAL = https://teams.microsoft.com/meet/238144599512544?p=NPH77zpsohs8Eugsac
CAMPO ADICIONAL ATUALIZADO: INTRODUÇÃO A SAÚDE E SEGURANÇA DO TRABALHO - DATA INÍCIO = 2026-05-07 00:00:00
CAMPO ADICIONAL ATUALIZADO: INTRODUÇÃO A SAÚDE E SEGURANÇA DO TRABALHO - DATA TÉRMINO = 2026-05-07 00:00:00
CAMPO ADICIONAL ATUALIZADO: INTRODUÇÃO A SAÚDE E SEGURANÇA DO TRABALHO - INSTRUTOR = SESMT
CAMPO ADICIONAL ATUALIZADO: NORMATIVO (ONLINE) - DATA INÍCIO = 2026-05-08 00:00:00
CAMPO ADICIONAL ATUALIZADO: NORMATIVO (ONLINE) - DATA TÉRMINO = 2026-05-12 00:00:00
CAMPO ADICIONAL ATUALIZADO: NORMATIVO (ONLINE) - INSTRUTOR = RODRIGO
CAMPO ADICIONAL ATUALIZADO: NORMATIVO (ONLINE) - ACESSO = https://teams.microsoft.com/meet/223076657036901?p=MZm9fP8B2rcltNC8uf
CAMPO ADICIONAL ATUALIZADO: NORMATIVO (PRESENCIAL) - LOCAL = RUA SÃO QUIRINO, 758 - VILA GUILHERME - SÃO PAULO - SP
CAMPO ADICIONAL ATUALIZADO: NORMATIVO (PRESENCIAL) - DATA INÍCIO = 2026-05-13 00:00:00
CAMPO ADICIONAL ATUALIZADO: NORMATIVO (PRESENCIAL) - DATA TÉRMINO = 2026-05-14 00:00:00
CAMPO ADICIONAL ATUALIZADO: NORMATIVO (PRESENCIAL) - INSTRUTOR = RODRIGO
CAMPO ADICIONAL ATUALIZADO: 2ª RETIRADA - CARREGAMENTO - DATA DE CARREGAMENTO = 2026-06-09 00:00:00
CAMPO ADICIONAL ATUALIZADO: 2ª RETIRADA - CARREGAMENTO - LOCAL = RUA SÃO QUIRINO, 758 - VILA GUILHERME - SÃO PAULO - SP
CAMPO ADICIONAL ATUALIZADO: OPERAÇÃO - DATA DE OPERAÇÃO = 2026-06-10 00:00:00
CAMPO ADICIONAL ATUALIZADO: OPERAÇÃO - LOCAL = RUA SÃO QUIRINO, 758 - VILA GUILHERME - SÃO PAULO - SP
CAMPO ADICIONAL ATUALIZADO: CURSO TÉCNICO - MODALIDADE = PRESENCIAL
CAMPO ADICIONAL ATUALIZADO: CURSO TÉCNICO - LOCAL = RUA SÃO QUIRINO, 758 - VILA GUILHERME - SÃO PAULO - SP
CAMPO ADICIONAL ATUALIZADO: CURSO TÉCNICO - DATA INÍCIO = 2026-05-15 00:00:00
CAMPO ADICIONAL ATUALIZADO: CURSO TÉCNICO - DATA TÉRMINO = 2026-05-20 00:00:00
CAMPO ADICIONAL ATUALIZADO: CURSO TÉCNICO - INSTRUTOR = 2026 VIVO T41 GLAUCIO BVG
CAMPO ADICIONAL ATUALIZADO: DUPLADO - DATA INÍCIO = 2026-05-21 00:00:00
CAMPO ADICIONAL ATUALIZADO: DUPLADO - DATA TÉRMINO = 2026-06-03 00:00:00
CAMPO ADICIONAL ATUALIZADO: DUPLADO - GER. REGIONAL = -
CAMPO ADICIONAL ATUALIZADO: DUPLADO - LOCAL DE APRESENTAÇÃO = RUA SÃO QUIRINO, 758 - VILA GUILHERME - SÃO PAULO - SP
CAMPO ADICIONAL ATUALIZADO: CURSO TÉCNICO RETORNO - MODALIDADE = PRESENCIAL
CAMPO ADICIONAL ATUALIZADO: CURSO TÉCNICO RETORNO - LOCAL = RUA SÃO QUIRINO, 758 - VILA GUILHERME - SÃO PAULO - SP
CAMPO ADICIONAL ATUALIZADO: CURSO TÉCNICO RETORNO - DATA INÍCIO = 2026-06-05 00:00:00
CAMPO ADICIONAL ATUALIZADO: CURSO TÉCNICO RETORNO - INSTRUTOR = 2026 VIVO T41 GLAUCIO BVG
CAMPO ADICIONAL ATUALIZADO: CURSO TÉCNICO RETORNO - DATA TÉRMINO = 2026-06-08 00:00:00
CAMPO ADICIONAL ATUALIZADO: DUPLADO FASE 2 - DATA INÍCIO = -
CAMPO ADICIONAL ATUALIZADO: DUPLADO FASE 2 - DATA TÉRMINO = -
CAMPO ADICIONAL ATUALIZADO: DUPLADO FASE 2 - GER. REGIONAL = -
CAMPO ADICIONAL ATUALIZADO: DUPLADO FASE 2 - LOCAL DE APRESENTAÇÃO = -
Processando usuário existente: r061050 (Matrícula: 61050)
SENHA ATUALIZADA: r@73823
CAMPO ADICIONAL ATUALIZADO: CADASTRO - FUNÇÃO = CABISTA
CAMPO ADICIONAL ATUALIZADO: CADASTRO - ADMISSÃO = 2026-05-06 00:00:00
CAMPO ADICIONAL ATUALIZADO: CADASTRO - GERENTE REGIONAL = EDVAN PEREIRA DA ROCHA
CAMPO ADICIONAL ATUALIZADO: CADASTRO - GERENTE CORPORATIVO = PAULO HENRIQUE VALERIO DA SILVA
CAMPO ADICIONAL ATUALIZADO: INTEGRAÇÃO - MODALIDADE = PRESENCIAL
CAMPO ADICIONAL ATUALIZADO: INTEGRAÇÃO - LOCAL = RUA SÃO QUIRINO, 758 - VILA GUILHERME - SÃO PAULO - SP
CAMPO ADICIONAL ATUALIZADO: INTEGRAÇÃO - DATA INÍCIO = 2026-05-06 00:00:00
CAMPO ADICIONAL ATUALIZADO: INTEGRAÇÃO - DATA TÉRMINO = 2026-05-06 00:00:00
CAMPO ADICIONAL ATUALIZADO: INTEGRAÇÃO - INSTRUTOR = GELSIVAN
CAMPO ADICIONAL ATUALIZADO: 1ª RETIRADA - CARREGAMENTO - LOCAL = RUA SÃO QUIRINO, 758 - VILA GUILHERME - SÃO PAULO - SP
CAMPO ADICIONAL ATUALIZADO: 1ª RETIRADA - CARREGAMENTO - DATA DE CARREGAMENTO = 2026-05-13 00:00:00
CAMPO ADICIONAL ATUALIZADO: INTRODUÇÃO A SAÚDE E SEGURANÇA DO TRABALHO - MODALIDADE = ONLINE T2
CAMPO ADICIONAL ATUALIZADO: INTRODUÇÃO A SAÚDE E SEGURANÇA DO TRABALHO - LOCAL = https://teams.microsoft.com/meet/238144599512544?p=NPH77zpsohs8Eugsac
CAMPO ADICIONAL ATUALIZADO: INTRODUÇÃO A SAÚDE E SEGURANÇA DO TRABALHO - DATA INÍCIO = 2026-05-07 00:00:00
CAMPO ADICIONAL ATUALIZADO: INTRODUÇÃO A SAÚDE E SEGURANÇA DO TRABALHO - DATA TÉRMINO = 2026-05-07 00:00:00
CAMPO ADICIONAL ATUALIZADO: INTRODUÇÃO A SAÚDE E SEGURANÇA DO TRABALHO - INSTRUTOR = SESMT
CAMPO ADICIONAL ATUALIZADO: NORMATIVO (ONLINE) - DATA INÍCIO = 2026-05-08 00:00:00
CAMPO ADICIONAL ATUALIZADO: NORMATIVO (ONLINE) - DATA TÉRMINO = 2026-05-14 00:00:00
CAMPO ADICIONAL ATUALIZADO: NORMATIVO (ONLINE) - INSTRUTOR = LUCIANO
CAMPO ADICIONAL ATUALIZADO: NORMATIVO (ONLINE) - ACESSO = https://teams.microsoft.com/meet/252035871893270?p=l1vJ3D0n81QLLIoTom
CAMPO ADICIONAL ATUALIZADO: NORMATIVO (PRESENCIAL) - LOCAL = RUA SÃO QUIRINO, 758 - VILA GUILHERME - SÃO PAULO - SP
CAMPO ADICIONAL ATUALIZADO: NORMATIVO (PRESENCIAL) - DATA INÍCIO = 2026-05-15 00:00:00
CAMPO ADICIONAL ATUALIZADO: NORMATIVO (PRESENCIAL) - DATA TÉRMINO = 2026-05-18 00:00:00
CAMPO ADICIONAL ATUALIZADO: NORMATIVO (PRESENCIAL) - INSTRUTOR = LUCIANO
CAMPO ADICIONAL ATUALIZADO: 2ª RETIRADA - CARREGAMENTO - DATA DE CARREGAMENTO = 2026-05-19 00:00:00
CAMPO ADICIONAL ATUALIZADO: 2ª RETIRADA - CARREGAMENTO - LOCAL = RUA SÃO QUIRINO, 758 - VILA GUILHERME - SÃO PAULO - SP
CAMPO ADICIONAL ATUALIZADO: OPERAÇÃO - DATA DE OPERAÇÃO = 2026-05-20 00:00:00
CAMPO ADICIONAL ATUALIZADO: OPERAÇÃO - LOCAL = RUA SÃO QUIRINO, 758 - VILA GUILHERME - SÃO PAULO - SP
CAMPO ADICIONAL ATUALIZADO: CURSO TÉCNICO - MODALIDADE = -
CAMPO ADICIONAL ATUALIZADO: CURSO TÉCNICO - LOCAL = -
CAMPO ADICIONAL ATUALIZADO: CURSO TÉCNICO - DATA INÍCIO = -
CAMPO ADICIONAL ATUALIZADO: CURSO TÉCNICO - DATA TÉRMINO = -
CAMPO ADICIONAL ATUALIZADO: DUPLADO - DATA INÍCIO = -
CAMPO ADICIONAL ATUALIZADO: DUPLADO - DATA TÉRMINO = -
CAMPO ADICIONAL ATUALIZADO: DUPLADO - GER. REGIONAL = -
CAMPO ADICIONAL ATUALIZADO: DUPLADO - LOCAL DE APRESENTAÇÃO = -
CAMPO ADICIONAL ATUALIZADO: CURSO TÉCNICO RETORNO - MODALIDADE = -
CAMPO ADICIONAL ATUALIZADO: CURSO TÉCNICO RETORNO - LOCAL = -
CAMPO ADICIONAL ATUALIZADO: CURSO TÉCNICO RETORNO - DATA INÍCIO = -
CAMPO ADICIONAL ATUALIZADO: CURSO TÉCNICO RETORNO - INSTRUTOR = -
CAMPO ADICIONAL ATUALIZADO: CURSO TÉCNICO RETORNO - DATA TÉRMINO = -
CAMPO ADICIONAL ATUALIZADO: DUPLADO FASE 2 - DATA INÍCIO = -
CAMPO ADICIONAL ATUALIZADO: DUPLADO FASE 2 - DATA TÉRMINO = -
CAMPO ADICIONAL ATUALIZADO: DUPLADO FASE 2 - GER. REGIONAL = -
CAMPO ADICIONAL ATUALIZADO: DUPLADO FASE 2 - LOCAL DE APRESENTAÇÃO = -
Processando usuário existente: r061035 (Matrícula: 61035)
SENHA ATUALIZADA: r@33865
CAMPO ADICIONAL ATUALIZADO: CADASTRO - FUNÇÃO = AUX TELECOM
CAMPO ADICIONAL ATUALIZADO: CADASTRO - ADMISSÃO = 2026-05-06 00:00:00
CAMPO ADICIONAL ATUALIZADO: CADASTRO - GERENTE REGIONAL = EDVAN PEREIRA DA ROCHA
CAMPO ADICIONAL ATUALIZADO: CADASTRO - GERENTE CORPORATIVO = PAULO HENRIQUE VALERIO DA SILVA
CAMPO ADICIONAL ATUALIZADO: INTEGRAÇÃO - MODALIDADE = PRESENCIAL
CAMPO ADICIONAL ATUALIZADO: INTEGRAÇÃO - LOCAL = RUA SÃO QUIRINO, 758 - VILA GUILHERME - SÃO PAULO - SP
CAMPO ADICIONAL ATUALIZADO: INTEGRAÇÃO - DATA INÍCIO = 2026-05-06 00:00:00
CAMPO ADICIONAL ATUALIZADO: INTEGRAÇÃO - DATA TÉRMINO = 2026-05-06 00:00:00
CAMPO ADICIONAL ATUALIZADO: INTEGRAÇÃO - INSTRUTOR = GELSIVAN
CAMPO ADICIONAL ATUALIZADO: 1ª RETIRADA - CARREGAMENTO - LOCAL = RUA SÃO QUIRINO, 758 - VILA GUILHERME - SÃO PAULO - SP
CAMPO ADICIONAL ATUALIZADO: 1ª RETIRADA - CARREGAMENTO - DATA DE CARREGAMENTO = 2026-05-13 00:00:00
CAMPO ADICIONAL ATUALIZADO: INTRODUÇÃO A SAÚDE E SEGURANÇA DO TRABALHO - MODALIDADE = ONLINE T2
CAMPO ADICIONAL ATUALIZADO: INTRODUÇÃO A SAÚDE E SEGURANÇA DO TRABALHO - LOCAL = https://teams.microsoft.com/meet/238144599512544?p=NPH77zpsohs8Eugsac
CAMPO ADICIONAL ATUALIZADO: INTRODUÇÃO A SAÚDE E SEGURANÇA DO TRABALHO - DATA INÍCIO = 2026-05-07 00:00:00
CAMPO ADICIONAL ATUALIZADO: INTRODUÇÃO A SAÚDE E SEGURANÇA DO TRABALHO - DATA TÉRMINO = 2026-05-07 00:00:00
CAMPO ADICIONAL ATUALIZADO: INTRODUÇÃO A SAÚDE E SEGURANÇA DO TRABALHO - INSTRUTOR = SESMT
CAMPO ADICIONAL ATUALIZADO: NORMATIVO (ONLINE) - DATA INÍCIO = 2026-05-08 00:00:00
CAMPO ADICIONAL ATUALIZADO: NORMATIVO (ONLINE) - DATA TÉRMINO = 2026-05-14 00:00:00
CAMPO ADICIONAL ATUALIZADO: NORMATIVO (ONLINE) - INSTRUTOR = LUCIANO
CAMPO ADICIONAL ATUALIZADO: NORMATIVO (ONLINE) - ACESSO = https://teams.microsoft.com/meet/252035871893270?p=l1vJ3D0n81QLLIoTom
CAMPO ADICIONAL ATUALIZADO: NORMATIVO (PRESENCIAL) - LOCAL = RUA SÃO QUIRINO, 758 - VILA GUILHERME - SÃO PAULO - SP
CAMPO ADICIONAL ATUALIZADO: NORMATIVO (PRESENCIAL) - DATA INÍCIO = 2026-05-15 00:00:00
CAMPO ADICIONAL ATUALIZADO: NORMATIVO (PRESENCIAL) - DATA TÉRMINO = 2026-05-18 00:00:00
CAMPO ADICIONAL ATUALIZADO: NORMATIVO (PRESENCIAL) - INSTRUTOR = LUCIANO
CAMPO ADICIONAL ATUALIZADO: 2ª RETIRADA - CARREGAMENTO - DATA DE CARREGAMENTO = 2026-05-19 00:00:00
CAMPO ADICIONAL ATUALIZADO: 2ª RETIRADA - CARREGAMENTO - LOCAL = RUA SÃO QUIRINO, 758 - VILA GUILHERME - SÃO PAULO - SP
CAMPO ADICIONAL ATUALIZADO: OPERAÇÃO - DATA DE OPERAÇÃO = 2026-05-20 00:00:00
CAMPO ADICIONAL ATUALIZADO: OPERAÇÃO - LOCAL = RUA SÃO QUIRINO, 758 - VILA GUILHERME - SÃO PAULO - SP
CAMPO ADICIONAL ATUALIZADO: CURSO TÉCNICO - MODALIDADE = -
CAMPO ADICIONAL ATUALIZADO: CURSO TÉCNICO - LOCAL = -
CAMPO ADICIONAL ATUALIZADO: CURSO TÉCNICO - DATA INÍCIO = -
CAMPO ADICIONAL ATUALIZADO: CURSO TÉCNICO - DATA TÉRMINO = -
CAMPO ADICIONAL ATUALIZADO: DUPLADO - DATA INÍCIO = -
CAMPO ADICIONAL ATUALIZADO: DUPLADO - DATA TÉRMINO = -
CAMPO ADICIONAL ATUALIZADO: DUPLADO - GER. REGIONAL = -
CAMPO ADICIONAL ATUALIZADO: DUPLADO - LOCAL DE APRESENTAÇÃO = -
CAMPO ADICIONAL ATUALIZADO: CURSO TÉCNICO RETORNO - MODALIDADE = -
CAMPO ADICIONAL ATUALIZADO: CURSO TÉCNICO RETORNO - LOCAL = -
CAMPO ADICIONAL ATUALIZADO: CURSO TÉCNICO RETORNO - DATA INÍCIO = -
CAMPO ADICIONAL ATUALIZADO: CURSO TÉCNICO RETORNO - INSTRUTOR = -
CAMPO ADICIONAL ATUALIZADO: CURSO TÉCNICO RETORNO - DATA TÉRMINO = -
CAMPO ADICIONAL ATUALIZADO: DUPLADO FASE 2 - DATA INÍCIO = -
CAMPO ADICIONAL ATUALIZADO: DUPLADO FASE 2 - DATA TÉRMINO = -
CAMPO ADICIONAL ATUALIZADO: DUPLADO FASE 2 - GER. REGIONAL = -
CAMPO ADICIONAL ATUALIZADO: DUPLADO FASE 2 - LOCAL DE APRESENTAÇÃO = -
Processando usuário existente: r061036 (Matrícula: 61036)
SENHA ATUALIZADA: r@64613
CAMPO ADICIONAL ATUALIZADO: CADASTRO - FUNÇÃO = CABISTA
CAMPO ADICIONAL ATUALIZADO: CADASTRO - ADMISSÃO = 2026-05-06 00:00:00
CAMPO ADICIONAL ATUALIZADO: CADASTRO - GERENTE REGIONAL = EDVAN PEREIRA DA ROCHA
CAMPO ADICIONAL ATUALIZADO: CADASTRO - GERENTE CORPORATIVO = PAULO HENRIQUE VALERIO DA SILVA
CAMPO ADICIONAL ATUALIZADO: INTEGRAÇÃO - MODALIDADE = PRESENCIAL
CAMPO ADICIONAL ATUALIZADO: INTEGRAÇÃO - LOCAL = RUA SÃO QUIRINO, 758 - VILA GUILHERME - SÃO PAULO - SP
CAMPO ADICIONAL ATUALIZADO: INTEGRAÇÃO - DATA INÍCIO = 2026-05-06 00:00:00
CAMPO ADICIONAL ATUALIZADO: INTEGRAÇÃO - DATA TÉRMINO = 2026-05-06 00:00:00
CAMPO ADICIONAL ATUALIZADO: INTEGRAÇÃO - INSTRUTOR = GELSIVAN
CAMPO ADICIONAL ATUALIZADO: 1ª RETIRADA - CARREGAMENTO - LOCAL = RUA SÃO QUIRINO, 758 - VILA GUILHERME - SÃO PAULO - SP
CAMPO ADICIONAL ATUALIZADO: 1ª RETIRADA - CARREGAMENTO - DATA DE CARREGAMENTO = 2026-05-13 00:00:00
CAMPO ADICIONAL ATUALIZADO: INTRODUÇÃO A SAÚDE E SEGURANÇA DO TRABALHO - MODALIDADE = ONLINE T2
CAMPO ADICIONAL ATUALIZADO: INTRODUÇÃO A SAÚDE E SEGURANÇA DO TRABALHO - LOCAL = https://teams.microsoft.com/meet/238144599512544?p=NPH77zpsohs8Eugsac
CAMPO ADICIONAL ATUALIZADO: INTRODUÇÃO A SAÚDE E SEGURANÇA DO TRABALHO - DATA INÍCIO = 2026-05-07 00:00:00
CAMPO ADICIONAL ATUALIZADO: INTRODUÇÃO A SAÚDE E SEGURANÇA DO TRABALHO - DATA TÉRMINO = 2026-05-07 00:00:00
CAMPO ADICIONAL ATUALIZADO: INTRODUÇÃO A SAÚDE E SEGURANÇA DO TRABALHO - INSTRUTOR = SESMT
CAMPO ADICIONAL ATUALIZADO: NORMATIVO (ONLINE) - DATA INÍCIO = 2026-05-08 00:00:00
CAMPO ADICIONAL ATUALIZADO: NORMATIVO (ONLINE) - DATA TÉRMINO = 2026-05-14 00:00:00
CAMPO ADICIONAL ATUALIZADO: NORMATIVO (ONLINE) - INSTRUTOR = LUCIANO
CAMPO ADICIONAL ATUALIZADO: NORMATIVO (ONLINE) - ACESSO = https://teams.microsoft.com/meet/252035871893270?p=l1vJ3D0n81QLLIoTom
CAMPO ADICIONAL ATUALIZADO: NORMATIVO (PRESENCIAL) - LOCAL = RUA SÃO QUIRINO, 758 - VILA GUILHERME - SÃO PAULO - SP
CAMPO ADICIONAL ATUALIZADO: NORMATIVO (PRESENCIAL) - DATA INÍCIO = 2026-05-15 00:00:00
CAMPO ADICIONAL ATUALIZADO: NORMATIVO (PRESENCIAL) - DATA TÉRMINO = 2026-05-18 00:00:00
CAMPO ADICIONAL ATUALIZADO: NORMATIVO (PRESENCIAL) - INSTRUTOR = LUCIANO
CAMPO ADICIONAL ATUALIZADO: 2ª RETIRADA - CARREGAMENTO - DATA DE CARREGAMENTO = 2026-05-19 00:00:00
CAMPO ADICIONAL ATUALIZADO: 2ª RETIRADA - CARREGAMENTO - LOCAL = RUA SÃO QUIRINO, 758 - VILA GUILHERME - SÃO PAULO - SP
CAMPO ADICIONAL ATUALIZADO: OPERAÇÃO - DATA DE OPERAÇÃO = 2026-05-20 00:00:00
CAMPO ADICIONAL ATUALIZADO: OPERAÇÃO - LOCAL = RUA SÃO QUIRINO, 758 - VILA GUILHERME - SÃO PAULO - SP
CAMPO ADICIONAL ATUALIZADO: CURSO TÉCNICO - MODALIDADE = -
CAMPO ADICIONAL ATUALIZADO: CURSO TÉCNICO - LOCAL = -
CAMPO ADICIONAL ATUALIZADO: CURSO TÉCNICO - DATA INÍCIO = -
CAMPO ADICIONAL ATUALIZADO: CURSO TÉCNICO - DATA TÉRMINO = -
CAMPO ADICIONAL ATUALIZADO: DUPLADO - DATA INÍCIO = -
CAMPO ADICIONAL ATUALIZADO: DUPLADO - DATA TÉRMINO = -
CAMPO ADICIONAL ATUALIZADO: DUPLADO - GER. REGIONAL = -
CAMPO ADICIONAL ATUALIZADO: DUPLADO - LOCAL DE APRESENTAÇÃO = -
CAMPO ADICIONAL ATUALIZADO: CURSO TÉCNICO RETORNO - MODALIDADE = -
CAMPO ADICIONAL ATUALIZADO: CURSO TÉCNICO RETORNO - LOCAL = -
CAMPO ADICIONAL ATUALIZADO: CURSO TÉCNICO RETORNO - DATA INÍCIO = -
CAMPO ADICIONAL ATUALIZADO: CURSO TÉCNICO RETORNO - INSTRUTOR = -
CAMPO ADICIONAL ATUALIZADO: CURSO TÉCNICO RETORNO - DATA TÉRMINO = -
CAMPO ADICIONAL ATUALIZADO: DUPLADO FASE 2 - DATA INÍCIO = -
CAMPO ADICIONAL ATUALIZADO: DUPLADO FASE 2 - DATA TÉRMINO = -
CAMPO ADICIONAL ATUALIZADO: DUPLADO FASE 2 - GER. REGIONAL = -
CAMPO ADICIONAL ATUALIZADO: DUPLADO FASE 2 - LOCAL DE APRESENTAÇÃO = -
Processando usuário existente: r061037 (Matrícula: 61037)
SENHA ATUALIZADA: r@65810
CAMPO ADICIONAL ATUALIZADO: CADASTRO - FUNÇÃO = AUX TELECOM
CAMPO ADICIONAL ATUALIZADO: CADASTRO - ADMISSÃO = 2026-05-06 00:00:00
CAMPO ADICIONAL ATUALIZADO: CADASTRO - GERENTE REGIONAL = EDVAN PEREIRA DA ROCHA
CAMPO ADICIONAL ATUALIZADO: CADASTRO - GERENTE CORPORATIVO = PAULO HENRIQUE VALERIO DA SILVA
CAMPO ADICIONAL ATUALIZADO: INTEGRAÇÃO - MODALIDADE = PRESENCIAL
CAMPO ADICIONAL ATUALIZADO: INTEGRAÇÃO - LOCAL = RUA SÃO QUIRINO, 758 - VILA GUILHERME - SÃO PAULO - SP
CAMPO ADICIONAL ATUALIZADO: INTEGRAÇÃO - DATA INÍCIO = 2026-05-06 00:00:00
CAMPO ADICIONAL ATUALIZADO: INTEGRAÇÃO - DATA TÉRMINO = 2026-05-06 00:00:00
CAMPO ADICIONAL ATUALIZADO: INTEGRAÇÃO - INSTRUTOR = GELSIVAN
CAMPO ADICIONAL ATUALIZADO: 1ª RETIRADA - CARREGAMENTO - LOCAL = RUA SÃO QUIRINO, 758 - VILA GUILHERME - SÃO PAULO - SP
CAMPO ADICIONAL ATUALIZADO: 1ª RETIRADA - CARREGAMENTO - DATA DE CARREGAMENTO = 2026-05-13 00:00:00
CAMPO ADICIONAL ATUALIZADO: INTRODUÇÃO A SAÚDE E SEGURANÇA DO TRABALHO - MODALIDADE = ONLINE T2
CAMPO ADICIONAL ATUALIZADO: INTRODUÇÃO A SAÚDE E SEGURANÇA DO TRABALHO - LOCAL = https://teams.microsoft.com/meet/238144599512544?p=NPH77zpsohs8Eugsac
CAMPO ADICIONAL ATUALIZADO: INTRODUÇÃO A SAÚDE E SEGURANÇA DO TRABALHO - DATA INÍCIO = 2026-05-07 00:00:00
CAMPO ADICIONAL ATUALIZADO: INTRODUÇÃO A SAÚDE E SEGURANÇA DO TRABALHO - DATA TÉRMINO = 2026-05-07 00:00:00
CAMPO ADICIONAL ATUALIZADO: INTRODUÇÃO A SAÚDE E SEGURANÇA DO TRABALHO - INSTRUTOR = SESMT
CAMPO ADICIONAL ATUALIZADO: NORMATIVO (ONLINE) - DATA INÍCIO = 2026-05-08 00:00:00
CAMPO ADICIONAL ATUALIZADO: NORMATIVO (ONLINE) - DATA TÉRMINO = 2026-05-14 00:00:00
CAMPO ADICIONAL ATUALIZADO: NORMATIVO (ONLINE) - INSTRUTOR = LUCIANO
CAMPO ADICIONAL ATUALIZADO: NORMATIVO (ONLINE) - ACESSO = https://teams.microsoft.com/meet/252035871893270?p=l1vJ3D0n81QLLIoTom
CAMPO ADICIONAL ATUALIZADO: NORMATIVO (PRESENCIAL) - LOCAL = RUA SÃO QUIRINO, 758 - VILA GUILHERME - SÃO PAULO - SP
CAMPO ADICIONAL ATUALIZADO: NORMATIVO (PRESENCIAL) - DATA INÍCIO = 2026-05-15 00:00:00
CAMPO ADICIONAL ATUALIZADO: NORMATIVO (PRESENCIAL) - DATA TÉRMINO = 2026-05-18 00:00:00
CAMPO ADICIONAL ATUALIZADO: NORMATIVO (PRESENCIAL) - INSTRUTOR = LUCIANO
CAMPO ADICIONAL ATUALIZADO: 2ª RETIRADA - CARREGAMENTO - DATA DE CARREGAMENTO = 2026-05-19 00:00:00
CAMPO ADICIONAL ATUALIZADO: 2ª RETIRADA - CARREGAMENTO - LOCAL = RUA SÃO QUIRINO, 758 - VILA GUILHERME - SÃO PAULO - SP
CAMPO ADICIONAL ATUALIZADO: OPERAÇÃO - DATA DE OPERAÇÃO = 2026-05-20 00:00:00
CAMPO ADICIONAL ATUALIZADO: OPERAÇÃO - LOCAL = RUA SÃO QUIRINO, 758 - VILA GUILHERME - SÃO PAULO - SP
CAMPO ADICIONAL ATUALIZADO: CURSO TÉCNICO - MODALIDADE = -
CAMPO ADICIONAL ATUALIZADO: CURSO TÉCNICO - LOCAL = -
CAMPO ADICIONAL ATUALIZADO: CURSO TÉCNICO - DATA INÍCIO = -
CAMPO ADICIONAL ATUALIZADO: CURSO TÉCNICO - DATA TÉRMINO = -
CAMPO ADICIONAL ATUALIZADO: DUPLADO - DATA INÍCIO = -
CAMPO ADICIONAL ATUALIZADO: DUPLADO - DATA TÉRMINO = -
CAMPO ADICIONAL ATUALIZADO: DUPLADO - GER. REGIONAL = -
CAMPO ADICIONAL ATUALIZADO: DUPLADO - LOCAL DE APRESENTAÇÃO = -
CAMPO ADICIONAL ATUALIZADO: CURSO TÉCNICO RETORNO - MODALIDADE = -
CAMPO ADICIONAL ATUALIZADO: CURSO TÉCNICO RETORNO - LOCAL = -
CAMPO ADICIONAL ATUALIZADO: CURSO TÉCNICO RETORNO - DATA INÍCIO = -
CAMPO ADICIONAL ATUALIZADO: CURSO TÉCNICO RETORNO - INSTRUTOR = -
CAMPO ADICIONAL ATUALIZADO: CURSO TÉCNICO RETORNO - DATA TÉRMINO = -
CAMPO ADICIONAL ATUALIZADO: DUPLADO FASE 2 - DATA INÍCIO = -
CAMPO ADICIONAL ATUALIZADO: DUPLADO FASE 2 - DATA TÉRMINO = -
CAMPO ADICIONAL ATUALIZADO: DUPLADO FASE 2 - GER. REGIONAL = -
CAMPO ADICIONAL ATUALIZADO: DUPLADO FASE 2 - LOCAL DE APRESENTAÇÃO = -
Processando usuário existente: r061038 (Matrícula: 61038)
SENHA ATUALIZADA: r@91895
CAMPO ADICIONAL ATUALIZADO: CADASTRO - FUNÇÃO = AUX TELECOM
CAMPO ADICIONAL ATUALIZADO: CADASTRO - ADMISSÃO = 2026-05-06 00:00:00
CAMPO ADICIONAL ATUALIZADO: CADASTRO - GERENTE REGIONAL = EDVAN PEREIRA DA ROCHA
CAMPO ADICIONAL ATUALIZADO: CADASTRO - GERENTE CORPORATIVO = PAULO HENRIQUE VALERIO DA SILVA
CAMPO ADICIONAL ATUALIZADO: INTEGRAÇÃO - MODALIDADE = PRESENCIAL
CAMPO ADICIONAL ATUALIZADO: INTEGRAÇÃO - LOCAL = RUA SÃO QUIRINO, 758 - VILA GUILHERME - SÃO PAULO - SP
CAMPO ADICIONAL ATUALIZADO: INTEGRAÇÃO - DATA INÍCIO = 2026-05-06 00:00:00
CAMPO ADICIONAL ATUALIZADO: INTEGRAÇÃO - DATA TÉRMINO = 2026-05-06 00:00:00
CAMPO ADICIONAL ATUALIZADO: INTEGRAÇÃO - INSTRUTOR = GELSIVAN
CAMPO ADICIONAL ATUALIZADO: 1ª RETIRADA - CARREGAMENTO - LOCAL = RUA SÃO QUIRINO, 758 - VILA GUILHERME - SÃO PAULO - SP
CAMPO ADICIONAL ATUALIZADO: 1ª RETIRADA - CARREGAMENTO - DATA DE CARREGAMENTO = 2026-05-13 00:00:00
CAMPO ADICIONAL ATUALIZADO: INTRODUÇÃO A SAÚDE E SEGURANÇA DO TRABALHO - MODALIDADE = ONLINE T2
CAMPO ADICIONAL ATUALIZADO: INTRODUÇÃO A SAÚDE E SEGURANÇA DO TRABALHO - LOCAL = https://teams.microsoft.com/meet/238144599512544?p=NPH77zpsohs8Eugsac
CAMPO ADICIONAL ATUALIZADO: INTRODUÇÃO A SAÚDE E SEGURANÇA DO TRABALHO - DATA INÍCIO = 2026-05-07 00:00:00
CAMPO ADICIONAL ATUALIZADO: INTRODUÇÃO A SAÚDE E SEGURANÇA DO TRABALHO - DATA TÉRMINO = 2026-05-07 00:00:00
CAMPO ADICIONAL ATUALIZADO: INTRODUÇÃO A SAÚDE E SEGURANÇA DO TRABALHO - INSTRUTOR = SESMT
CAMPO ADICIONAL ATUALIZADO: NORMATIVO (ONLINE) - DATA INÍCIO = 2026-05-08 00:00:00
CAMPO ADICIONAL ATUALIZADO: NORMATIVO (ONLINE) - DATA TÉRMINO = 2026-05-14 00:00:00
CAMPO ADICIONAL ATUALIZADO: NORMATIVO (ONLINE) - INSTRUTOR = LUCIANO
CAMPO ADICIONAL ATUALIZADO: NORMATIVO (ONLINE) - ACESSO = https://teams.microsoft.com/meet/252035871893270?p=l1vJ3D0n81QLLIoTom
CAMPO ADICIONAL ATUALIZADO: NORMATIVO (PRESENCIAL) - LOCAL = RUA SÃO QUIRINO, 758 - VILA GUILHERME - SÃO PAULO - SP
CAMPO ADICIONAL ATUALIZADO: NORMATIVO (PRESENCIAL) - DATA INÍCIO = 2026-05-15 00:00:00
CAMPO ADICIONAL ATUALIZADO: NORMATIVO (PRESENCIAL) - DATA TÉRMINO = 2026-05-18 00:00:00
CAMPO ADICIONAL ATUALIZADO: NORMATIVO (PRESENCIAL) - INSTRUTOR = LUCIANO
CAMPO ADICIONAL ATUALIZADO: 2ª RETIRADA - CARREGAMENTO - DATA DE CARREGAMENTO = 2026-05-19 00:00:00
CAMPO ADICIONAL ATUALIZADO: 2ª RETIRADA - CARREGAMENTO - LOCAL = RUA SÃO QUIRINO, 758 - VILA GUILHERME - SÃO PAULO - SP
CAMPO ADICIONAL ATUALIZADO: OPERAÇÃO - DATA DE OPERAÇÃO = 2026-05-20 00:00:00
CAMPO ADICIONAL ATUALIZADO: OPERAÇÃO - LOCAL = RUA SÃO QUIRINO, 758 - VILA GUILHERME - SÃO PAULO - SP
CAMPO ADICIONAL ATUALIZADO: CURSO TÉCNICO - MODALIDADE = -
CAMPO ADICIONAL ATUALIZADO: CURSO TÉCNICO - LOCAL = -
CAMPO ADICIONAL ATUALIZADO: CURSO TÉCNICO - DATA INÍCIO = -
CAMPO ADICIONAL ATUALIZADO: CURSO TÉCNICO - DATA TÉRMINO = -
CAMPO ADICIONAL ATUALIZADO: DUPLADO - DATA INÍCIO = -
CAMPO ADICIONAL ATUALIZADO: DUPLADO - DATA TÉRMINO = -
CAMPO ADICIONAL ATUALIZADO: DUPLADO - GER. REGIONAL = -
CAMPO ADICIONAL ATUALIZADO: DUPLADO - LOCAL DE APRESENTAÇÃO = -
CAMPO ADICIONAL ATUALIZADO: CURSO TÉCNICO RETORNO - MODALIDADE = -
CAMPO ADICIONAL ATUALIZADO: CURSO TÉCNICO RETORNO - LOCAL = -
CAMPO ADICIONAL ATUALIZADO: CURSO TÉCNICO RETORNO - DATA INÍCIO = -
CAMPO ADICIONAL ATUALIZADO: CURSO TÉCNICO RETORNO - INSTRUTOR = -
CAMPO ADICIONAL ATUALIZADO: CURSO TÉCNICO RETORNO - DATA TÉRMINO = -
CAMPO ADICIONAL ATUALIZADO: DUPLADO FASE 2 - DATA INÍCIO = -
CAMPO ADICIONAL ATUALIZADO: DUPLADO FASE 2 - DATA TÉRMINO = -
CAMPO ADICIONAL ATUALIZADO: DUPLADO FASE 2 - GER. REGIONAL = -
CAMPO ADICIONAL ATUALIZADO: DUPLADO FASE 2 - LOCAL DE APRESENTAÇÃO = -
Processando usuário existente: r061039 (Matrícula: 61039)
SENHA ATUALIZADA: r@33885
CAMPO ADICIONAL ATUALIZADO: CADASTRO - FUNÇÃO = AUX TELECOM
CAMPO ADICIONAL ATUALIZADO: CADASTRO - ADMISSÃO = 2026-05-06 00:00:00
CAMPO ADICIONAL ATUALIZADO: CADASTRO - GERENTE REGIONAL = ALEX SANDRO FERRAZ DE OLIVEIRA
CAMPO ADICIONAL ATUALIZADO: CADASTRO - GERENTE CORPORATIVO = PAULO HENRIQUE VALERIO DA SILVA
CAMPO ADICIONAL ATUALIZADO: INTEGRAÇÃO - MODALIDADE = PRESENCIAL
CAMPO ADICIONAL ATUALIZADO: INTEGRAÇÃO - LOCAL = RUA SÃO QUIRINO, 758 - VILA GUILHERME - SÃO PAULO - SP
CAMPO ADICIONAL ATUALIZADO: INTEGRAÇÃO - DATA INÍCIO = 2026-05-06 00:00:00
CAMPO ADICIONAL ATUALIZADO: INTEGRAÇÃO - DATA TÉRMINO = 2026-05-06 00:00:00
CAMPO ADICIONAL ATUALIZADO: INTEGRAÇÃO - INSTRUTOR = GELSIVAN
CAMPO ADICIONAL ATUALIZADO: 1ª RETIRADA - CARREGAMENTO - LOCAL = RUA SÃO QUIRINO, 758 - VILA GUILHERME - SÃO PAULO - SP
CAMPO ADICIONAL ATUALIZADO: 1ª RETIRADA - CARREGAMENTO - DATA DE CARREGAMENTO = 2026-05-13 00:00:00
CAMPO ADICIONAL ATUALIZADO: INTRODUÇÃO A SAÚDE E SEGURANÇA DO TRABALHO - MODALIDADE = ONLINE T2
CAMPO ADICIONAL ATUALIZADO: INTRODUÇÃO A SAÚDE E SEGURANÇA DO TRABALHO - LOCAL = https://teams.microsoft.com/meet/238144599512544?p=NPH77zpsohs8Eugsac
CAMPO ADICIONAL ATUALIZADO: INTRODUÇÃO A SAÚDE E SEGURANÇA DO TRABALHO - DATA INÍCIO = 2026-05-07 00:00:00
CAMPO ADICIONAL ATUALIZADO: INTRODUÇÃO A SAÚDE E SEGURANÇA DO TRABALHO - DATA TÉRMINO = 2026-05-07 00:00:00
CAMPO ADICIONAL ATUALIZADO: INTRODUÇÃO A SAÚDE E SEGURANÇA DO TRABALHO - INSTRUTOR = SESMT
CAMPO ADICIONAL ATUALIZADO: NORMATIVO (ONLINE) - DATA INÍCIO = 2026-05-08 00:00:00
CAMPO ADICIONAL ATUALIZADO: NORMATIVO (ONLINE) - DATA TÉRMINO = 2026-05-14 00:00:00
CAMPO ADICIONAL ATUALIZADO: NORMATIVO (ONLINE) - INSTRUTOR = LUCIANO
CAMPO ADICIONAL ATUALIZADO: NORMATIVO (ONLINE) - ACESSO = https://teams.microsoft.com/meet/252035871893270?p=l1vJ3D0n81QLLIoTom
CAMPO ADICIONAL ATUALIZADO: NORMATIVO (PRESENCIAL) - LOCAL = RUA SÃO QUIRINO, 758 - VILA GUILHERME - SÃO PAULO - SP
CAMPO ADICIONAL ATUALIZADO: NORMATIVO (PRESENCIAL) - DATA INÍCIO = 2026-05-15 00:00:00
CAMPO ADICIONAL ATUALIZADO: NORMATIVO (PRESENCIAL) - DATA TÉRMINO = 2026-05-18 00:00:00
CAMPO ADICIONAL ATUALIZADO: NORMATIVO (PRESENCIAL) - INSTRUTOR = LUCIANO
CAMPO ADICIONAL ATUALIZADO: 2ª RETIRADA - CARREGAMENTO - DATA DE CARREGAMENTO = 2026-05-19 00:00:00
CAMPO ADICIONAL ATUALIZADO: 2ª RETIRADA - CARREGAMENTO - LOCAL = RUA SÃO QUIRINO, 758 - VILA GUILHERME - SÃO PAULO - SP
CAMPO ADICIONAL ATUALIZADO: OPERAÇÃO - DATA DE OPERAÇÃO = 2026-05-20 00:00:00
CAMPO ADICIONAL ATUALIZADO: OPERAÇÃO - LOCAL = RUA SÃO QUIRINO, 758 - VILA GUILHERME - SÃO PAULO - SP
CAMPO ADICIONAL ATUALIZADO: CURSO TÉCNICO - MODALIDADE = -
CAMPO ADICIONAL ATUALIZADO: CURSO TÉCNICO - LOCAL = -
CAMPO ADICIONAL ATUALIZADO: CURSO TÉCNICO - DATA INÍCIO = -
CAMPO ADICIONAL ATUALIZADO: CURSO TÉCNICO - DATA TÉRMINO = -
CAMPO ADICIONAL ATUALIZADO: DUPLADO - DATA INÍCIO = -
CAMPO ADICIONAL ATUALIZADO: DUPLADO - DATA TÉRMINO = -
CAMPO ADICIONAL ATUALIZADO: DUPLADO - GER. REGIONAL = -
CAMPO ADICIONAL ATUALIZADO: DUPLADO - LOCAL DE APRESENTAÇÃO = -
CAMPO ADICIONAL ATUALIZADO: CURSO TÉCNICO RETORNO - MODALIDADE = -
CAMPO ADICIONAL ATUALIZADO: CURSO TÉCNICO RETORNO - LOCAL = -
CAMPO ADICIONAL ATUALIZADO: CURSO TÉCNICO RETORNO - DATA INÍCIO = -
CAMPO ADICIONAL ATUALIZADO: CURSO TÉCNICO RETORNO - INSTRUTOR = -
CAMPO ADICIONAL ATUALIZADO: CURSO TÉCNICO RETORNO - DATA TÉRMINO = -
CAMPO ADICIONAL ATUALIZADO: DUPLADO FASE 2 - DATA INÍCIO = -
CAMPO ADICIONAL ATUALIZADO: DUPLADO FASE 2 - DATA TÉRMINO = -
CAMPO ADICIONAL ATUALIZADO: DUPLADO FASE 2 - GER. REGIONAL = -
CAMPO ADICIONAL ATUALIZADO: DUPLADO FASE 2 - LOCAL DE APRESENTAÇÃO = -
Processando usuário existente: r061040 (Matrícula: 61040)
SENHA ATUALIZADA: r@71894
CAMPO ADICIONAL ATUALIZADO: CADASTRO - FUNÇÃO = AUX TELECOM
CAMPO ADICIONAL ATUALIZADO: CADASTRO - ADMISSÃO = 2026-05-06 00:00:00
CAMPO ADICIONAL ATUALIZADO: CADASTRO - GERENTE REGIONAL = ALEX SANDRO FERRAZ DE OLIVEIRA
CAMPO ADICIONAL ATUALIZADO: CADASTRO - GERENTE CORPORATIVO = PAULO HENRIQUE VALERIO DA SILVA
CAMPO ADICIONAL ATUALIZADO: INTEGRAÇÃO - MODALIDADE = PRESENCIAL
CAMPO ADICIONAL ATUALIZADO: INTEGRAÇÃO - LOCAL = RUA SÃO QUIRINO, 758 - VILA GUILHERME - SÃO PAULO - SP
CAMPO ADICIONAL ATUALIZADO: INTEGRAÇÃO - DATA INÍCIO = 2026-05-06 00:00:00
CAMPO ADICIONAL ATUALIZADO: INTEGRAÇÃO - DATA TÉRMINO = 2026-05-06 00:00:00
CAMPO ADICIONAL ATUALIZADO: INTEGRAÇÃO - INSTRUTOR = GELSIVAN
CAMPO ADICIONAL ATUALIZADO: 1ª RETIRADA - CARREGAMENTO - LOCAL = RUA SÃO QUIRINO, 758 - VILA GUILHERME - SÃO PAULO - SP
CAMPO ADICIONAL ATUALIZADO: 1ª RETIRADA - CARREGAMENTO - DATA DE CARREGAMENTO = 2026-05-13 00:00:00
CAMPO ADICIONAL ATUALIZADO: INTRODUÇÃO A SAÚDE E SEGURANÇA DO TRABALHO - MODALIDADE = ONLINE T2
CAMPO ADICIONAL ATUALIZADO: INTRODUÇÃO A SAÚDE E SEGURANÇA DO TRABALHO - LOCAL = https://teams.microsoft.com/meet/238144599512544?p=NPH77zpsohs8Eugsac
CAMPO ADICIONAL ATUALIZADO: INTRODUÇÃO A SAÚDE E SEGURANÇA DO TRABALHO - DATA INÍCIO = 2026-05-07 00:00:00
CAMPO ADICIONAL ATUALIZADO: INTRODUÇÃO A SAÚDE E SEGURANÇA DO TRABALHO - DATA TÉRMINO = 2026-05-07 00:00:00
CAMPO ADICIONAL ATUALIZADO: INTRODUÇÃO A SAÚDE E SEGURANÇA DO TRABALHO - INSTRUTOR = SESMT
CAMPO ADICIONAL ATUALIZADO: NORMATIVO (ONLINE) - DATA INÍCIO = 2026-05-08 00:00:00
CAMPO ADICIONAL ATUALIZADO: NORMATIVO (ONLINE) - DATA TÉRMINO = 2026-05-14 00:00:00
CAMPO ADICIONAL ATUALIZADO: NORMATIVO (ONLINE) - INSTRUTOR = LUCIANO
CAMPO ADICIONAL ATUALIZADO: NORMATIVO (ONLINE) - ACESSO = https://teams.microsoft.com/meet/252035871893270?p=l1vJ3D0n81QLLIoTom
CAMPO ADICIONAL ATUALIZADO: NORMATIVO (PRESENCIAL) - LOCAL = RUA SÃO QUIRINO, 758 - VILA GUILHERME - SÃO PAULO - SP
CAMPO ADICIONAL ATUALIZADO: NORMATIVO (PRESENCIAL) - DATA INÍCIO = 2026-05-15 00:00:00
CAMPO ADICIONAL ATUALIZADO: NORMATIVO (PRESENCIAL) - DATA TÉRMINO = 2026-05-18 00:00:00
CAMPO ADICIONAL ATUALIZADO: NORMATIVO (PRESENCIAL) - INSTRUTOR = LUCIANO
CAMPO ADICIONAL ATUALIZADO: 2ª RETIRADA - CARREGAMENTO - DATA DE CARREGAMENTO = 2026-05-19 00:00:00
CAMPO ADICIONAL ATUALIZADO: 2ª RETIRADA - CARREGAMENTO - LOCAL = RUA SÃO QUIRINO, 758 - VILA GUILHERME - SÃO PAULO - SP
CAMPO ADICIONAL ATUALIZADO: OPERAÇÃO - DATA DE OPERAÇÃO = 2026-05-20 00:00:00
CAMPO ADICIONAL ATUALIZADO: OPERAÇÃO - LOCAL = RUA SÃO QUIRINO, 758 - VILA GUILHERME - SÃO PAULO - SP
CAMPO ADICIONAL ATUALIZADO: CURSO TÉCNICO - MODALIDADE = -
CAMPO ADICIONAL ATUALIZADO: CURSO TÉCNICO - LOCAL = -
CAMPO ADICIONAL ATUALIZADO: CURSO TÉCNICO - DATA INÍCIO = -
CAMPO ADICIONAL ATUALIZADO: CURSO TÉCNICO - DATA TÉRMINO = -
CAMPO ADICIONAL ATUALIZADO: DUPLADO - DATA INÍCIO = -
CAMPO ADICIONAL ATUALIZADO: DUPLADO - DATA TÉRMINO = -
CAMPO ADICIONAL ATUALIZADO: DUPLADO - GER. REGIONAL = -
CAMPO ADICIONAL ATUALIZADO: DUPLADO - LOCAL DE APRESENTAÇÃO = -
CAMPO ADICIONAL ATUALIZADO: CURSO TÉCNICO RETORNO - MODALIDADE = -
CAMPO ADICIONAL ATUALIZADO: CURSO TÉCNICO RETORNO - LOCAL = -
CAMPO ADICIONAL ATUALIZADO: CURSO TÉCNICO RETORNO - DATA INÍCIO = -
CAMPO ADICIONAL ATUALIZADO: CURSO TÉCNICO RETORNO - INSTRUTOR = -
CAMPO ADICIONAL ATUALIZADO: CURSO TÉCNICO RETORNO - DATA TÉRMINO = -
CAMPO ADICIONAL ATUALIZADO: DUPLADO FASE 2 - DATA INÍCIO = -
CAMPO ADICIONAL ATUALIZADO: DUPLADO FASE 2 - DATA TÉRMINO = -
CAMPO ADICIONAL ATUALIZADO: DUPLADO FASE 2 - GER. REGIONAL = -
CAMPO ADICIONAL ATUALIZADO: DUPLADO FASE 2 - LOCAL DE APRESENTAÇÃO = -
Processando usuário existente: r061052 (Matrícula: 61052)
SENHA ATUALIZADA: r@11364
CAMPO ADICIONAL ATUALIZADO: CADASTRO - FUNÇÃO = AUX TELECOM
CAMPO ADICIONAL ATUALIZADO: CADASTRO - ADMISSÃO = 2026-05-06 00:00:00
CAMPO ADICIONAL ATUALIZADO: CADASTRO - GERENTE REGIONAL = EDVAN PEREIRA DA ROCHA
CAMPO ADICIONAL ATUALIZADO: CADASTRO - GERENTE CORPORATIVO = PAULO HENRIQUE VALERIO DA SILVA
CAMPO ADICIONAL ATUALIZADO: INTEGRAÇÃO - MODALIDADE = PRESENCIAL
CAMPO ADICIONAL ATUALIZADO: INTEGRAÇÃO - LOCAL = RUA SÃO QUIRINO, 758 - VILA GUILHERME - SÃO PAULO - SP
CAMPO ADICIONAL ATUALIZADO: INTEGRAÇÃO - DATA INÍCIO = 2026-05-06 00:00:00
CAMPO ADICIONAL ATUALIZADO: INTEGRAÇÃO - DATA TÉRMINO = 2026-05-06 00:00:00
CAMPO ADICIONAL ATUALIZADO: INTEGRAÇÃO - INSTRUTOR = GELSIVAN
CAMPO ADICIONAL ATUALIZADO: 1ª RETIRADA - CARREGAMENTO - LOCAL = RUA SÃO QUIRINO, 758 - VILA GUILHERME - SÃO PAULO - SP
CAMPO ADICIONAL ATUALIZADO: 1ª RETIRADA - CARREGAMENTO - DATA DE CARREGAMENTO = 2026-05-13 00:00:00
CAMPO ADICIONAL ATUALIZADO: INTRODUÇÃO A SAÚDE E SEGURANÇA DO TRABALHO - MODALIDADE = ONLINE T2
CAMPO ADICIONAL ATUALIZADO: INTRODUÇÃO A SAÚDE E SEGURANÇA DO TRABALHO - LOCAL = https://teams.microsoft.com/meet/238144599512544?p=NPH77zpsohs8Eugsac
CAMPO ADICIONAL ATUALIZADO: INTRODUÇÃO A SAÚDE E SEGURANÇA DO TRABALHO - DATA INÍCIO = 2026-05-07 00:00:00
CAMPO ADICIONAL ATUALIZADO: INTRODUÇÃO A SAÚDE E SEGURANÇA DO TRABALHO - DATA TÉRMINO = 2026-05-07 00:00:00
CAMPO ADICIONAL ATUALIZADO: INTRODUÇÃO A SAÚDE E SEGURANÇA DO TRABALHO - INSTRUTOR = SESMT
CAMPO ADICIONAL ATUALIZADO: NORMATIVO (ONLINE) - DATA INÍCIO = 2026-05-08 00:00:00
CAMPO ADICIONAL ATUALIZADO: NORMATIVO (ONLINE) - DATA TÉRMINO = 2026-05-14 00:00:00
CAMPO ADICIONAL ATUALIZADO: NORMATIVO (ONLINE) - INSTRUTOR = LUCIANO
CAMPO ADICIONAL ATUALIZADO: NORMATIVO (ONLINE) - ACESSO = https://teams.microsoft.com/meet/252035871893270?p=l1vJ3D0n81QLLIoTom
CAMPO ADICIONAL ATUALIZADO: NORMATIVO (PRESENCIAL) - LOCAL = RUA SÃO QUIRINO, 758 - VILA GUILHERME - SÃO PAULO - SP
CAMPO ADICIONAL ATUALIZADO: NORMATIVO (PRESENCIAL) - DATA INÍCIO = 2026-05-15 00:00:00
CAMPO ADICIONAL ATUALIZADO: NORMATIVO (PRESENCIAL) - DATA TÉRMINO = 2026-05-18 00:00:00
CAMPO ADICIONAL ATUALIZADO: NORMATIVO (PRESENCIAL) - INSTRUTOR = LUCIANO
CAMPO ADICIONAL ATUALIZADO: 2ª RETIRADA - CARREGAMENTO - DATA DE CARREGAMENTO = 2026-05-19 00:00:00
CAMPO ADICIONAL ATUALIZADO: 2ª RETIRADA - CARREGAMENTO - LOCAL = RUA SÃO QUIRINO, 758 - VILA GUILHERME - SÃO PAULO - SP
CAMPO ADICIONAL ATUALIZADO: OPERAÇÃO - DATA DE OPERAÇÃO = 2026-05-20 00:00:00
CAMPO ADICIONAL ATUALIZADO: OPERAÇÃO - LOCAL = RUA SÃO QUIRINO, 758 - VILA GUILHERME - SÃO PAULO - SP
CAMPO ADICIONAL ATUALIZADO: CURSO TÉCNICO - MODALIDADE = -
CAMPO ADICIONAL ATUALIZADO: CURSO TÉCNICO - LOCAL = -
CAMPO ADICIONAL ATUALIZADO: CURSO TÉCNICO - DATA INÍCIO = -
CAMPO ADICIONAL ATUALIZADO: CURSO TÉCNICO - DATA TÉRMINO = -
CAMPO ADICIONAL ATUALIZADO: DUPLADO - DATA INÍCIO = -
CAMPO ADICIONAL ATUALIZADO: DUPLADO - DATA TÉRMINO = -
CAMPO ADICIONAL ATUALIZADO: DUPLADO - GER. REGIONAL = -
CAMPO ADICIONAL ATUALIZADO: DUPLADO - LOCAL DE APRESENTAÇÃO = -
CAMPO ADICIONAL ATUALIZADO: CURSO TÉCNICO RETORNO - MODALIDADE = -
CAMPO ADICIONAL ATUALIZADO: CURSO TÉCNICO RETORNO - LOCAL = -
CAMPO ADICIONAL ATUALIZADO: CURSO TÉCNICO RETORNO - DATA INÍCIO = -
CAMPO ADICIONAL ATUALIZADO: CURSO TÉCNICO RETORNO - INSTRUTOR = -
CAMPO ADICIONAL ATUALIZADO: CURSO TÉCNICO RETORNO - DATA TÉRMINO = -
CAMPO ADICIONAL ATUALIZADO: DUPLADO FASE 2 - DATA INÍCIO = -
CAMPO ADICIONAL ATUALIZADO: DUPLADO FASE 2 - DATA TÉRMINO = -
CAMPO ADICIONAL ATUALIZADO: DUPLADO FASE 2 - GER. REGIONAL = -
CAMPO ADICIONAL ATUALIZADO: DUPLADO FASE 2 - LOCAL DE APRESENTAÇÃO = -
Processando usuário existente: r061055 (Matrícula: 61055)
SENHA ATUALIZADA: r@00864
CAMPO ADICIONAL ATUALIZADO: CADASTRO - FUNÇÃO = CABISTA
CAMPO ADICIONAL ATUALIZADO: CADASTRO - ADMISSÃO = 2026-05-06 00:00:00
CAMPO ADICIONAL ATUALIZADO: CADASTRO - GERENTE REGIONAL = EDVAN PEREIRA DA ROCHA
CAMPO ADICIONAL ATUALIZADO: CADASTRO - GERENTE CORPORATIVO = PAULO HENRIQUE VALERIO DA SILVA
CAMPO ADICIONAL ATUALIZADO: INTEGRAÇÃO - MODALIDADE = PRESENCIAL
CAMPO ADICIONAL ATUALIZADO: INTEGRAÇÃO - LOCAL = RUA SÃO QUIRINO, 758 - VILA GUILHERME - SÃO PAULO - SP
CAMPO ADICIONAL ATUALIZADO: INTEGRAÇÃO - DATA INÍCIO = 2026-05-06 00:00:00
CAMPO ADICIONAL ATUALIZADO: INTEGRAÇÃO - DATA TÉRMINO = 2026-05-06 00:00:00
CAMPO ADICIONAL ATUALIZADO: INTEGRAÇÃO - INSTRUTOR = GELSIVAN
CAMPO ADICIONAL ATUALIZADO: 1ª RETIRADA - CARREGAMENTO - LOCAL = RUA SÃO QUIRINO, 758 - VILA GUILHERME - SÃO PAULO - SP
CAMPO ADICIONAL ATUALIZADO: 1ª RETIRADA - CARREGAMENTO - DATA DE CARREGAMENTO = 2026-05-13 00:00:00
CAMPO ADICIONAL ATUALIZADO: INTRODUÇÃO A SAÚDE E SEGURANÇA DO TRABALHO - MODALIDADE = ONLINE T2
CAMPO ADICIONAL ATUALIZADO: INTRODUÇÃO A SAÚDE E SEGURANÇA DO TRABALHO - LOCAL = https://teams.microsoft.com/meet/238144599512544?p=NPH77zpsohs8Eugsac
CAMPO ADICIONAL ATUALIZADO: INTRODUÇÃO A SAÚDE E SEGURANÇA DO TRABALHO - DATA INÍCIO = 2026-05-07 00:00:00
CAMPO ADICIONAL ATUALIZADO: INTRODUÇÃO A SAÚDE E SEGURANÇA DO TRABALHO - DATA TÉRMINO = 2026-05-07 00:00:00
CAMPO ADICIONAL ATUALIZADO: INTRODUÇÃO A SAÚDE E SEGURANÇA DO TRABALHO - INSTRUTOR = SESMT
CAMPO ADICIONAL ATUALIZADO: NORMATIVO (ONLINE) - DATA INÍCIO = 2026-05-08 00:00:00
CAMPO ADICIONAL ATUALIZADO: NORMATIVO (ONLINE) - DATA TÉRMINO = 2026-05-14 00:00:00
CAMPO ADICIONAL ATUALIZADO: NORMATIVO (ONLINE) - INSTRUTOR = LUCIANO
CAMPO ADICIONAL ATUALIZADO: NORMATIVO (ONLINE) - ACESSO = https://teams.microsoft.com/meet/252035871893270?p=l1vJ3D0n81QLLIoTom
CAMPO ADICIONAL ATUALIZADO: NORMATIVO (PRESENCIAL) - LOCAL = RUA SÃO QUIRINO, 758 - VILA GUILHERME - SÃO PAULO - SP
CAMPO ADICIONAL ATUALIZADO: NORMATIVO (PRESENCIAL) - DATA INÍCIO = 2026-05-15 00:00:00
CAMPO ADICIONAL ATUALIZADO: NORMATIVO (PRESENCIAL) - DATA TÉRMINO = 2026-05-18 00:00:00
CAMPO ADICIONAL ATUALIZADO: NORMATIVO (PRESENCIAL) - INSTRUTOR = LUCIANO
CAMPO ADICIONAL ATUALIZADO: 2ª RETIRADA - CARREGAMENTO - DATA DE CARREGAMENTO = 2026-05-19 00:00:00
CAMPO ADICIONAL ATUALIZADO: 2ª RETIRADA - CARREGAMENTO - LOCAL = RUA SÃO QUIRINO, 758 - VILA GUILHERME - SÃO PAULO - SP
CAMPO ADICIONAL ATUALIZADO: OPERAÇÃO - DATA DE OPERAÇÃO = 2026-05-20 00:00:00
CAMPO ADICIONAL ATUALIZADO: OPERAÇÃO - LOCAL = RUA SÃO QUIRINO, 758 - VILA GUILHERME - SÃO PAULO - SP
CAMPO ADICIONAL ATUALIZADO: CURSO TÉCNICO - MODALIDADE = -
CAMPO ADICIONAL ATUALIZADO: CURSO TÉCNICO - LOCAL = -
CAMPO ADICIONAL ATUALIZADO: CURSO TÉCNICO - DATA INÍCIO = -
CAMPO ADICIONAL ATUALIZADO: CURSO TÉCNICO - DATA TÉRMINO = -
CAMPO ADICIONAL ATUALIZADO: DUPLADO - DATA INÍCIO = -
CAMPO ADICIONAL ATUALIZADO: DUPLADO - DATA TÉRMINO = -
CAMPO ADICIONAL ATUALIZADO: DUPLADO - GER. REGIONAL = -
CAMPO ADICIONAL ATUALIZADO: DUPLADO - LOCAL DE APRESENTAÇÃO = -
CAMPO ADICIONAL ATUALIZADO: CURSO TÉCNICO RETORNO - MODALIDADE = -
CAMPO ADICIONAL ATUALIZADO: CURSO TÉCNICO RETORNO - LOCAL = -
CAMPO ADICIONAL ATUALIZADO: CURSO TÉCNICO RETORNO - DATA INÍCIO = -
CAMPO ADICIONAL ATUALIZADO: CURSO TÉCNICO RETORNO - INSTRUTOR = -
CAMPO ADICIONAL ATUALIZADO: CURSO TÉCNICO RETORNO - DATA TÉRMINO = -
CAMPO ADICIONAL ATUALIZADO: DUPLADO FASE 2 - DATA INÍCIO = -
CAMPO ADICIONAL ATUALIZADO: DUPLADO FASE 2 - DATA TÉRMINO = -
CAMPO ADICIONAL ATUALIZADO: DUPLADO FASE 2 - GER. REGIONAL = -
CAMPO ADICIONAL ATUALIZADO: DUPLADO FASE 2 - LOCAL DE APRESENTAÇÃO = -
Processando usuário existente: r061056 (Matrícula: 61056)
SENHA ATUALIZADA: r@56831
CAMPO ADICIONAL ATUALIZADO: CADASTRO - FUNÇÃO = AUX TELECOM
CAMPO ADICIONAL ATUALIZADO: CADASTRO - ADMISSÃO = 2026-05-06 00:00:00
CAMPO ADICIONAL ATUALIZADO: CADASTRO - GERENTE REGIONAL = ALEX SANDRO FERRAZ DE OLIVEIRA
CAMPO ADICIONAL ATUALIZADO: CADASTRO - GERENTE CORPORATIVO = PAULO HENRIQUE VALERIO DA SILVA
CAMPO ADICIONAL ATUALIZADO: INTEGRAÇÃO - MODALIDADE = PRESENCIAL
CAMPO ADICIONAL ATUALIZADO: INTEGRAÇÃO - LOCAL = RUA SÃO QUIRINO, 758 - VILA GUILHERME - SÃO PAULO - SP
CAMPO ADICIONAL ATUALIZADO: INTEGRAÇÃO - DATA INÍCIO = 2026-05-06 00:00:00
CAMPO ADICIONAL ATUALIZADO: INTEGRAÇÃO - DATA TÉRMINO = 2026-05-06 00:00:00
CAMPO ADICIONAL ATUALIZADO: INTEGRAÇÃO - INSTRUTOR = GELSIVAN
CAMPO ADICIONAL ATUALIZADO: 1ª RETIRADA - CARREGAMENTO - LOCAL = RUA SÃO QUIRINO, 758 - VILA GUILHERME - SÃO PAULO - SP
CAMPO ADICIONAL ATUALIZADO: 1ª RETIRADA - CARREGAMENTO - DATA DE CARREGAMENTO = 2026-05-13 00:00:00
CAMPO ADICIONAL ATUALIZADO: INTRODUÇÃO A SAÚDE E SEGURANÇA DO TRABALHO - MODALIDADE = ONLINE T2
CAMPO ADICIONAL ATUALIZADO: INTRODUÇÃO A SAÚDE E SEGURANÇA DO TRABALHO - LOCAL = https://teams.microsoft.com/meet/238144599512544?p=NPH77zpsohs8Eugsac
CAMPO ADICIONAL ATUALIZADO: INTRODUÇÃO A SAÚDE E SEGURANÇA DO TRABALHO - DATA INÍCIO = 2026-05-07 00:00:00
CAMPO ADICIONAL ATUALIZADO: INTRODUÇÃO A SAÚDE E SEGURANÇA DO TRABALHO - DATA TÉRMINO = 2026-05-07 00:00:00
CAMPO ADICIONAL ATUALIZADO: INTRODUÇÃO A SAÚDE E SEGURANÇA DO TRABALHO - INSTRUTOR = SESMT
CAMPO ADICIONAL ATUALIZADO: NORMATIVO (ONLINE) - DATA INÍCIO = 2026-05-08 00:00:00
CAMPO ADICIONAL ATUALIZADO: NORMATIVO (ONLINE) - DATA TÉRMINO = 2026-05-14 00:00:00
CAMPO ADICIONAL ATUALIZADO: NORMATIVO (ONLINE) - INSTRUTOR = LUCIANO
CAMPO ADICIONAL ATUALIZADO: NORMATIVO (ONLINE) - ACESSO = https://teams.microsoft.com/meet/252035871893270?p=l1vJ3D0n81QLLIoTom
CAMPO ADICIONAL ATUALIZADO: NORMATIVO (PRESENCIAL) - LOCAL = RUA SÃO QUIRINO, 758 - VILA GUILHERME - SÃO PAULO - SP
CAMPO ADICIONAL ATUALIZADO: NORMATIVO (PRESENCIAL) - DATA INÍCIO = 2026-05-15 00:00:00
CAMPO ADICIONAL ATUALIZADO: NORMATIVO (PRESENCIAL) - DATA TÉRMINO = 2026-05-18 00:00:00
CAMPO ADICIONAL ATUALIZADO: NORMATIVO (PRESENCIAL) - INSTRUTOR = LUCIANO
CAMPO ADICIONAL ATUALIZADO: 2ª RETIRADA - CARREGAMENTO - DATA DE CARREGAMENTO = 2026-05-19 00:00:00
CAMPO ADICIONAL ATUALIZADO: 2ª RETIRADA - CARREGAMENTO - LOCAL = RUA SÃO QUIRINO, 758 - VILA GUILHERME - SÃO PAULO - SP
CAMPO ADICIONAL ATUALIZADO: OPERAÇÃO - DATA DE OPERAÇÃO = 2026-05-20 00:00:00
CAMPO ADICIONAL ATUALIZADO: OPERAÇÃO - LOCAL = RUA SÃO QUIRINO, 758 - VILA GUILHERME - SÃO PAULO - SP
CAMPO ADICIONAL ATUALIZADO: CURSO TÉCNICO - MODALIDADE = -
CAMPO ADICIONAL ATUALIZADO: CURSO TÉCNICO - LOCAL = -
CAMPO ADICIONAL ATUALIZADO: CURSO TÉCNICO - DATA INÍCIO = -
CAMPO ADICIONAL ATUALIZADO: CURSO TÉCNICO - DATA TÉRMINO = -
CAMPO ADICIONAL ATUALIZADO: DUPLADO - DATA INÍCIO = -
CAMPO ADICIONAL ATUALIZADO: DUPLADO - DATA TÉRMINO = -
CAMPO ADICIONAL ATUALIZADO: DUPLADO - GER. REGIONAL = -
CAMPO ADICIONAL ATUALIZADO: DUPLADO - LOCAL DE APRESENTAÇÃO = -
CAMPO ADICIONAL ATUALIZADO: CURSO TÉCNICO RETORNO - MODALIDADE = -
CAMPO ADICIONAL ATUALIZADO: CURSO TÉCNICO RETORNO - LOCAL = -
CAMPO ADICIONAL ATUALIZADO: CURSO TÉCNICO RETORNO - DATA INÍCIO = -
CAMPO ADICIONAL ATUALIZADO: CURSO TÉCNICO RETORNO - INSTRUTOR = -
CAMPO ADICIONAL ATUALIZADO: CURSO TÉCNICO RETORNO - DATA TÉRMINO = -
CAMPO ADICIONAL ATUALIZADO: DUPLADO FASE 2 - DATA INÍCIO = -
CAMPO ADICIONAL ATUALIZADO: DUPLADO FASE 2 - DATA TÉRMINO = -
CAMPO ADICIONAL ATUALIZADO: DUPLADO FASE 2 - GER. REGIONAL = -
CAMPO ADICIONAL ATUALIZADO: DUPLADO FASE 2 - LOCAL DE APRESENTAÇÃO = -
Processando usuário existente: r061057 (Matrícula: 61057)
SENHA ATUALIZADA: r@38870
CAMPO ADICIONAL ATUALIZADO: CADASTRO - FUNÇÃO = AUX TELECOM
CAMPO ADICIONAL ATUALIZADO: CADASTRO - ADMISSÃO = 2026-05-06 00:00:00
CAMPO ADICIONAL ATUALIZADO: CADASTRO - GERENTE REGIONAL = ALEX SANDRO FERRAZ DE OLIVEIRA
CAMPO ADICIONAL ATUALIZADO: CADASTRO - GERENTE CORPORATIVO = PAULO HENRIQUE VALERIO DA SILVA
CAMPO ADICIONAL ATUALIZADO: INTEGRAÇÃO - MODALIDADE = PRESENCIAL
CAMPO ADICIONAL ATUALIZADO: INTEGRAÇÃO - LOCAL = RUA SÃO QUIRINO, 758 - VILA GUILHERME - SÃO PAULO - SP
CAMPO ADICIONAL ATUALIZADO: INTEGRAÇÃO - DATA INÍCIO = 2026-05-06 00:00:00
CAMPO ADICIONAL ATUALIZADO: INTEGRAÇÃO - DATA TÉRMINO = 2026-05-06 00:00:00
CAMPO ADICIONAL ATUALIZADO: INTEGRAÇÃO - INSTRUTOR = GELSIVAN
CAMPO ADICIONAL ATUALIZADO: 1ª RETIRADA - CARREGAMENTO - LOCAL = RUA SÃO QUIRINO, 758 - VILA GUILHERME - SÃO PAULO - SP
CAMPO ADICIONAL ATUALIZADO: 1ª RETIRADA - CARREGAMENTO - DATA DE CARREGAMENTO = 2026-05-13 00:00:00
CAMPO ADICIONAL ATUALIZADO: INTRODUÇÃO A SAÚDE E SEGURANÇA DO TRABALHO - MODALIDADE = ONLINE T2
CAMPO ADICIONAL ATUALIZADO: INTRODUÇÃO A SAÚDE E SEGURANÇA DO TRABALHO - LOCAL = https://teams.microsoft.com/meet/238144599512544?p=NPH77zpsohs8Eugsac
CAMPO ADICIONAL ATUALIZADO: INTRODUÇÃO A SAÚDE E SEGURANÇA DO TRABALHO - DATA INÍCIO = 2026-05-07 00:00:00
CAMPO ADICIONAL ATUALIZADO: INTRODUÇÃO A SAÚDE E SEGURANÇA DO TRABALHO - DATA TÉRMINO = 2026-05-07 00:00:00
CAMPO ADICIONAL ATUALIZADO: INTRODUÇÃO A SAÚDE E SEGURANÇA DO TRABALHO - INSTRUTOR = SESMT
CAMPO ADICIONAL ATUALIZADO: NORMATIVO (ONLINE) - DATA INÍCIO = 2026-05-08 00:00:00
CAMPO ADICIONAL ATUALIZADO: NORMATIVO (ONLINE) - DATA TÉRMINO = 2026-05-14 00:00:00
CAMPO ADICIONAL ATUALIZADO: NORMATIVO (ONLINE) - INSTRUTOR = LUCIANO
CAMPO ADICIONAL ATUALIZADO: NORMATIVO (ONLINE) - ACESSO = https://teams.microsoft.com/meet/252035871893270?p=l1vJ3D0n81QLLIoTom
CAMPO ADICIONAL ATUALIZADO: NORMATIVO (PRESENCIAL) - LOCAL = RUA SÃO QUIRINO, 758 - VILA GUILHERME - SÃO PAULO - SP
CAMPO ADICIONAL ATUALIZADO: NORMATIVO (PRESENCIAL) - DATA INÍCIO = 2026-05-15 00:00:00
CAMPO ADICIONAL ATUALIZADO: NORMATIVO (PRESENCIAL) - DATA TÉRMINO = 2026-05-18 00:00:00
CAMPO ADICIONAL ATUALIZADO: NORMATIVO (PRESENCIAL) - INSTRUTOR = LUCIANO
CAMPO ADICIONAL ATUALIZADO: 2ª RETIRADA - CARREGAMENTO - DATA DE CARREGAMENTO = 2026-05-19 00:00:00
CAMPO ADICIONAL ATUALIZADO: 2ª RETIRADA - CARREGAMENTO - LOCAL = RUA SÃO QUIRINO, 758 - VILA GUILHERME - SÃO PAULO - SP
CAMPO ADICIONAL ATUALIZADO: OPERAÇÃO - DATA DE OPERAÇÃO = 2026-05-20 00:00:00
CAMPO ADICIONAL ATUALIZADO: OPERAÇÃO - LOCAL = RUA SÃO QUIRINO, 758 - VILA GUILHERME - SÃO PAULO - SP
CAMPO ADICIONAL ATUALIZADO: CURSO TÉCNICO - MODALIDADE = -
CAMPO ADICIONAL ATUALIZADO: CURSO TÉCNICO - LOCAL = -
CAMPO ADICIONAL ATUALIZADO: CURSO TÉCNICO - DATA INÍCIO = -
CAMPO ADICIONAL ATUALIZADO: CURSO TÉCNICO - DATA TÉRMINO = -
CAMPO ADICIONAL ATUALIZADO: DUPLADO - DATA INÍCIO = -
CAMPO ADICIONAL ATUALIZADO: DUPLADO - DATA TÉRMINO = -
CAMPO ADICIONAL ATUALIZADO: DUPLADO - GER. REGIONAL = -
CAMPO ADICIONAL ATUALIZADO: DUPLADO - LOCAL DE APRESENTAÇÃO = -
CAMPO ADICIONAL ATUALIZADO: CURSO TÉCNICO RETORNO - MODALIDADE = -
CAMPO ADICIONAL ATUALIZADO: CURSO TÉCNICO RETORNO - LOCAL = -
CAMPO ADICIONAL ATUALIZADO: CURSO TÉCNICO RETORNO - DATA INÍCIO = -
CAMPO ADICIONAL ATUALIZADO: CURSO TÉCNICO RETORNO - INSTRUTOR = -
CAMPO ADICIONAL ATUALIZADO: CURSO TÉCNICO RETORNO - DATA TÉRMINO = -
CAMPO ADICIONAL ATUALIZADO: DUPLADO FASE 2 - DATA INÍCIO = -
CAMPO ADICIONAL ATUALIZADO: DUPLADO FASE 2 - DATA TÉRMINO = -
CAMPO ADICIONAL ATUALIZADO: DUPLADO FASE 2 - GER. REGIONAL = -
CAMPO ADICIONAL ATUALIZADO: DUPLADO FASE 2 - LOCAL DE APRESENTAÇÃO = -
Processando usuário existente: r061065 (Matrícula: 61065)
SENHA ATUALIZADA: r@79802
CAMPO ADICIONAL ATUALIZADO: CADASTRO - FUNÇÃO = AUX TELECOM
CAMPO ADICIONAL ATUALIZADO: CADASTRO - ADMISSÃO = 2026-05-06 00:00:00
CAMPO ADICIONAL ATUALIZADO: CADASTRO - GERENTE REGIONAL = EDVAN PEREIRA DA ROCHA
CAMPO ADICIONAL ATUALIZADO: CADASTRO - GERENTE CORPORATIVO = PAULO HENRIQUE VALERIO DA SILVA
CAMPO ADICIONAL ATUALIZADO: INTEGRAÇÃO - MODALIDADE = PRESENCIAL
CAMPO ADICIONAL ATUALIZADO: INTEGRAÇÃO - LOCAL = RUA SÃO QUIRINO, 758 - VILA GUILHERME - SÃO PAULO - SP
CAMPO ADICIONAL ATUALIZADO: INTEGRAÇÃO - DATA INÍCIO = 2026-05-06 00:00:00
CAMPO ADICIONAL ATUALIZADO: INTEGRAÇÃO - DATA TÉRMINO = 2026-05-06 00:00:00
CAMPO ADICIONAL ATUALIZADO: INTEGRAÇÃO - INSTRUTOR = GELSIVAN
CAMPO ADICIONAL ATUALIZADO: 1ª RETIRADA - CARREGAMENTO - LOCAL = RUA SÃO QUIRINO, 758 - VILA GUILHERME - SÃO PAULO - SP
CAMPO ADICIONAL ATUALIZADO: 1ª RETIRADA - CARREGAMENTO - DATA DE CARREGAMENTO = 2026-05-13 00:00:00
CAMPO ADICIONAL ATUALIZADO: INTRODUÇÃO A SAÚDE E SEGURANÇA DO TRABALHO - MODALIDADE = ONLINE T2
CAMPO ADICIONAL ATUALIZADO: INTRODUÇÃO A SAÚDE E SEGURANÇA DO TRABALHO - LOCAL = https://teams.microsoft.com/meet/238144599512544?p=NPH77zpsohs8Eugsac
CAMPO ADICIONAL ATUALIZADO: INTRODUÇÃO A SAÚDE E SEGURANÇA DO TRABALHO - DATA INÍCIO = 2026-05-07 00:00:00
CAMPO ADICIONAL ATUALIZADO: INTRODUÇÃO A SAÚDE E SEGURANÇA DO TRABALHO - DATA TÉRMINO = 2026-05-07 00:00:00
CAMPO ADICIONAL ATUALIZADO: INTRODUÇÃO A SAÚDE E SEGURANÇA DO TRABALHO - INSTRUTOR = SESMT
CAMPO ADICIONAL ATUALIZADO: NORMATIVO (ONLINE) - DATA INÍCIO = 2026-05-08 00:00:00
CAMPO ADICIONAL ATUALIZADO: NORMATIVO (ONLINE) - DATA TÉRMINO = 2026-05-14 00:00:00
CAMPO ADICIONAL ATUALIZADO: NORMATIVO (ONLINE) - INSTRUTOR = LUCIANO
CAMPO ADICIONAL ATUALIZADO: NORMATIVO (ONLINE) - ACESSO = https://teams.microsoft.com/meet/252035871893270?p=l1vJ3D0n81QLLIoTom
CAMPO ADICIONAL ATUALIZADO: NORMATIVO (PRESENCIAL) - LOCAL = RUA SÃO QUIRINO, 758 - VILA GUILHERME - SÃO PAULO - SP
CAMPO ADICIONAL ATUALIZADO: NORMATIVO (PRESENCIAL) - DATA INÍCIO = 2026-05-15 00:00:00
CAMPO ADICIONAL ATUALIZADO: NORMATIVO (PRESENCIAL) - DATA TÉRMINO = 2026-05-18 00:00:00
CAMPO ADICIONAL ATUALIZADO: NORMATIVO (PRESENCIAL) - INSTRUTOR = LUCIANO
CAMPO ADICIONAL ATUALIZADO: 2ª RETIRADA - CARREGAMENTO - DATA DE CARREGAMENTO = 2026-05-19 00:00:00
CAMPO ADICIONAL ATUALIZADO: 2ª RETIRADA - CARREGAMENTO - LOCAL = RUA SÃO QUIRINO, 758 - VILA GUILHERME - SÃO PAULO - SP
CAMPO ADICIONAL ATUALIZADO: OPERAÇÃO - DATA DE OPERAÇÃO = 2026-05-20 00:00:00
CAMPO ADICIONAL ATUALIZADO: OPERAÇÃO - LOCAL = RUA SÃO QUIRINO, 758 - VILA GUILHERME - SÃO PAULO - SP
CAMPO ADICIONAL ATUALIZADO: CURSO TÉCNICO - MODALIDADE = -
CAMPO ADICIONAL ATUALIZADO: CURSO TÉCNICO - LOCAL = -
CAMPO ADICIONAL ATUALIZADO: CURSO TÉCNICO - DATA INÍCIO = -
CAMPO ADICIONAL ATUALIZADO: CURSO TÉCNICO - DATA TÉRMINO = -
CAMPO ADICIONAL ATUALIZADO: DUPLADO - DATA INÍCIO = -
CAMPO ADICIONAL ATUALIZADO: DUPLADO - DATA TÉRMINO = -
CAMPO ADICIONAL ATUALIZADO: DUPLADO - GER. REGIONAL = -
CAMPO ADICIONAL ATUALIZADO: DUPLADO - LOCAL DE APRESENTAÇÃO = -
CAMPO ADICIONAL ATUALIZADO: CURSO TÉCNICO RETORNO - MODALIDADE = -
CAMPO ADICIONAL ATUALIZADO: CURSO TÉCNICO RETORNO - LOCAL = -
CAMPO ADICIONAL ATUALIZADO: CURSO TÉCNICO RETORNO - DATA INÍCIO = -
CAMPO ADICIONAL ATUALIZADO: CURSO TÉCNICO RETORNO - INSTRUTOR = -
CAMPO ADICIONAL ATUALIZADO: CURSO TÉCNICO RETORNO - DATA TÉRMINO = -
CAMPO ADICIONAL ATUALIZADO: DUPLADO FASE 2 - DATA INÍCIO = -
CAMPO ADICIONAL ATUALIZADO: DUPLADO FASE 2 - DATA TÉRMINO = -
CAMPO ADICIONAL ATUALIZADO: DUPLADO FASE 2 - GER. REGIONAL = -
CAMPO ADICIONAL ATUALIZADO: DUPLADO FASE 2 - LOCAL DE APRESENTAÇÃO = -
Processando usuário existente: r061088 (Matrícula: 61088)
SENHA ATUALIZADA: r@34848
CAMPO ADICIONAL ATUALIZADO: CADASTRO - FUNÇÃO = AUX TELECOM
CAMPO ADICIONAL ATUALIZADO: CADASTRO - ADMISSÃO = 2026-05-06 00:00:00
CAMPO ADICIONAL ATUALIZADO: CADASTRO - GERENTE REGIONAL = EDVAN PEREIRA DA ROCHA
CAMPO ADICIONAL ATUALIZADO: CADASTRO - GERENTE CORPORATIVO = PAULO HENRIQUE VALERIO DA SILVA
CAMPO ADICIONAL ATUALIZADO: INTEGRAÇÃO - MODALIDADE = PRESENCIAL
CAMPO ADICIONAL ATUALIZADO: INTEGRAÇÃO - LOCAL = RUA SÃO QUIRINO, 758 - VILA GUILHERME - SÃO PAULO - SP
CAMPO ADICIONAL ATUALIZADO: INTEGRAÇÃO - DATA INÍCIO = 2026-05-06 00:00:00
CAMPO ADICIONAL ATUALIZADO: INTEGRAÇÃO - DATA TÉRMINO = 2026-05-06 00:00:00
CAMPO ADICIONAL ATUALIZADO: INTEGRAÇÃO - INSTRUTOR = GELSIVAN
CAMPO ADICIONAL ATUALIZADO: 1ª RETIRADA - CARREGAMENTO - LOCAL = RUA SÃO QUIRINO, 758 - VILA GUILHERME - SÃO PAULO - SP
CAMPO ADICIONAL ATUALIZADO: 1ª RETIRADA - CARREGAMENTO - DATA DE CARREGAMENTO = 2026-05-13 00:00:00
CAMPO ADICIONAL ATUALIZADO: INTRODUÇÃO A SAÚDE E SEGURANÇA DO TRABALHO - MODALIDADE = ONLINE T2
CAMPO ADICIONAL ATUALIZADO: INTRODUÇÃO A SAÚDE E SEGURANÇA DO TRABALHO - LOCAL = https://teams.microsoft.com/meet/238144599512544?p=NPH77zpsohs8Eugsac
CAMPO ADICIONAL ATUALIZADO: INTRODUÇÃO A SAÚDE E SEGURANÇA DO TRABALHO - DATA INÍCIO = 2026-05-07 00:00:00
CAMPO ADICIONAL ATUALIZADO: INTRODUÇÃO A SAÚDE E SEGURANÇA DO TRABALHO - DATA TÉRMINO = 2026-05-07 00:00:00
CAMPO ADICIONAL ATUALIZADO: INTRODUÇÃO A SAÚDE E SEGURANÇA DO TRABALHO - INSTRUTOR = SESMT
CAMPO ADICIONAL ATUALIZADO: NORMATIVO (ONLINE) - DATA INÍCIO = 2026-05-08 00:00:00
CAMPO ADICIONAL ATUALIZADO: NORMATIVO (ONLINE) - DATA TÉRMINO = 2026-05-14 00:00:00
CAMPO ADICIONAL ATUALIZADO: NORMATIVO (ONLINE) - INSTRUTOR = LUCIANO
CAMPO ADICIONAL ATUALIZADO: NORMATIVO (ONLINE) - ACESSO = https://teams.microsoft.com/meet/252035871893270?p=l1vJ3D0n81QLLIoTom
CAMPO ADICIONAL ATUALIZADO: NORMATIVO (PRESENCIAL) - LOCAL = RUA SÃO QUIRINO, 758 - VILA GUILHERME - SÃO PAULO - SP
CAMPO ADICIONAL ATUALIZADO: NORMATIVO (PRESENCIAL) - DATA INÍCIO = 2026-05-15 00:00:00
CAMPO ADICIONAL ATUALIZADO: NORMATIVO (PRESENCIAL) - DATA TÉRMINO = 2026-05-18 00:00:00
CAMPO ADICIONAL ATUALIZADO: NORMATIVO (PRESENCIAL) - INSTRUTOR = LUCIANO
CAMPO ADICIONAL ATUALIZADO: 2ª RETIRADA - CARREGAMENTO - DATA DE CARREGAMENTO = 2026-05-19 00:00:00
CAMPO ADICIONAL ATUALIZADO: 2ª RETIRADA - CARREGAMENTO - LOCAL = RUA SÃO QUIRINO, 758 - VILA GUILHERME - SÃO PAULO - SP
CAMPO ADICIONAL ATUALIZADO: OPERAÇÃO - DATA DE OPERAÇÃO = 2026-05-20 00:00:00
CAMPO ADICIONAL ATUALIZADO: OPERAÇÃO - LOCAL = RUA SÃO QUIRINO, 758 - VILA GUILHERME - SÃO PAULO - SP
CAMPO ADICIONAL ATUALIZADO: CURSO TÉCNICO - MODALIDADE = -
CAMPO ADICIONAL ATUALIZADO: CURSO TÉCNICO - LOCAL = -
CAMPO ADICIONAL ATUALIZADO: CURSO TÉCNICO - DATA INÍCIO = -
CAMPO ADICIONAL ATUALIZADO: CURSO TÉCNICO - DATA TÉRMINO = -
CAMPO ADICIONAL ATUALIZADO: DUPLADO - DATA INÍCIO = -
CAMPO ADICIONAL ATUALIZADO: DUPLADO - DATA TÉRMINO = -
CAMPO ADICIONAL ATUALIZADO: DUPLADO - GER. REGIONAL = -
CAMPO ADICIONAL ATUALIZADO: DUPLADO - LOCAL DE APRESENTAÇÃO = -
CAMPO ADICIONAL ATUALIZADO: CURSO TÉCNICO RETORNO - MODALIDADE = -
CAMPO ADICIONAL ATUALIZADO: CURSO TÉCNICO RETORNO - LOCAL = -
CAMPO ADICIONAL ATUALIZADO: CURSO TÉCNICO RETORNO - DATA INÍCIO = -
CAMPO ADICIONAL ATUALIZADO: CURSO TÉCNICO RETORNO - INSTRUTOR = -
CAMPO ADICIONAL ATUALIZADO: CURSO TÉCNICO RETORNO - DATA TÉRMINO = -
CAMPO ADICIONAL ATUALIZADO: DUPLADO FASE 2 - DATA INÍCIO = -
CAMPO ADICIONAL ATUALIZADO: DUPLADO FASE 2 - DATA TÉRMINO = -
CAMPO ADICIONAL ATUALIZADO: DUPLADO FASE 2 - GER. REGIONAL = -
CAMPO ADICIONAL ATUALIZADO: DUPLADO FASE 2 - LOCAL DE APRESENTAÇÃO = -
Processando usuário existente: r061089 (Matrícula: 61089)
SENHA ATUALIZADA: r@24829
CAMPO ADICIONAL ATUALIZADO: CADASTRO - FUNÇÃO = AUX TELECOM
CAMPO ADICIONAL ATUALIZADO: CADASTRO - ADMISSÃO = 2026-05-06 00:00:00
CAMPO ADICIONAL ATUALIZADO: CADASTRO - GERENTE REGIONAL = EDERSON DOS SANTOS MAGALHAES
CAMPO ADICIONAL ATUALIZADO: CADASTRO - GERENTE CORPORATIVO = FRANCISCO ADOLFO ZAMPOL DE MARCO
CAMPO ADICIONAL ATUALIZADO: INTEGRAÇÃO - MODALIDADE = PRESENCIAL
CAMPO ADICIONAL ATUALIZADO: INTEGRAÇÃO - LOCAL = RUA SÃO QUIRINO, 758 - VILA GUILHERME - SÃO PAULO - SP
CAMPO ADICIONAL ATUALIZADO: INTEGRAÇÃO - DATA INÍCIO = 2026-05-06 00:00:00
CAMPO ADICIONAL ATUALIZADO: INTEGRAÇÃO - DATA TÉRMINO = 2026-05-06 00:00:00
CAMPO ADICIONAL ATUALIZADO: INTEGRAÇÃO - INSTRUTOR = GELSIVAN
CAMPO ADICIONAL ATUALIZADO: 1ª RETIRADA - CARREGAMENTO - LOCAL = RUA SÃO QUIRINO, 758 - VILA GUILHERME - SÃO PAULO - SP
CAMPO ADICIONAL ATUALIZADO: 1ª RETIRADA - CARREGAMENTO - DATA DE CARREGAMENTO = 2026-05-13 00:00:00
CAMPO ADICIONAL ATUALIZADO: INTRODUÇÃO A SAÚDE E SEGURANÇA DO TRABALHO - MODALIDADE = ONLINE T2
CAMPO ADICIONAL ATUALIZADO: INTRODUÇÃO A SAÚDE E SEGURANÇA DO TRABALHO - LOCAL = https://teams.microsoft.com/meet/238144599512544?p=NPH77zpsohs8Eugsac
CAMPO ADICIONAL ATUALIZADO: INTRODUÇÃO A SAÚDE E SEGURANÇA DO TRABALHO - DATA INÍCIO = 2026-05-07 00:00:00
CAMPO ADICIONAL ATUALIZADO: INTRODUÇÃO A SAÚDE E SEGURANÇA DO TRABALHO - DATA TÉRMINO = 2026-05-07 00:00:00
CAMPO ADICIONAL ATUALIZADO: INTRODUÇÃO A SAÚDE E SEGURANÇA DO TRABALHO - INSTRUTOR = SESMT
CAMPO ADICIONAL ATUALIZADO: NORMATIVO (ONLINE) - DATA INÍCIO = 2026-05-08 00:00:00
CAMPO ADICIONAL ATUALIZADO: NORMATIVO (ONLINE) - DATA TÉRMINO = 2026-05-14 00:00:00
CAMPO ADICIONAL ATUALIZADO: NORMATIVO (ONLINE) - INSTRUTOR = LUCIANO
CAMPO ADICIONAL ATUALIZADO: NORMATIVO (ONLINE) - ACESSO = https://teams.microsoft.com/meet/252035871893270?p=l1vJ3D0n81QLLIoTom
CAMPO ADICIONAL ATUALIZADO: NORMATIVO (PRESENCIAL) - LOCAL = RUA SÃO QUIRINO, 758 - VILA GUILHERME - SÃO PAULO - SP
CAMPO ADICIONAL ATUALIZADO: NORMATIVO (PRESENCIAL) - DATA INÍCIO = 2026-05-15 00:00:00
CAMPO ADICIONAL ATUALIZADO: NORMATIVO (PRESENCIAL) - DATA TÉRMINO = 2026-05-18 00:00:00
CAMPO ADICIONAL ATUALIZADO: NORMATIVO (PRESENCIAL) - INSTRUTOR = LUCIANO
CAMPO ADICIONAL ATUALIZADO: 2ª RETIRADA - CARREGAMENTO - DATA DE CARREGAMENTO = 2026-05-19 00:00:00
CAMPO ADICIONAL ATUALIZADO: 2ª RETIRADA - CARREGAMENTO - LOCAL = RUA SÃO QUIRINO, 758 - VILA GUILHERME - SÃO PAULO - SP
CAMPO ADICIONAL ATUALIZADO: OPERAÇÃO - DATA DE OPERAÇÃO = 2026-05-20 00:00:00
CAMPO ADICIONAL ATUALIZADO: OPERAÇÃO - LOCAL = RUA SÃO QUIRINO, 758 - VILA GUILHERME - SÃO PAULO - SP
CAMPO ADICIONAL ATUALIZADO: CURSO TÉCNICO - MODALIDADE = -
CAMPO ADICIONAL ATUALIZADO: CURSO TÉCNICO - LOCAL = -
CAMPO ADICIONAL ATUALIZADO: CURSO TÉCNICO - DATA INÍCIO = -
CAMPO ADICIONAL ATUALIZADO: CURSO TÉCNICO - DATA TÉRMINO = -
CAMPO ADICIONAL ATUALIZADO: DUPLADO - DATA INÍCIO = -
CAMPO ADICIONAL ATUALIZADO: DUPLADO - DATA TÉRMINO = -
CAMPO ADICIONAL ATUALIZADO: DUPLADO - GER. REGIONAL = -
CAMPO ADICIONAL ATUALIZADO: DUPLADO - LOCAL DE APRESENTAÇÃO = -
CAMPO ADICIONAL ATUALIZADO: CURSO TÉCNICO RETORNO - MODALIDADE = -
CAMPO ADICIONAL ATUALIZADO: CURSO TÉCNICO RETORNO - LOCAL = -
CAMPO ADICIONAL ATUALIZADO: CURSO TÉCNICO RETORNO - DATA INÍCIO = -
CAMPO ADICIONAL ATUALIZADO: CURSO TÉCNICO RETORNO - INSTRUTOR = -
CAMPO ADICIONAL ATUALIZADO: CURSO TÉCNICO RETORNO - DATA TÉRMINO = -
CAMPO ADICIONAL ATUALIZADO: DUPLADO FASE 2 - DATA INÍCIO = -
CAMPO ADICIONAL ATUALIZADO: DUPLADO FASE 2 - DATA TÉRMINO = -
CAMPO ADICIONAL ATUALIZADO: DUPLADO FASE 2 - GER. REGIONAL = -
CAMPO ADICIONAL ATUALIZADO: DUPLADO FASE 2 - LOCAL DE APRESENTAÇÃO = -
Processando usuário existente: r061066 (Matrícula: 61066)
SENHA ATUALIZADA: r@68814
CAMPO ADICIONAL ATUALIZADO: CADASTRO - FUNÇÃO = MULTI SKILL OPT CON
CAMPO ADICIONAL ATUALIZADO: CADASTRO - ADMISSÃO = 2026-05-06 00:00:00
CAMPO ADICIONAL ATUALIZADO: CADASTRO - GERENTE REGIONAL = ANDRE FLOR GOMES
CAMPO ADICIONAL ATUALIZADO: CADASTRO - GERENTE CORPORATIVO = ODLEI RICARDO DOS REIS
CAMPO ADICIONAL ATUALIZADO: INTEGRAÇÃO - MODALIDADE = PRESENCIAL
CAMPO ADICIONAL ATUALIZADO: INTEGRAÇÃO - LOCAL = RUA SÃO QUIRINO, 758 - VILA GUILHERME - SÃO PAULO - SP
CAMPO ADICIONAL ATUALIZADO: INTEGRAÇÃO - DATA INÍCIO = 2026-05-06 00:00:00
CAMPO ADICIONAL ATUALIZADO: INTEGRAÇÃO - DATA TÉRMINO = 2026-05-06 00:00:00
CAMPO ADICIONAL ATUALIZADO: INTEGRAÇÃO - INSTRUTOR = GELSIVAN
CAMPO ADICIONAL ATUALIZADO: 1ª RETIRADA - CARREGAMENTO - LOCAL = RUA ÁLVARO ALVIM, 1123 - PAULICÉIA - SÃO BERNARDO DO CAMPO - SP
CAMPO ADICIONAL ATUALIZADO: 1ª RETIRADA - CARREGAMENTO - DATA DE CARREGAMENTO = 2026-05-13 00:00:00
CAMPO ADICIONAL ATUALIZADO: INTRODUÇÃO A SAÚDE E SEGURANÇA DO TRABALHO - MODALIDADE = ONLINE T2
CAMPO ADICIONAL ATUALIZADO: INTRODUÇÃO A SAÚDE E SEGURANÇA DO TRABALHO - LOCAL = https://teams.microsoft.com/meet/238144599512544?p=NPH77zpsohs8Eugsac
CAMPO ADICIONAL ATUALIZADO: INTRODUÇÃO A SAÚDE E SEGURANÇA DO TRABALHO - DATA INÍCIO = 2026-05-07 00:00:00
CAMPO ADICIONAL ATUALIZADO: INTRODUÇÃO A SAÚDE E SEGURANÇA DO TRABALHO - DATA TÉRMINO = 2026-05-07 00:00:00
CAMPO ADICIONAL ATUALIZADO: INTRODUÇÃO A SAÚDE E SEGURANÇA DO TRABALHO - INSTRUTOR = SESMT
CAMPO ADICIONAL ATUALIZADO: NORMATIVO (ONLINE) - DATA INÍCIO = 2026-05-08 00:00:00
CAMPO ADICIONAL ATUALIZADO: NORMATIVO (ONLINE) - DATA TÉRMINO = 2026-05-12 00:00:00
CAMPO ADICIONAL ATUALIZADO: NORMATIVO (ONLINE) - INSTRUTOR = RODRIGO
CAMPO ADICIONAL ATUALIZADO: NORMATIVO (ONLINE) - ACESSO = https://teams.microsoft.com/meet/223076657036901?p=MZm9fP8B2rcltNC8uf
CAMPO ADICIONAL ATUALIZADO: NORMATIVO (PRESENCIAL) - LOCAL = RUA ÁLVARO ALVIM, 1123 - PAULICÉIA - SÃO BERNARDO DO CAMPO - SP
CAMPO ADICIONAL ATUALIZADO: NORMATIVO (PRESENCIAL) - DATA INÍCIO = 2026-05-13 00:00:00
CAMPO ADICIONAL ATUALIZADO: NORMATIVO (PRESENCIAL) - DATA TÉRMINO = 2026-05-14 00:00:00
CAMPO ADICIONAL ATUALIZADO: NORMATIVO (PRESENCIAL) - INSTRUTOR = RODRIGO
CAMPO ADICIONAL ATUALIZADO: 2ª RETIRADA - CARREGAMENTO - DATA DE CARREGAMENTO = 2026-06-09 00:00:00
CAMPO ADICIONAL ATUALIZADO: 2ª RETIRADA - CARREGAMENTO - LOCAL = RUA SÃO QUIRINO, 758 - VILA GUILHERME - SÃO PAULO - SP
CAMPO ADICIONAL ATUALIZADO: OPERAÇÃO - DATA DE OPERAÇÃO = 2026-06-10 00:00:00
CAMPO ADICIONAL ATUALIZADO: OPERAÇÃO - LOCAL = RUA ÁLVARO ALVIM, 1123 - PAULICÉIA - SÃO BERNARDO DO CAMPO - SP
CAMPO ADICIONAL ATUALIZADO: CURSO TÉCNICO - MODALIDADE = PRESENCIAL
CAMPO ADICIONAL ATUALIZADO: CURSO TÉCNICO - LOCAL = RUA SÃO QUIRINO, 758 - VILA GUILHERME - SÃO PAULO - SP
CAMPO ADICIONAL ATUALIZADO: CURSO TÉCNICO - DATA INÍCIO = 2026-05-15 00:00:00
CAMPO ADICIONAL ATUALIZADO: CURSO TÉCNICO - DATA TÉRMINO = 2026-05-20 00:00:00
CAMPO ADICIONAL ATUALIZADO: CURSO TÉCNICO - INSTRUTOR = 2026 VIVO T41 GLAUCIO BVG
CAMPO ADICIONAL ATUALIZADO: DUPLADO - DATA INÍCIO = 2026-05-21 00:00:00
CAMPO ADICIONAL ATUALIZADO: DUPLADO - DATA TÉRMINO = 2026-06-03 00:00:00
CAMPO ADICIONAL ATUALIZADO: DUPLADO - GER. REGIONAL = -
CAMPO ADICIONAL ATUALIZADO: DUPLADO - LOCAL DE APRESENTAÇÃO = RUA ÁLVARO ALVIM, 1123 - PAULICÉIA - SÃO BERNARDO DO CAMPO - SP
CAMPO ADICIONAL ATUALIZADO: CURSO TÉCNICO RETORNO - MODALIDADE = PRESENCIAL
CAMPO ADICIONAL ATUALIZADO: CURSO TÉCNICO RETORNO - LOCAL = RUA ÁLVARO ALVIM, 1123 - PAULICÉIA - SÃO BERNARDO DO CAMPO - SP
CAMPO ADICIONAL ATUALIZADO: CURSO TÉCNICO RETORNO - DATA INÍCIO = 2026-06-05 00:00:00
CAMPO ADICIONAL ATUALIZADO: CURSO TÉCNICO RETORNO - INSTRUTOR = 2026 VIVO T41 GLAUCIO BVG
CAMPO ADICIONAL ATUALIZADO: CURSO TÉCNICO RETORNO - DATA TÉRMINO = 2026-06-08 00:00:00
CAMPO ADICIONAL ATUALIZADO: DUPLADO FASE 2 - DATA INÍCIO = -
CAMPO ADICIONAL ATUALIZADO: DUPLADO FASE 2 - DATA TÉRMINO = -
CAMPO ADICIONAL ATUALIZADO: DUPLADO FASE 2 - GER. REGIONAL = -
CAMPO ADICIONAL ATUALIZADO: DUPLADO FASE 2 - LOCAL DE APRESENTAÇÃO = -
Processando usuário existente: r061067 (Matrícula: 61067)
SENHA ATUALIZADA: r@63852
CAMPO ADICIONAL ATUALIZADO: CADASTRO - FUNÇÃO = MULTI SKILL OPT CON
CAMPO ADICIONAL ATUALIZADO: CADASTRO - ADMISSÃO = 2026-05-06 00:00:00
CAMPO ADICIONAL ATUALIZADO: CADASTRO - GERENTE REGIONAL = ANDRE FLOR GOMES
CAMPO ADICIONAL ATUALIZADO: CADASTRO - GERENTE CORPORATIVO = ODLEI RICARDO DOS REIS
CAMPO ADICIONAL ATUALIZADO: INTEGRAÇÃO - MODALIDADE = PRESENCIAL
CAMPO ADICIONAL ATUALIZADO: INTEGRAÇÃO - LOCAL = RUA SÃO QUIRINO, 758 - VILA GUILHERME - SÃO PAULO - SP
CAMPO ADICIONAL ATUALIZADO: INTEGRAÇÃO - DATA INÍCIO = 2026-05-06 00:00:00
CAMPO ADICIONAL ATUALIZADO: INTEGRAÇÃO - DATA TÉRMINO = 2026-05-06 00:00:00
CAMPO ADICIONAL ATUALIZADO: INTEGRAÇÃO - INSTRUTOR = GELSIVAN
CAMPO ADICIONAL ATUALIZADO: 1ª RETIRADA - CARREGAMENTO - LOCAL = RUA SÃO QUIRINO, 758 - VILA GUILHERME - SÃO PAULO - SP
CAMPO ADICIONAL ATUALIZADO: 1ª RETIRADA - CARREGAMENTO - DATA DE CARREGAMENTO = 2026-05-13 00:00:00
CAMPO ADICIONAL ATUALIZADO: INTRODUÇÃO A SAÚDE E SEGURANÇA DO TRABALHO - MODALIDADE = ONLINE T2
CAMPO ADICIONAL ATUALIZADO: INTRODUÇÃO A SAÚDE E SEGURANÇA DO TRABALHO - LOCAL = https://teams.microsoft.com/meet/238144599512544?p=NPH77zpsohs8Eugsac
CAMPO ADICIONAL ATUALIZADO: INTRODUÇÃO A SAÚDE E SEGURANÇA DO TRABALHO - DATA INÍCIO = 2026-05-07 00:00:00
CAMPO ADICIONAL ATUALIZADO: INTRODUÇÃO A SAÚDE E SEGURANÇA DO TRABALHO - DATA TÉRMINO = 2026-05-07 00:00:00
CAMPO ADICIONAL ATUALIZADO: INTRODUÇÃO A SAÚDE E SEGURANÇA DO TRABALHO - INSTRUTOR = SESMT
CAMPO ADICIONAL ATUALIZADO: NORMATIVO (ONLINE) - DATA INÍCIO = 2026-05-08 00:00:00
CAMPO ADICIONAL ATUALIZADO: NORMATIVO (ONLINE) - DATA TÉRMINO = 2026-05-12 00:00:00
CAMPO ADICIONAL ATUALIZADO: NORMATIVO (ONLINE) - INSTRUTOR = RODRIGO
CAMPO ADICIONAL ATUALIZADO: NORMATIVO (ONLINE) - ACESSO = https://teams.microsoft.com/meet/223076657036901?p=MZm9fP8B2rcltNC8uf
CAMPO ADICIONAL ATUALIZADO: NORMATIVO (PRESENCIAL) - LOCAL = RUA SÃO QUIRINO, 758 - VILA GUILHERME - SÃO PAULO - SP
CAMPO ADICIONAL ATUALIZADO: NORMATIVO (PRESENCIAL) - DATA INÍCIO = 2026-05-13 00:00:00
CAMPO ADICIONAL ATUALIZADO: NORMATIVO (PRESENCIAL) - DATA TÉRMINO = 2026-05-14 00:00:00
CAMPO ADICIONAL ATUALIZADO: NORMATIVO (PRESENCIAL) - INSTRUTOR = RODRIGO
CAMPO ADICIONAL ATUALIZADO: 2ª RETIRADA - CARREGAMENTO - DATA DE CARREGAMENTO = 2026-06-09 00:00:00
CAMPO ADICIONAL ATUALIZADO: 2ª RETIRADA - CARREGAMENTO - LOCAL = RUA SÃO QUIRINO, 758 - VILA GUILHERME - SÃO PAULO - SP
CAMPO ADICIONAL ATUALIZADO: OPERAÇÃO - DATA DE OPERAÇÃO = 2026-06-10 00:00:00
CAMPO ADICIONAL ATUALIZADO: OPERAÇÃO - LOCAL = RUA ÁLVARO ALVIM, 1123 - PAULICÉIA - SÃO BERNARDO DO CAMPO - SP
CAMPO ADICIONAL ATUALIZADO: CURSO TÉCNICO - MODALIDADE = PRESENCIAL
CAMPO ADICIONAL ATUALIZADO: CURSO TÉCNICO - LOCAL = RUA SÃO QUIRINO, 758 - VILA GUILHERME - SÃO PAULO - SP
CAMPO ADICIONAL ATUALIZADO: CURSO TÉCNICO - DATA INÍCIO = 2026-05-15 00:00:00
CAMPO ADICIONAL ATUALIZADO: CURSO TÉCNICO - DATA TÉRMINO = 2026-05-20 00:00:00
CAMPO ADICIONAL ATUALIZADO: CURSO TÉCNICO - INSTRUTOR = 2026 VIVO T41 GLAUCIO BVG
CAMPO ADICIONAL ATUALIZADO: DUPLADO - DATA INÍCIO = 2026-05-21 00:00:00
CAMPO ADICIONAL ATUALIZADO: DUPLADO - DATA TÉRMINO = 2026-06-03 00:00:00
CAMPO ADICIONAL ATUALIZADO: DUPLADO - GER. REGIONAL = -
CAMPO ADICIONAL ATUALIZADO: DUPLADO - LOCAL DE APRESENTAÇÃO = RUA ÁLVARO ALVIM, 1123 - PAULICÉIA - SÃO BERNARDO DO CAMPO - SP
CAMPO ADICIONAL ATUALIZADO: CURSO TÉCNICO RETORNO - MODALIDADE = PRESENCIAL
CAMPO ADICIONAL ATUALIZADO: CURSO TÉCNICO RETORNO - LOCAL = RUA ÁLVARO ALVIM, 1123 - PAULICÉIA - SÃO BERNARDO DO CAMPO - SP
CAMPO ADICIONAL ATUALIZADO: CURSO TÉCNICO RETORNO - DATA INÍCIO = 2026-06-05 00:00:00
CAMPO ADICIONAL ATUALIZADO: CURSO TÉCNICO RETORNO - INSTRUTOR = 2026 VIVO T41 GLAUCIO BVG
CAMPO ADICIONAL ATUALIZADO: CURSO TÉCNICO RETORNO - DATA TÉRMINO = 2026-06-08 00:00:00
CAMPO ADICIONAL ATUALIZADO: DUPLADO FASE 2 - DATA INÍCIO = -
CAMPO ADICIONAL ATUALIZADO: DUPLADO FASE 2 - DATA TÉRMINO = -
CAMPO ADICIONAL ATUALIZADO: DUPLADO FASE 2 - GER. REGIONAL = -
CAMPO ADICIONAL ATUALIZADO: DUPLADO FASE 2 - LOCAL DE APRESENTAÇÃO = -
Processando usuário existente: r061068 (Matrícula: 61068)
SENHA ATUALIZADA: r@04845
CAMPO ADICIONAL ATUALIZADO: CADASTRO - FUNÇÃO = MULTI SKILL OPT CON
CAMPO ADICIONAL ATUALIZADO: CADASTRO - ADMISSÃO = 2026-05-06 00:00:00
CAMPO ADICIONAL ATUALIZADO: CADASTRO - GERENTE REGIONAL = ALEXANDRE LYSAK
CAMPO ADICIONAL ATUALIZADO: CADASTRO - GERENTE CORPORATIVO = JANA ROSA DE ALMEIDA SIZOTTO
CAMPO ADICIONAL ATUALIZADO: INTEGRAÇÃO - MODALIDADE = PRESENCIAL
CAMPO ADICIONAL ATUALIZADO: INTEGRAÇÃO - LOCAL = RUA SÃO QUIRINO, 758 - VILA GUILHERME - SÃO PAULO - SP
CAMPO ADICIONAL ATUALIZADO: INTEGRAÇÃO - DATA INÍCIO = 2026-05-06 00:00:00
CAMPO ADICIONAL ATUALIZADO: INTEGRAÇÃO - DATA TÉRMINO = 2026-05-06 00:00:00
CAMPO ADICIONAL ATUALIZADO: INTEGRAÇÃO - INSTRUTOR = GELSIVAN
CAMPO ADICIONAL ATUALIZADO: 1ª RETIRADA - CARREGAMENTO - LOCAL = RUA SÃO QUIRINO, 758 - VILA GUILHERME - SÃO PAULO - SP
CAMPO ADICIONAL ATUALIZADO: 1ª RETIRADA - CARREGAMENTO - DATA DE CARREGAMENTO = 2026-05-13 00:00:00
CAMPO ADICIONAL ATUALIZADO: INTRODUÇÃO A SAÚDE E SEGURANÇA DO TRABALHO - MODALIDADE = ONLINE T2
CAMPO ADICIONAL ATUALIZADO: INTRODUÇÃO A SAÚDE E SEGURANÇA DO TRABALHO - LOCAL = https://teams.microsoft.com/meet/238144599512544?p=NPH77zpsohs8Eugsac
CAMPO ADICIONAL ATUALIZADO: INTRODUÇÃO A SAÚDE E SEGURANÇA DO TRABALHO - DATA INÍCIO = 2026-05-07 00:00:00
CAMPO ADICIONAL ATUALIZADO: INTRODUÇÃO A SAÚDE E SEGURANÇA DO TRABALHO - DATA TÉRMINO = 2026-05-07 00:00:00
CAMPO ADICIONAL ATUALIZADO: INTRODUÇÃO A SAÚDE E SEGURANÇA DO TRABALHO - INSTRUTOR = SESMT
CAMPO ADICIONAL ATUALIZADO: NORMATIVO (ONLINE) - DATA INÍCIO = 2026-05-08 00:00:00
CAMPO ADICIONAL ATUALIZADO: NORMATIVO (ONLINE) - DATA TÉRMINO = 2026-05-12 00:00:00
CAMPO ADICIONAL ATUALIZADO: NORMATIVO (ONLINE) - INSTRUTOR = RODRIGO
CAMPO ADICIONAL ATUALIZADO: NORMATIVO (ONLINE) - ACESSO = https://teams.microsoft.com/meet/223076657036901?p=MZm9fP8B2rcltNC8uf
CAMPO ADICIONAL ATUALIZADO: NORMATIVO (PRESENCIAL) - LOCAL = RUA SÃO QUIRINO, 758 - VILA GUILHERME - SÃO PAULO - SP
CAMPO ADICIONAL ATUALIZADO: NORMATIVO (PRESENCIAL) - DATA INÍCIO = 2026-05-13 00:00:00
CAMPO ADICIONAL ATUALIZADO: NORMATIVO (PRESENCIAL) - DATA TÉRMINO = 2026-05-14 00:00:00
CAMPO ADICIONAL ATUALIZADO: NORMATIVO (PRESENCIAL) - INSTRUTOR = RODRIGO
CAMPO ADICIONAL ATUALIZADO: 2ª RETIRADA - CARREGAMENTO - DATA DE CARREGAMENTO = 2026-06-09 00:00:00
CAMPO ADICIONAL ATUALIZADO: 2ª RETIRADA - CARREGAMENTO - LOCAL = RUA SÃO QUIRINO, 758 - VILA GUILHERME - SÃO PAULO - SP
CAMPO ADICIONAL ATUALIZADO: OPERAÇÃO - DATA DE OPERAÇÃO = 2026-06-10 00:00:00
CAMPO ADICIONAL ATUALIZADO: OPERAÇÃO - LOCAL = RUA SÃO QUIRINO, 758 - VILA GUILHERME - SÃO PAULO - SP
CAMPO ADICIONAL ATUALIZADO: CURSO TÉCNICO - MODALIDADE = PRESENCIAL
CAMPO ADICIONAL ATUALIZADO: CURSO TÉCNICO - LOCAL = RUA SÃO QUIRINO, 758 - VILA GUILHERME - SÃO PAULO - SP
CAMPO ADICIONAL ATUALIZADO: CURSO TÉCNICO - DATA INÍCIO = 2026-05-15 00:00:00
CAMPO ADICIONAL ATUALIZADO: CURSO TÉCNICO - DATA TÉRMINO = 2026-05-20 00:00:00
CAMPO ADICIONAL ATUALIZADO: CURSO TÉCNICO - INSTRUTOR = 2026 VIVO T41 GLAUCIO BVG
CAMPO ADICIONAL ATUALIZADO: DUPLADO - DATA INÍCIO = 2026-05-21 00:00:00
CAMPO ADICIONAL ATUALIZADO: DUPLADO - DATA TÉRMINO = 2026-06-03 00:00:00
CAMPO ADICIONAL ATUALIZADO: DUPLADO - GER. REGIONAL = -
CAMPO ADICIONAL ATUALIZADO: DUPLADO - LOCAL DE APRESENTAÇÃO = RUA SÃO QUIRINO, 758 - VILA GUILHERME - SÃO PAULO - SP
CAMPO ADICIONAL ATUALIZADO: CURSO TÉCNICO RETORNO - MODALIDADE = PRESENCIAL
CAMPO ADICIONAL ATUALIZADO: CURSO TÉCNICO RETORNO - LOCAL = RUA SÃO QUIRINO, 758 - VILA GUILHERME - SÃO PAULO - SP
CAMPO ADICIONAL ATUALIZADO: CURSO TÉCNICO RETORNO - DATA INÍCIO = 2026-06-05 00:00:00
CAMPO ADICIONAL ATUALIZADO: CURSO TÉCNICO RETORNO - INSTRUTOR = 2026 VIVO T41 GLAUCIO BVG
CAMPO ADICIONAL ATUALIZADO: CURSO TÉCNICO RETORNO - DATA TÉRMINO = 2026-06-08 00:00:00
CAMPO ADICIONAL ATUALIZADO: DUPLADO FASE 2 - DATA INÍCIO = -
CAMPO ADICIONAL ATUALIZADO: DUPLADO FASE 2 - DATA TÉRMINO = -
CAMPO ADICIONAL ATUALIZADO: DUPLADO FASE 2 - GER. REGIONAL = -
CAMPO ADICIONAL ATUALIZADO: DUPLADO FASE 2 - LOCAL DE APRESENTAÇÃO = -
Processando usuário existente: r061069 (Matrícula: 61069)
SENHA ATUALIZADA: r@44840
CAMPO ADICIONAL ATUALIZADO: CADASTRO - FUNÇÃO = MULTI SKILL OPT CON
CAMPO ADICIONAL ATUALIZADO: CADASTRO - ADMISSÃO = 2026-05-06 00:00:00
CAMPO ADICIONAL ATUALIZADO: CADASTRO - GERENTE REGIONAL = ALISSON DE JESUS CARVALHO
CAMPO ADICIONAL ATUALIZADO: CADASTRO - GERENTE CORPORATIVO = FABIO CONCEICAO DOS SANTOS
CAMPO ADICIONAL ATUALIZADO: INTEGRAÇÃO - MODALIDADE = PRESENCIAL
CAMPO ADICIONAL ATUALIZADO: INTEGRAÇÃO - LOCAL = RUA SÃO QUIRINO, 758 - VILA GUILHERME - SÃO PAULO - SP
CAMPO ADICIONAL ATUALIZADO: INTEGRAÇÃO - DATA INÍCIO = 2026-05-06 00:00:00
CAMPO ADICIONAL ATUALIZADO: INTEGRAÇÃO - DATA TÉRMINO = 2026-05-06 00:00:00
CAMPO ADICIONAL ATUALIZADO: INTEGRAÇÃO - INSTRUTOR = GELSIVAN
CAMPO ADICIONAL ATUALIZADO: 1ª RETIRADA - CARREGAMENTO - LOCAL = RUA ÁLVARO ALVIM, 1123 - PAULICÉIA - SÃO BERNARDO DO CAMPO - SP
CAMPO ADICIONAL ATUALIZADO: 1ª RETIRADA - CARREGAMENTO - DATA DE CARREGAMENTO = 2026-05-13 00:00:00
CAMPO ADICIONAL ATUALIZADO: INTRODUÇÃO A SAÚDE E SEGURANÇA DO TRABALHO - MODALIDADE = ONLINE T2
CAMPO ADICIONAL ATUALIZADO: INTRODUÇÃO A SAÚDE E SEGURANÇA DO TRABALHO - LOCAL = https://teams.microsoft.com/meet/238144599512544?p=NPH77zpsohs8Eugsac
CAMPO ADICIONAL ATUALIZADO: INTRODUÇÃO A SAÚDE E SEGURANÇA DO TRABALHO - DATA INÍCIO = 2026-05-07 00:00:00
CAMPO ADICIONAL ATUALIZADO: INTRODUÇÃO A SAÚDE E SEGURANÇA DO TRABALHO - DATA TÉRMINO = 2026-05-07 00:00:00
CAMPO ADICIONAL ATUALIZADO: INTRODUÇÃO A SAÚDE E SEGURANÇA DO TRABALHO - INSTRUTOR = SESMT
CAMPO ADICIONAL ATUALIZADO: NORMATIVO (ONLINE) - DATA INÍCIO = 2026-05-08 00:00:00
CAMPO ADICIONAL ATUALIZADO: NORMATIVO (ONLINE) - DATA TÉRMINO = 2026-05-12 00:00:00
CAMPO ADICIONAL ATUALIZADO: NORMATIVO (ONLINE) - INSTRUTOR = RODRIGO
CAMPO ADICIONAL ATUALIZADO: NORMATIVO (ONLINE) - ACESSO = https://teams.microsoft.com/meet/223076657036901?p=MZm9fP8B2rcltNC8uf
CAMPO ADICIONAL ATUALIZADO: NORMATIVO (PRESENCIAL) - LOCAL = RUA ÁLVARO ALVIM, 1123 - PAULICÉIA - SÃO BERNARDO DO CAMPO - SP
CAMPO ADICIONAL ATUALIZADO: NORMATIVO (PRESENCIAL) - DATA INÍCIO = 2026-05-13 00:00:00
CAMPO ADICIONAL ATUALIZADO: NORMATIVO (PRESENCIAL) - DATA TÉRMINO = 2026-05-14 00:00:00
CAMPO ADICIONAL ATUALIZADO: NORMATIVO (PRESENCIAL) - INSTRUTOR = RODRIGO
CAMPO ADICIONAL ATUALIZADO: 2ª RETIRADA - CARREGAMENTO - DATA DE CARREGAMENTO = 2026-06-09 00:00:00
CAMPO ADICIONAL ATUALIZADO: 2ª RETIRADA - CARREGAMENTO - LOCAL = RUA SÃO QUIRINO, 758 - VILA GUILHERME - SÃO PAULO - SP
CAMPO ADICIONAL ATUALIZADO: OPERAÇÃO - DATA DE OPERAÇÃO = 2026-06-10 00:00:00
CAMPO ADICIONAL ATUALIZADO: OPERAÇÃO - LOCAL = RUA SÃO QUIRINO, 758 - VILA GUILHERME - SÃO PAULO - SP
CAMPO ADICIONAL ATUALIZADO: CURSO TÉCNICO - MODALIDADE = PRESENCIAL
CAMPO ADICIONAL ATUALIZADO: CURSO TÉCNICO - LOCAL = RUA SÃO QUIRINO, 758 - VILA GUILHERME - SÃO PAULO - SP
CAMPO ADICIONAL ATUALIZADO: CURSO TÉCNICO - DATA INÍCIO = 2026-05-15 00:00:00
CAMPO ADICIONAL ATUALIZADO: CURSO TÉCNICO - DATA TÉRMINO = 2026-05-20 00:00:00
CAMPO ADICIONAL ATUALIZADO: CURSO TÉCNICO - INSTRUTOR = 2026 VIVO T41 GLAUCIO BVG
CAMPO ADICIONAL ATUALIZADO: DUPLADO - DATA INÍCIO = 2026-05-21 00:00:00
CAMPO ADICIONAL ATUALIZADO: DUPLADO - DATA TÉRMINO = 2026-06-03 00:00:00
CAMPO ADICIONAL ATUALIZADO: DUPLADO - GER. REGIONAL = -
CAMPO ADICIONAL ATUALIZADO: DUPLADO - LOCAL DE APRESENTAÇÃO = RUA SÃO QUIRINO, 758 - VILA GUILHERME - SÃO PAULO - SP
CAMPO ADICIONAL ATUALIZADO: CURSO TÉCNICO RETORNO - MODALIDADE = PRESENCIAL
CAMPO ADICIONAL ATUALIZADO: CURSO TÉCNICO RETORNO - LOCAL = RUA SÃO QUIRINO, 758 - VILA GUILHERME - SÃO PAULO - SP
CAMPO ADICIONAL ATUALIZADO: CURSO TÉCNICO RETORNO - DATA INÍCIO = 2026-06-05 00:00:00
CAMPO ADICIONAL ATUALIZADO: CURSO TÉCNICO RETORNO - INSTRUTOR = 2026 VIVO T41 GLAUCIO BVG
CAMPO ADICIONAL ATUALIZADO: CURSO TÉCNICO RETORNO - DATA TÉRMINO = 2026-06-08 00:00:00
CAMPO ADICIONAL ATUALIZADO: DUPLADO FASE 2 - DATA INÍCIO = -
CAMPO ADICIONAL ATUALIZADO: DUPLADO FASE 2 - DATA TÉRMINO = -
CAMPO ADICIONAL ATUALIZADO: DUPLADO FASE 2 - GER. REGIONAL = -
CAMPO ADICIONAL ATUALIZADO: DUPLADO FASE 2 - LOCAL DE APRESENTAÇÃO = -
Processando usuário existente: r061085 (Matrícula: 61085)
SENHA ATUALIZADA: r@22897
CAMPO ADICIONAL ATUALIZADO: CADASTRO - FUNÇÃO = MULTI SKILL OPT CON
CAMPO ADICIONAL ATUALIZADO: CADASTRO - ADMISSÃO = 2026-05-06 00:00:00
CAMPO ADICIONAL ATUALIZADO: CADASTRO - GERENTE REGIONAL = ALEXANDRE LYSAK
CAMPO ADICIONAL ATUALIZADO: CADASTRO - GERENTE CORPORATIVO = JANA ROSA DE ALMEIDA SIZOTTO
CAMPO ADICIONAL ATUALIZADO: INTEGRAÇÃO - MODALIDADE = PRESENCIAL
CAMPO ADICIONAL ATUALIZADO: INTEGRAÇÃO - LOCAL = RUA SÃO QUIRINO, 758 - VILA GUILHERME - SÃO PAULO - SP
CAMPO ADICIONAL ATUALIZADO: INTEGRAÇÃO - DATA INÍCIO = 2026-05-06 00:00:00
CAMPO ADICIONAL ATUALIZADO: INTEGRAÇÃO - DATA TÉRMINO = 2026-05-06 00:00:00
CAMPO ADICIONAL ATUALIZADO: INTEGRAÇÃO - INSTRUTOR = GELSIVAN
CAMPO ADICIONAL ATUALIZADO: 1ª RETIRADA - CARREGAMENTO - LOCAL = RUA SÃO QUIRINO, 758 - VILA GUILHERME - SÃO PAULO - SP
CAMPO ADICIONAL ATUALIZADO: 1ª RETIRADA - CARREGAMENTO - DATA DE CARREGAMENTO = 2026-05-13 00:00:00
CAMPO ADICIONAL ATUALIZADO: INTRODUÇÃO A SAÚDE E SEGURANÇA DO TRABALHO - MODALIDADE = ONLINE T2
CAMPO ADICIONAL ATUALIZADO: INTRODUÇÃO A SAÚDE E SEGURANÇA DO TRABALHO - LOCAL = https://teams.microsoft.com/meet/238144599512544?p=NPH77zpsohs8Eugsac
CAMPO ADICIONAL ATUALIZADO: INTRODUÇÃO A SAÚDE E SEGURANÇA DO TRABALHO - DATA INÍCIO = 2026-05-07 00:00:00
CAMPO ADICIONAL ATUALIZADO: INTRODUÇÃO A SAÚDE E SEGURANÇA DO TRABALHO - DATA TÉRMINO = 2026-05-07 00:00:00
CAMPO ADICIONAL ATUALIZADO: INTRODUÇÃO A SAÚDE E SEGURANÇA DO TRABALHO - INSTRUTOR = SESMT
CAMPO ADICIONAL ATUALIZADO: NORMATIVO (ONLINE) - DATA INÍCIO = 2026-05-08 00:00:00
CAMPO ADICIONAL ATUALIZADO: NORMATIVO (ONLINE) - DATA TÉRMINO = 2026-05-12 00:00:00
CAMPO ADICIONAL ATUALIZADO: NORMATIVO (ONLINE) - INSTRUTOR = RODRIGO
CAMPO ADICIONAL ATUALIZADO: NORMATIVO (ONLINE) - ACESSO = https://teams.microsoft.com/meet/223076657036901?p=MZm9fP8B2rcltNC8uf
CAMPO ADICIONAL ATUALIZADO: NORMATIVO (PRESENCIAL) - LOCAL = RUA SÃO QUIRINO, 758 - VILA GUILHERME - SÃO PAULO - SP
CAMPO ADICIONAL ATUALIZADO: NORMATIVO (PRESENCIAL) - DATA INÍCIO = 2026-05-13 00:00:00
CAMPO ADICIONAL ATUALIZADO: NORMATIVO (PRESENCIAL) - DATA TÉRMINO = 2026-05-14 00:00:00
CAMPO ADICIONAL ATUALIZADO: NORMATIVO (PRESENCIAL) - INSTRUTOR = RODRIGO
CAMPO ADICIONAL ATUALIZADO: 2ª RETIRADA - CARREGAMENTO - DATA DE CARREGAMENTO = 2026-06-09 00:00:00
CAMPO ADICIONAL ATUALIZADO: 2ª RETIRADA - CARREGAMENTO - LOCAL = RUA SÃO QUIRINO, 758 - VILA GUILHERME - SÃO PAULO - SP
CAMPO ADICIONAL ATUALIZADO: OPERAÇÃO - DATA DE OPERAÇÃO = 2026-06-10 00:00:00
CAMPO ADICIONAL ATUALIZADO: OPERAÇÃO - LOCAL = RUA SÃO QUIRINO, 758 - VILA GUILHERME - SÃO PAULO - SP
CAMPO ADICIONAL ATUALIZADO: CURSO TÉCNICO - MODALIDADE = PRESENCIAL
CAMPO ADICIONAL ATUALIZADO: CURSO TÉCNICO - LOCAL = RUA SÃO QUIRINO, 758 - VILA GUILHERME - SÃO PAULO - SP
CAMPO ADICIONAL ATUALIZADO: CURSO TÉCNICO - DATA INÍCIO = 2026-05-15 00:00:00
CAMPO ADICIONAL ATUALIZADO: CURSO TÉCNICO - DATA TÉRMINO = 2026-05-20 00:00:00
CAMPO ADICIONAL ATUALIZADO: CURSO TÉCNICO - INSTRUTOR = 2026 VIVO T41 GLAUCIO BVG
CAMPO ADICIONAL ATUALIZADO: DUPLADO - DATA INÍCIO = 2026-05-21 00:00:00
CAMPO ADICIONAL ATUALIZADO: DUPLADO - DATA TÉRMINO = 2026-06-03 00:00:00
CAMPO ADICIONAL ATUALIZADO: DUPLADO - GER. REGIONAL = -
CAMPO ADICIONAL ATUALIZADO: DUPLADO - LOCAL DE APRESENTAÇÃO = RUA SÃO QUIRINO, 758 - VILA GUILHERME - SÃO PAULO - SP
CAMPO ADICIONAL ATUALIZADO: CURSO TÉCNICO RETORNO - MODALIDADE = PRESENCIAL
CAMPO ADICIONAL ATUALIZADO: CURSO TÉCNICO RETORNO - LOCAL = RUA SÃO QUIRINO, 758 - VILA GUILHERME - SÃO PAULO - SP
CAMPO ADICIONAL ATUALIZADO: CURSO TÉCNICO RETORNO - DATA INÍCIO = 2026-06-05 00:00:00
CAMPO ADICIONAL ATUALIZADO: CURSO TÉCNICO RETORNO - INSTRUTOR = 2026 VIVO T41 GLAUCIO BVG
CAMPO ADICIONAL ATUALIZADO: CURSO TÉCNICO RETORNO - DATA TÉRMINO = 2026-06-08 00:00:00
CAMPO ADICIONAL ATUALIZADO: DUPLADO FASE 2 - DATA INÍCIO = -
CAMPO ADICIONAL ATUALIZADO: DUPLADO FASE 2 - DATA TÉRMINO = -
CAMPO ADICIONAL ATUALIZADO: DUPLADO FASE 2 - GER. REGIONAL = -
CAMPO ADICIONAL ATUALIZADO: DUPLADO FASE 2 - LOCAL DE APRESENTAÇÃO = -
Processando usuário existente: r061071 (Matrícula: 61071)
SENHA ATUALIZADA: r@22841
CAMPO ADICIONAL ATUALIZADO: CADASTRO - FUNÇÃO = MULTI SKILL OPT CON
CAMPO ADICIONAL ATUALIZADO: CADASTRO - ADMISSÃO = 2026-05-06 00:00:00
CAMPO ADICIONAL ATUALIZADO: CADASTRO - GERENTE REGIONAL = ALISSON DE JESUS CARVALHO
CAMPO ADICIONAL ATUALIZADO: CADASTRO - GERENTE CORPORATIVO = FABIO CONCEICAO DOS SANTOS
CAMPO ADICIONAL ATUALIZADO: INTEGRAÇÃO - MODALIDADE = PRESENCIAL
CAMPO ADICIONAL ATUALIZADO: INTEGRAÇÃO - LOCAL = RUA SÃO QUIRINO, 758 - VILA GUILHERME - SÃO PAULO - SP
CAMPO ADICIONAL ATUALIZADO: INTEGRAÇÃO - DATA INÍCIO = 2026-05-06 00:00:00
CAMPO ADICIONAL ATUALIZADO: INTEGRAÇÃO - DATA TÉRMINO = 2026-05-06 00:00:00
CAMPO ADICIONAL ATUALIZADO: INTEGRAÇÃO - INSTRUTOR = GELSIVAN
CAMPO ADICIONAL ATUALIZADO: 1ª RETIRADA - CARREGAMENTO - LOCAL = RUA ÁLVARO ALVIM, 1123 - PAULICÉIA - SÃO BERNARDO DO CAMPO - SP
CAMPO ADICIONAL ATUALIZADO: 1ª RETIRADA - CARREGAMENTO - DATA DE CARREGAMENTO = 2026-05-13 00:00:00
CAMPO ADICIONAL ATUALIZADO: INTRODUÇÃO A SAÚDE E SEGURANÇA DO TRABALHO - MODALIDADE = ONLINE T2
CAMPO ADICIONAL ATUALIZADO: INTRODUÇÃO A SAÚDE E SEGURANÇA DO TRABALHO - LOCAL = https://teams.microsoft.com/meet/238144599512544?p=NPH77zpsohs8Eugsac
CAMPO ADICIONAL ATUALIZADO: INTRODUÇÃO A SAÚDE E SEGURANÇA DO TRABALHO - DATA INÍCIO = 2026-05-07 00:00:00
CAMPO ADICIONAL ATUALIZADO: INTRODUÇÃO A SAÚDE E SEGURANÇA DO TRABALHO - DATA TÉRMINO = 2026-05-07 00:00:00
CAMPO ADICIONAL ATUALIZADO: INTRODUÇÃO A SAÚDE E SEGURANÇA DO TRABALHO - INSTRUTOR = SESMT
CAMPO ADICIONAL ATUALIZADO: NORMATIVO (ONLINE) - DATA INÍCIO = 2026-05-08 00:00:00
CAMPO ADICIONAL ATUALIZADO: NORMATIVO (ONLINE) - DATA TÉRMINO = 2026-05-12 00:00:00
CAMPO ADICIONAL ATUALIZADO: NORMATIVO (ONLINE) - INSTRUTOR = RODRIGO
CAMPO ADICIONAL ATUALIZADO: NORMATIVO (ONLINE) - ACESSO = https://teams.microsoft.com/meet/223076657036901?p=MZm9fP8B2rcltNC8uf
CAMPO ADICIONAL ATUALIZADO: NORMATIVO (PRESENCIAL) - LOCAL = RUA ÁLVARO ALVIM, 1123 - PAULICÉIA - SÃO BERNARDO DO CAMPO - SP
CAMPO ADICIONAL ATUALIZADO: NORMATIVO (PRESENCIAL) - DATA INÍCIO = 2026-05-13 00:00:00
CAMPO ADICIONAL ATUALIZADO: NORMATIVO (PRESENCIAL) - DATA TÉRMINO = 2026-05-14 00:00:00
CAMPO ADICIONAL ATUALIZADO: NORMATIVO (PRESENCIAL) - INSTRUTOR = RODRIGO
CAMPO ADICIONAL ATUALIZADO: 2ª RETIRADA - CARREGAMENTO - DATA DE CARREGAMENTO = 2026-06-09 00:00:00
CAMPO ADICIONAL ATUALIZADO: 2ª RETIRADA - CARREGAMENTO - LOCAL = RUA SÃO QUIRINO, 758 - VILA GUILHERME - SÃO PAULO - SP
CAMPO ADICIONAL ATUALIZADO: OPERAÇÃO - DATA DE OPERAÇÃO = 2026-06-10 00:00:00
CAMPO ADICIONAL ATUALIZADO: OPERAÇÃO - LOCAL = RUA SÃO QUIRINO, 758 - VILA GUILHERME - SÃO PAULO - SP
CAMPO ADICIONAL ATUALIZADO: CURSO TÉCNICO - MODALIDADE = PRESENCIAL
CAMPO ADICIONAL ATUALIZADO: CURSO TÉCNICO - LOCAL = RUA SÃO QUIRINO, 758 - VILA GUILHERME - SÃO PAULO - SP
CAMPO ADICIONAL ATUALIZADO: CURSO TÉCNICO - DATA INÍCIO = 2026-05-15 00:00:00
CAMPO ADICIONAL ATUALIZADO: CURSO TÉCNICO - DATA TÉRMINO = 2026-05-20 00:00:00
CAMPO ADICIONAL ATUALIZADO: CURSO TÉCNICO - INSTRUTOR = 2026 VIVO T41 GLAUCIO BVG
CAMPO ADICIONAL ATUALIZADO: DUPLADO - DATA INÍCIO = 2026-05-21 00:00:00
CAMPO ADICIONAL ATUALIZADO: DUPLADO - DATA TÉRMINO = 2026-06-03 00:00:00
CAMPO ADICIONAL ATUALIZADO: DUPLADO - GER. REGIONAL = -
CAMPO ADICIONAL ATUALIZADO: DUPLADO - LOCAL DE APRESENTAÇÃO = RUA SÃO QUIRINO, 758 - VILA GUILHERME - SÃO PAULO - SP
CAMPO ADICIONAL ATUALIZADO: CURSO TÉCNICO RETORNO - MODALIDADE = PRESENCIAL
CAMPO ADICIONAL ATUALIZADO: CURSO TÉCNICO RETORNO - LOCAL = RUA SÃO QUIRINO, 758 - VILA GUILHERME - SÃO PAULO - SP
CAMPO ADICIONAL ATUALIZADO: CURSO TÉCNICO RETORNO - DATA INÍCIO = 2026-06-05 00:00:00
CAMPO ADICIONAL ATUALIZADO: CURSO TÉCNICO RETORNO - INSTRUTOR = 2026 VIVO T41 GLAUCIO BVG
CAMPO ADICIONAL ATUALIZADO: CURSO TÉCNICO RETORNO - DATA TÉRMINO = 2026-06-08 00:00:00
CAMPO ADICIONAL ATUALIZADO: DUPLADO FASE 2 - DATA INÍCIO = -
CAMPO ADICIONAL ATUALIZADO: DUPLADO FASE 2 - DATA TÉRMINO = -
CAMPO ADICIONAL ATUALIZADO: DUPLADO FASE 2 - GER. REGIONAL = -
CAMPO ADICIONAL ATUALIZADO: DUPLADO FASE 2 - LOCAL DE APRESENTAÇÃO = -
Processando usuário existente: r061073 (Matrícula: 61073)
SENHA ATUALIZADA: r@33879
CAMPO ADICIONAL ATUALIZADO: CADASTRO - FUNÇÃO = MULTI SKILL OPT CON
CAMPO ADICIONAL ATUALIZADO: CADASTRO - ADMISSÃO = 2026-05-06 00:00:00
CAMPO ADICIONAL ATUALIZADO: CADASTRO - GERENTE REGIONAL = ALISSON DE JESUS CARVALHO
CAMPO ADICIONAL ATUALIZADO: CADASTRO - GERENTE CORPORATIVO = FABIO CONCEICAO DOS SANTOS
CAMPO ADICIONAL ATUALIZADO: INTEGRAÇÃO - MODALIDADE = PRESENCIAL
CAMPO ADICIONAL ATUALIZADO: INTEGRAÇÃO - LOCAL = RUA SÃO QUIRINO, 758 - VILA GUILHERME - SÃO PAULO - SP
CAMPO ADICIONAL ATUALIZADO: INTEGRAÇÃO - DATA INÍCIO = 2026-05-06 00:00:00
CAMPO ADICIONAL ATUALIZADO: INTEGRAÇÃO - DATA TÉRMINO = 2026-05-06 00:00:00
CAMPO ADICIONAL ATUALIZADO: INTEGRAÇÃO - INSTRUTOR = GELSIVAN
CAMPO ADICIONAL ATUALIZADO: 1ª RETIRADA - CARREGAMENTO - LOCAL = RUA ÁLVARO ALVIM, 1123 - PAULICÉIA - SÃO BERNARDO DO CAMPO - SP
CAMPO ADICIONAL ATUALIZADO: 1ª RETIRADA - CARREGAMENTO - DATA DE CARREGAMENTO = 2026-05-13 00:00:00
CAMPO ADICIONAL ATUALIZADO: INTRODUÇÃO A SAÚDE E SEGURANÇA DO TRABALHO - MODALIDADE = ONLINE T2
CAMPO ADICIONAL ATUALIZADO: INTRODUÇÃO A SAÚDE E SEGURANÇA DO TRABALHO - LOCAL = https://teams.microsoft.com/meet/238144599512544?p=NPH77zpsohs8Eugsac
CAMPO ADICIONAL ATUALIZADO: INTRODUÇÃO A SAÚDE E SEGURANÇA DO TRABALHO - DATA INÍCIO = 2026-05-07 00:00:00
CAMPO ADICIONAL ATUALIZADO: INTRODUÇÃO A SAÚDE E SEGURANÇA DO TRABALHO - DATA TÉRMINO = 2026-05-07 00:00:00
CAMPO ADICIONAL ATUALIZADO: INTRODUÇÃO A SAÚDE E SEGURANÇA DO TRABALHO - INSTRUTOR = SESMT
CAMPO ADICIONAL ATUALIZADO: NORMATIVO (ONLINE) - DATA INÍCIO = 2026-05-08 00:00:00
CAMPO ADICIONAL ATUALIZADO: NORMATIVO (ONLINE) - DATA TÉRMINO = 2026-05-12 00:00:00
CAMPO ADICIONAL ATUALIZADO: NORMATIVO (ONLINE) - INSTRUTOR = RODRIGO
CAMPO ADICIONAL ATUALIZADO: NORMATIVO (ONLINE) - ACESSO = https://teams.microsoft.com/meet/223076657036901?p=MZm9fP8B2rcltNC8uf
CAMPO ADICIONAL ATUALIZADO: NORMATIVO (PRESENCIAL) - LOCAL = RUA ÁLVARO ALVIM, 1123 - PAULICÉIA - SÃO BERNARDO DO CAMPO - SP
CAMPO ADICIONAL ATUALIZADO: NORMATIVO (PRESENCIAL) - DATA INÍCIO = 2026-05-13 00:00:00
CAMPO ADICIONAL ATUALIZADO: NORMATIVO (PRESENCIAL) - DATA TÉRMINO = 2026-05-14 00:00:00
CAMPO ADICIONAL ATUALIZADO: NORMATIVO (PRESENCIAL) - INSTRUTOR = RODRIGO
CAMPO ADICIONAL ATUALIZADO: 2ª RETIRADA - CARREGAMENTO - DATA DE CARREGAMENTO = 2026-06-09 00:00:00
CAMPO ADICIONAL ATUALIZADO: 2ª RETIRADA - CARREGAMENTO - LOCAL = RUA SÃO QUIRINO, 758 - VILA GUILHERME - SÃO PAULO - SP
CAMPO ADICIONAL ATUALIZADO: OPERAÇÃO - DATA DE OPERAÇÃO = 2026-06-10 00:00:00
CAMPO ADICIONAL ATUALIZADO: OPERAÇÃO - LOCAL = RUA SÃO QUIRINO, 758 - VILA GUILHERME - SÃO PAULO - SP
CAMPO ADICIONAL ATUALIZADO: CURSO TÉCNICO - MODALIDADE = PRESENCIAL
CAMPO ADICIONAL ATUALIZADO: CURSO TÉCNICO - LOCAL = RUA SÃO QUIRINO, 758 - VILA GUILHERME - SÃO PAULO - SP
CAMPO ADICIONAL ATUALIZADO: CURSO TÉCNICO - DATA INÍCIO = 2026-05-15 00:00:00
CAMPO ADICIONAL ATUALIZADO: CURSO TÉCNICO - DATA TÉRMINO = 2026-05-20 00:00:00
CAMPO ADICIONAL ATUALIZADO: CURSO TÉCNICO - INSTRUTOR = 2026 VIVO T41 GLAUCIO BVG
CAMPO ADICIONAL ATUALIZADO: DUPLADO - DATA INÍCIO = 2026-05-21 00:00:00
CAMPO ADICIONAL ATUALIZADO: DUPLADO - DATA TÉRMINO = 2026-06-03 00:00:00
CAMPO ADICIONAL ATUALIZADO: DUPLADO - GER. REGIONAL = -
CAMPO ADICIONAL ATUALIZADO: DUPLADO - LOCAL DE APRESENTAÇÃO = RUA SÃO QUIRINO, 758 - VILA GUILHERME - SÃO PAULO - SP
CAMPO ADICIONAL ATUALIZADO: CURSO TÉCNICO RETORNO - MODALIDADE = PRESENCIAL
CAMPO ADICIONAL ATUALIZADO: CURSO TÉCNICO RETORNO - LOCAL = RUA SÃO QUIRINO, 758 - VILA GUILHERME - SÃO PAULO - SP
CAMPO ADICIONAL ATUALIZADO: CURSO TÉCNICO RETORNO - DATA INÍCIO = 2026-06-05 00:00:00
CAMPO ADICIONAL ATUALIZADO: CURSO TÉCNICO RETORNO - INSTRUTOR = 2026 VIVO T41 GLAUCIO BVG
CAMPO ADICIONAL ATUALIZADO: CURSO TÉCNICO RETORNO - DATA TÉRMINO = 2026-06-08 00:00:00
CAMPO ADICIONAL ATUALIZADO: DUPLADO FASE 2 - DATA INÍCIO = -
CAMPO ADICIONAL ATUALIZADO: DUPLADO FASE 2 - DATA TÉRMINO = -
CAMPO ADICIONAL ATUALIZADO: DUPLADO FASE 2 - GER. REGIONAL = -
CAMPO ADICIONAL ATUALIZADO: DUPLADO FASE 2 - LOCAL DE APRESENTAÇÃO = -
Processando usuário existente: r061074 (Matrícula: 61074)
SENHA ATUALIZADA: r@53851
CAMPO ADICIONAL ATUALIZADO: CADASTRO - FUNÇÃO = MULTI SKILL OPT CON
CAMPO ADICIONAL ATUALIZADO: CADASTRO - ADMISSÃO = 2026-05-06 00:00:00
CAMPO ADICIONAL ATUALIZADO: CADASTRO - GERENTE REGIONAL = ALISSON DE JESUS CARVALHO
CAMPO ADICIONAL ATUALIZADO: CADASTRO - GERENTE CORPORATIVO = FABIO CONCEICAO DOS SANTOS
CAMPO ADICIONAL ATUALIZADO: INTEGRAÇÃO - MODALIDADE = PRESENCIAL
CAMPO ADICIONAL ATUALIZADO: INTEGRAÇÃO - LOCAL = RUA SÃO QUIRINO, 758 - VILA GUILHERME - SÃO PAULO - SP
CAMPO ADICIONAL ATUALIZADO: INTEGRAÇÃO - DATA INÍCIO = 2026-05-06 00:00:00
CAMPO ADICIONAL ATUALIZADO: INTEGRAÇÃO - DATA TÉRMINO = 2026-05-06 00:00:00
CAMPO ADICIONAL ATUALIZADO: INTEGRAÇÃO - INSTRUTOR = GELSIVAN
CAMPO ADICIONAL ATUALIZADO: 1ª RETIRADA - CARREGAMENTO - LOCAL = RUA SÃO QUIRINO, 758 - VILA GUILHERME - SÃO PAULO - SP
CAMPO ADICIONAL ATUALIZADO: 1ª RETIRADA - CARREGAMENTO - DATA DE CARREGAMENTO = 2026-05-13 00:00:00
CAMPO ADICIONAL ATUALIZADO: INTRODUÇÃO A SAÚDE E SEGURANÇA DO TRABALHO - MODALIDADE = ONLINE T2
CAMPO ADICIONAL ATUALIZADO: INTRODUÇÃO A SAÚDE E SEGURANÇA DO TRABALHO - LOCAL = https://teams.microsoft.com/meet/238144599512544?p=NPH77zpsohs8Eugsac
CAMPO ADICIONAL ATUALIZADO: INTRODUÇÃO A SAÚDE E SEGURANÇA DO TRABALHO - DATA INÍCIO = 2026-05-07 00:00:00
CAMPO ADICIONAL ATUALIZADO: INTRODUÇÃO A SAÚDE E SEGURANÇA DO TRABALHO - DATA TÉRMINO = 2026-05-07 00:00:00
CAMPO ADICIONAL ATUALIZADO: INTRODUÇÃO A SAÚDE E SEGURANÇA DO TRABALHO - INSTRUTOR = SESMT
CAMPO ADICIONAL ATUALIZADO: NORMATIVO (ONLINE) - DATA INÍCIO = 2026-05-08 00:00:00
CAMPO ADICIONAL ATUALIZADO: NORMATIVO (ONLINE) - DATA TÉRMINO = 2026-05-12 00:00:00
CAMPO ADICIONAL ATUALIZADO: NORMATIVO (ONLINE) - INSTRUTOR = RODRIGO
CAMPO ADICIONAL ATUALIZADO: NORMATIVO (ONLINE) - ACESSO = https://teams.microsoft.com/meet/223076657036901?p=MZm9fP8B2rcltNC8uf
CAMPO ADICIONAL ATUALIZADO: NORMATIVO (PRESENCIAL) - LOCAL = RUA SÃO QUIRINO, 758 - VILA GUILHERME - SÃO PAULO - SP
CAMPO ADICIONAL ATUALIZADO: NORMATIVO (PRESENCIAL) - DATA INÍCIO = 2026-05-13 00:00:00
CAMPO ADICIONAL ATUALIZADO: NORMATIVO (PRESENCIAL) - DATA TÉRMINO = 2026-05-14 00:00:00
CAMPO ADICIONAL ATUALIZADO: NORMATIVO (PRESENCIAL) - INSTRUTOR = RODRIGO
CAMPO ADICIONAL ATUALIZADO: 2ª RETIRADA - CARREGAMENTO - DATA DE CARREGAMENTO = 2026-06-09 00:00:00
CAMPO ADICIONAL ATUALIZADO: 2ª RETIRADA - CARREGAMENTO - LOCAL = RUA SÃO QUIRINO, 758 - VILA GUILHERME - SÃO PAULO - SP
CAMPO ADICIONAL ATUALIZADO: OPERAÇÃO - DATA DE OPERAÇÃO = 2026-06-10 00:00:00
CAMPO ADICIONAL ATUALIZADO: OPERAÇÃO - LOCAL = RUA SÃO QUIRINO, 758 - VILA GUILHERME - SÃO PAULO - SP
CAMPO ADICIONAL ATUALIZADO: CURSO TÉCNICO - MODALIDADE = PRESENCIAL
CAMPO ADICIONAL ATUALIZADO: CURSO TÉCNICO - LOCAL = RUA SÃO QUIRINO, 758 - VILA GUILHERME - SÃO PAULO - SP
CAMPO ADICIONAL ATUALIZADO: CURSO TÉCNICO - DATA INÍCIO = 2026-05-15 00:00:00
CAMPO ADICIONAL ATUALIZADO: CURSO TÉCNICO - DATA TÉRMINO = 2026-05-20 00:00:00
CAMPO ADICIONAL ATUALIZADO: CURSO TÉCNICO - INSTRUTOR = 2026 VIVO T41 GLAUCIO BVG
CAMPO ADICIONAL ATUALIZADO: DUPLADO - DATA INÍCIO = 2026-05-21 00:00:00
CAMPO ADICIONAL ATUALIZADO: DUPLADO - DATA TÉRMINO = 2026-06-03 00:00:00
CAMPO ADICIONAL ATUALIZADO: DUPLADO - GER. REGIONAL = -
CAMPO ADICIONAL ATUALIZADO: DUPLADO - LOCAL DE APRESENTAÇÃO = RUA SÃO QUIRINO, 758 - VILA GUILHERME - SÃO PAULO - SP
CAMPO ADICIONAL ATUALIZADO: CURSO TÉCNICO RETORNO - MODALIDADE = PRESENCIAL
CAMPO ADICIONAL ATUALIZADO: CURSO TÉCNICO RETORNO - LOCAL = RUA SÃO QUIRINO, 758 - VILA GUILHERME - SÃO PAULO - SP
CAMPO ADICIONAL ATUALIZADO: CURSO TÉCNICO RETORNO - DATA INÍCIO = 2026-06-05 00:00:00
CAMPO ADICIONAL ATUALIZADO: CURSO TÉCNICO RETORNO - INSTRUTOR = 2026 VIVO T41 GLAUCIO BVG
CAMPO ADICIONAL ATUALIZADO: CURSO TÉCNICO RETORNO - DATA TÉRMINO = 2026-06-08 00:00:00
CAMPO ADICIONAL ATUALIZADO: DUPLADO FASE 2 - DATA INÍCIO = -
CAMPO ADICIONAL ATUALIZADO: DUPLADO FASE 2 - DATA TÉRMINO = -
CAMPO ADICIONAL ATUALIZADO: DUPLADO FASE 2 - GER. REGIONAL = -
CAMPO ADICIONAL ATUALIZADO: DUPLADO FASE 2 - LOCAL DE APRESENTAÇÃO = -
Processando usuário existente: r061090 (Matrícula: 61090)
SENHA ATUALIZADA: r@95880
CAMPO ADICIONAL ATUALIZADO: CADASTRO - FUNÇÃO = MULTI SKILL OPT CON
CAMPO ADICIONAL ATUALIZADO: CADASTRO - ADMISSÃO = 2026-05-06 00:00:00
CAMPO ADICIONAL ATUALIZADO: CADASTRO - GERENTE REGIONAL = ANDRE FLOR GOMES
CAMPO ADICIONAL ATUALIZADO: CADASTRO - GERENTE CORPORATIVO = ODLEI RICARDO DOS REIS
CAMPO ADICIONAL ATUALIZADO: INTEGRAÇÃO - MODALIDADE = PRESENCIAL
CAMPO ADICIONAL ATUALIZADO: INTEGRAÇÃO - LOCAL = RUA SÃO QUIRINO, 758 - VILA GUILHERME - SÃO PAULO - SP
CAMPO ADICIONAL ATUALIZADO: INTEGRAÇÃO - DATA INÍCIO = 2026-05-06 00:00:00
CAMPO ADICIONAL ATUALIZADO: INTEGRAÇÃO - DATA TÉRMINO = 2026-05-06 00:00:00
CAMPO ADICIONAL ATUALIZADO: INTEGRAÇÃO - INSTRUTOR = GELSIVAN
CAMPO ADICIONAL ATUALIZADO: 1ª RETIRADA - CARREGAMENTO - LOCAL = RUA ÁLVARO ALVIM, 1123 - PAULICÉIA - SÃO BERNARDO DO CAMPO - SP
CAMPO ADICIONAL ATUALIZADO: 1ª RETIRADA - CARREGAMENTO - DATA DE CARREGAMENTO = 2026-05-13 00:00:00
CAMPO ADICIONAL ATUALIZADO: INTRODUÇÃO A SAÚDE E SEGURANÇA DO TRABALHO - MODALIDADE = ONLINE T2
CAMPO ADICIONAL ATUALIZADO: INTRODUÇÃO A SAÚDE E SEGURANÇA DO TRABALHO - LOCAL = https://teams.microsoft.com/meet/238144599512544?p=NPH77zpsohs8Eugsac
CAMPO ADICIONAL ATUALIZADO: INTRODUÇÃO A SAÚDE E SEGURANÇA DO TRABALHO - DATA INÍCIO = 2026-05-07 00:00:00
CAMPO ADICIONAL ATUALIZADO: INTRODUÇÃO A SAÚDE E SEGURANÇA DO TRABALHO - DATA TÉRMINO = 2026-05-07 00:00:00
CAMPO ADICIONAL ATUALIZADO: INTRODUÇÃO A SAÚDE E SEGURANÇA DO TRABALHO - INSTRUTOR = SESMT
CAMPO ADICIONAL ATUALIZADO: NORMATIVO (ONLINE) - DATA INÍCIO = 2026-05-08 00:00:00
CAMPO ADICIONAL ATUALIZADO: NORMATIVO (ONLINE) - DATA TÉRMINO = 2026-05-12 00:00:00
CAMPO ADICIONAL ATUALIZADO: NORMATIVO (ONLINE) - INSTRUTOR = RODRIGO
CAMPO ADICIONAL ATUALIZADO: NORMATIVO (ONLINE) - ACESSO = https://teams.microsoft.com/meet/223076657036901?p=MZm9fP8B2rcltNC8uf
CAMPO ADICIONAL ATUALIZADO: NORMATIVO (PRESENCIAL) - LOCAL = RUA ÁLVARO ALVIM, 1123 - PAULICÉIA - SÃO BERNARDO DO CAMPO - SP
CAMPO ADICIONAL ATUALIZADO: NORMATIVO (PRESENCIAL) - DATA INÍCIO = 2026-05-13 00:00:00
CAMPO ADICIONAL ATUALIZADO: NORMATIVO (PRESENCIAL) - DATA TÉRMINO = 2026-05-14 00:00:00
CAMPO ADICIONAL ATUALIZADO: NORMATIVO (PRESENCIAL) - INSTRUTOR = RODRIGO
CAMPO ADICIONAL ATUALIZADO: 2ª RETIRADA - CARREGAMENTO - DATA DE CARREGAMENTO = 2026-06-09 00:00:00
CAMPO ADICIONAL ATUALIZADO: 2ª RETIRADA - CARREGAMENTO - LOCAL = RUA SÃO QUIRINO, 758 - VILA GUILHERME - SÃO PAULO - SP
CAMPO ADICIONAL ATUALIZADO: OPERAÇÃO - DATA DE OPERAÇÃO = 2026-06-10 00:00:00
CAMPO ADICIONAL ATUALIZADO: OPERAÇÃO - LOCAL = RUA ÁLVARO ALVIM, 1123 - PAULICÉIA - SÃO BERNARDO DO CAMPO - SP
CAMPO ADICIONAL ATUALIZADO: CURSO TÉCNICO - MODALIDADE = PRESENCIAL
CAMPO ADICIONAL ATUALIZADO: CURSO TÉCNICO - LOCAL = RUA SÃO QUIRINO, 758 - VILA GUILHERME - SÃO PAULO - SP
CAMPO ADICIONAL ATUALIZADO: CURSO TÉCNICO - DATA INÍCIO = 2026-05-15 00:00:00
CAMPO ADICIONAL ATUALIZADO: CURSO TÉCNICO - DATA TÉRMINO = 2026-05-20 00:00:00
CAMPO ADICIONAL ATUALIZADO: CURSO TÉCNICO - INSTRUTOR = 2026 VIVO T41 GLAUCIO BVG
CAMPO ADICIONAL ATUALIZADO: DUPLADO - DATA INÍCIO = 2026-05-21 00:00:00
CAMPO ADICIONAL ATUALIZADO: DUPLADO - DATA TÉRMINO = 2026-06-03 00:00:00
CAMPO ADICIONAL ATUALIZADO: DUPLADO - GER. REGIONAL = -
CAMPO ADICIONAL ATUALIZADO: DUPLADO - LOCAL DE APRESENTAÇÃO = RUA ÁLVARO ALVIM, 1123 - PAULICÉIA - SÃO BERNARDO DO CAMPO - SP
CAMPO ADICIONAL ATUALIZADO: CURSO TÉCNICO RETORNO - MODALIDADE = PRESENCIAL
CAMPO ADICIONAL ATUALIZADO: CURSO TÉCNICO RETORNO - LOCAL = RUA ÁLVARO ALVIM, 1123 - PAULICÉIA - SÃO BERNARDO DO CAMPO - SP
CAMPO ADICIONAL ATUALIZADO: CURSO TÉCNICO RETORNO - DATA INÍCIO = 2026-06-05 00:00:00
CAMPO ADICIONAL ATUALIZADO: CURSO TÉCNICO RETORNO - INSTRUTOR = 2026 VIVO T41 GLAUCIO BVG
CAMPO ADICIONAL ATUALIZADO: CURSO TÉCNICO RETORNO - DATA TÉRMINO = 2026-06-08 00:00:00
CAMPO ADICIONAL ATUALIZADO: DUPLADO FASE 2 - DATA INÍCIO = -
CAMPO ADICIONAL ATUALIZADO: DUPLADO FASE 2 - DATA TÉRMINO = -
CAMPO ADICIONAL ATUALIZADO: DUPLADO FASE 2 - GER. REGIONAL = -
CAMPO ADICIONAL ATUALIZADO: DUPLADO FASE 2 - LOCAL DE APRESENTAÇÃO = -
Processando usuário existente: r061075 (Matrícula: 61075)
SENHA ATUALIZADA: r@85806
CAMPO ADICIONAL ATUALIZADO: CADASTRO - FUNÇÃO = MULTI SKILL OPT CON
CAMPO ADICIONAL ATUALIZADO: CADASTRO - ADMISSÃO = 2026-05-06 00:00:00
CAMPO ADICIONAL ATUALIZADO: CADASTRO - GERENTE REGIONAL = ALEXANDRE LYSAK
CAMPO ADICIONAL ATUALIZADO: CADASTRO - GERENTE CORPORATIVO = JANA ROSA DE ALMEIDA SIZOTTO
CAMPO ADICIONAL ATUALIZADO: INTEGRAÇÃO - MODALIDADE = PRESENCIAL
CAMPO ADICIONAL ATUALIZADO: INTEGRAÇÃO - LOCAL = RUA SÃO QUIRINO, 758 - VILA GUILHERME - SÃO PAULO - SP
CAMPO ADICIONAL ATUALIZADO: INTEGRAÇÃO - DATA INÍCIO = 2026-05-06 00:00:00
CAMPO ADICIONAL ATUALIZADO: INTEGRAÇÃO - DATA TÉRMINO = 2026-05-06 00:00:00
CAMPO ADICIONAL ATUALIZADO: INTEGRAÇÃO - INSTRUTOR = GELSIVAN
CAMPO ADICIONAL ATUALIZADO: 1ª RETIRADA - CARREGAMENTO - LOCAL = RUA SÃO QUIRINO, 758 - VILA GUILHERME - SÃO PAULO - SP
CAMPO ADICIONAL ATUALIZADO: 1ª RETIRADA - CARREGAMENTO - DATA DE CARREGAMENTO = 2026-05-13 00:00:00
CAMPO ADICIONAL ATUALIZADO: INTRODUÇÃO A SAÚDE E SEGURANÇA DO TRABALHO - MODALIDADE = ONLINE T2
CAMPO ADICIONAL ATUALIZADO: INTRODUÇÃO A SAÚDE E SEGURANÇA DO TRABALHO - LOCAL = https://teams.microsoft.com/meet/238144599512544?p=NPH77zpsohs8Eugsac
CAMPO ADICIONAL ATUALIZADO: INTRODUÇÃO A SAÚDE E SEGURANÇA DO TRABALHO - DATA INÍCIO = 2026-05-07 00:00:00
CAMPO ADICIONAL ATUALIZADO: INTRODUÇÃO A SAÚDE E SEGURANÇA DO TRABALHO - DATA TÉRMINO = 2026-05-07 00:00:00
CAMPO ADICIONAL ATUALIZADO: INTRODUÇÃO A SAÚDE E SEGURANÇA DO TRABALHO - INSTRUTOR = SESMT
CAMPO ADICIONAL ATUALIZADO: NORMATIVO (ONLINE) - DATA INÍCIO = 2026-05-08 00:00:00
CAMPO ADICIONAL ATUALIZADO: NORMATIVO (ONLINE) - DATA TÉRMINO = 2026-05-12 00:00:00
CAMPO ADICIONAL ATUALIZADO: NORMATIVO (ONLINE) - INSTRUTOR = RODRIGO
CAMPO ADICIONAL ATUALIZADO: NORMATIVO (ONLINE) - ACESSO = https://teams.microsoft.com/meet/223076657036901?p=MZm9fP8B2rcltNC8uf
CAMPO ADICIONAL ATUALIZADO: NORMATIVO (PRESENCIAL) - LOCAL = RUA SÃO QUIRINO, 758 - VILA GUILHERME - SÃO PAULO - SP
CAMPO ADICIONAL ATUALIZADO: NORMATIVO (PRESENCIAL) - DATA INÍCIO = 2026-05-13 00:00:00
CAMPO ADICIONAL ATUALIZADO: NORMATIVO (PRESENCIAL) - DATA TÉRMINO = 2026-05-14 00:00:00
CAMPO ADICIONAL ATUALIZADO: NORMATIVO (PRESENCIAL) - INSTRUTOR = RODRIGO
CAMPO ADICIONAL ATUALIZADO: 2ª RETIRADA - CARREGAMENTO - DATA DE CARREGAMENTO = 2026-06-09 00:00:00
CAMPO ADICIONAL ATUALIZADO: 2ª RETIRADA - CARREGAMENTO - LOCAL = RUA SÃO QUIRINO, 758 - VILA GUILHERME - SÃO PAULO - SP
CAMPO ADICIONAL ATUALIZADO: OPERAÇÃO - DATA DE OPERAÇÃO = 2026-06-10 00:00:00
CAMPO ADICIONAL ATUALIZADO: OPERAÇÃO - LOCAL = RUA SÃO QUIRINO, 758 - VILA GUILHERME - SÃO PAULO - SP
CAMPO ADICIONAL ATUALIZADO: CURSO TÉCNICO - MODALIDADE = PRESENCIAL
CAMPO ADICIONAL ATUALIZADO: CURSO TÉCNICO - LOCAL = RUA SÃO QUIRINO, 758 - VILA GUILHERME - SÃO PAULO - SP
CAMPO ADICIONAL ATUALIZADO: CURSO TÉCNICO - DATA INÍCIO = 2026-05-15 00:00:00
CAMPO ADICIONAL ATUALIZADO: CURSO TÉCNICO - DATA TÉRMINO = 2026-05-20 00:00:00
CAMPO ADICIONAL ATUALIZADO: CURSO TÉCNICO - INSTRUTOR = 2026 VIVO T41 GLAUCIO BVG
CAMPO ADICIONAL ATUALIZADO: DUPLADO - DATA INÍCIO = 2026-05-21 00:00:00
CAMPO ADICIONAL ATUALIZADO: DUPLADO - DATA TÉRMINO = 2026-06-03 00:00:00
CAMPO ADICIONAL ATUALIZADO: DUPLADO - GER. REGIONAL = -
CAMPO ADICIONAL ATUALIZADO: DUPLADO - LOCAL DE APRESENTAÇÃO = RUA SÃO QUIRINO, 758 - VILA GUILHERME - SÃO PAULO - SP
CAMPO ADICIONAL ATUALIZADO: CURSO TÉCNICO RETORNO - MODALIDADE = PRESENCIAL
CAMPO ADICIONAL ATUALIZADO: CURSO TÉCNICO RETORNO - LOCAL = RUA SÃO QUIRINO, 758 - VILA GUILHERME - SÃO PAULO - SP
CAMPO ADICIONAL ATUALIZADO: CURSO TÉCNICO RETORNO - DATA INÍCIO = 2026-06-05 00:00:00
CAMPO ADICIONAL ATUALIZADO: CURSO TÉCNICO RETORNO - INSTRUTOR = 2026 VIVO T41 GLAUCIO BVG
CAMPO ADICIONAL ATUALIZADO: CURSO TÉCNICO RETORNO - DATA TÉRMINO = 2026-06-08 00:00:00
CAMPO ADICIONAL ATUALIZADO: DUPLADO FASE 2 - DATA INÍCIO = -
CAMPO ADICIONAL ATUALIZADO: DUPLADO FASE 2 - DATA TÉRMINO = -
CAMPO ADICIONAL ATUALIZADO: DUPLADO FASE 2 - GER. REGIONAL = -
CAMPO ADICIONAL ATUALIZADO: DUPLADO FASE 2 - LOCAL DE APRESENTAÇÃO = -
Processando usuário existente: r061076 (Matrícula: 61076)
SENHA ATUALIZADA: r@17863
CAMPO ADICIONAL ATUALIZADO: CADASTRO - FUNÇÃO = MULTI SKILL OPT CON
CAMPO ADICIONAL ATUALIZADO: CADASTRO - ADMISSÃO = 2026-05-06 00:00:00
CAMPO ADICIONAL ATUALIZADO: CADASTRO - GERENTE REGIONAL = ALISSON DE JESUS CARVALHO
CAMPO ADICIONAL ATUALIZADO: CADASTRO - GERENTE CORPORATIVO = FABIO CONCEICAO DOS SANTOS
CAMPO ADICIONAL ATUALIZADO: INTEGRAÇÃO - MODALIDADE = PRESENCIAL
CAMPO ADICIONAL ATUALIZADO: INTEGRAÇÃO - LOCAL = RUA SÃO QUIRINO, 758 - VILA GUILHERME - SÃO PAULO - SP
CAMPO ADICIONAL ATUALIZADO: INTEGRAÇÃO - DATA INÍCIO = 2026-05-06 00:00:00
CAMPO ADICIONAL ATUALIZADO: INTEGRAÇÃO - DATA TÉRMINO = 2026-05-06 00:00:00
CAMPO ADICIONAL ATUALIZADO: INTEGRAÇÃO - INSTRUTOR = GELSIVAN
CAMPO ADICIONAL ATUALIZADO: 1ª RETIRADA - CARREGAMENTO - LOCAL = RUA ÁLVARO ALVIM, 1123 - PAULICÉIA - SÃO BERNARDO DO CAMPO - SP
CAMPO ADICIONAL ATUALIZADO: 1ª RETIRADA - CARREGAMENTO - DATA DE CARREGAMENTO = 2026-05-13 00:00:00
CAMPO ADICIONAL ATUALIZADO: INTRODUÇÃO A SAÚDE E SEGURANÇA DO TRABALHO - MODALIDADE = ONLINE T2
CAMPO ADICIONAL ATUALIZADO: INTRODUÇÃO A SAÚDE E SEGURANÇA DO TRABALHO - LOCAL = https://teams.microsoft.com/meet/238144599512544?p=NPH77zpsohs8Eugsac
CAMPO ADICIONAL ATUALIZADO: INTRODUÇÃO A SAÚDE E SEGURANÇA DO TRABALHO - DATA INÍCIO = 2026-05-07 00:00:00
CAMPO ADICIONAL ATUALIZADO: INTRODUÇÃO A SAÚDE E SEGURANÇA DO TRABALHO - DATA TÉRMINO = 2026-05-07 00:00:00
CAMPO ADICIONAL ATUALIZADO: INTRODUÇÃO A SAÚDE E SEGURANÇA DO TRABALHO - INSTRUTOR = SESMT
CAMPO ADICIONAL ATUALIZADO: NORMATIVO (ONLINE) - DATA INÍCIO = 2026-05-08 00:00:00
CAMPO ADICIONAL ATUALIZADO: NORMATIVO (ONLINE) - DATA TÉRMINO = 2026-05-12 00:00:00
CAMPO ADICIONAL ATUALIZADO: NORMATIVO (ONLINE) - INSTRUTOR = RODRIGO
CAMPO ADICIONAL ATUALIZADO: NORMATIVO (ONLINE) - ACESSO = https://teams.microsoft.com/meet/223076657036901?p=MZm9fP8B2rcltNC8uf
CAMPO ADICIONAL ATUALIZADO: NORMATIVO (PRESENCIAL) - LOCAL = RUA ÁLVARO ALVIM, 1123 - PAULICÉIA - SÃO BERNARDO DO CAMPO - SP
CAMPO ADICIONAL ATUALIZADO: NORMATIVO (PRESENCIAL) - DATA INÍCIO = 2026-05-13 00:00:00
CAMPO ADICIONAL ATUALIZADO: NORMATIVO (PRESENCIAL) - DATA TÉRMINO = 2026-05-14 00:00:00
CAMPO ADICIONAL ATUALIZADO: NORMATIVO (PRESENCIAL) - INSTRUTOR = RODRIGO
CAMPO ADICIONAL ATUALIZADO: 2ª RETIRADA - CARREGAMENTO - DATA DE CARREGAMENTO = 2026-06-09 00:00:00
CAMPO ADICIONAL ATUALIZADO: 2ª RETIRADA - CARREGAMENTO - LOCAL = RUA SÃO QUIRINO, 758 - VILA GUILHERME - SÃO PAULO - SP
CAMPO ADICIONAL ATUALIZADO: OPERAÇÃO - DATA DE OPERAÇÃO = 2026-06-10 00:00:00
CAMPO ADICIONAL ATUALIZADO: OPERAÇÃO - LOCAL = RUA SÃO QUIRINO, 758 - VILA GUILHERME - SÃO PAULO - SP
CAMPO ADICIONAL ATUALIZADO: CURSO TÉCNICO - MODALIDADE = PRESENCIAL
CAMPO ADICIONAL ATUALIZADO: CURSO TÉCNICO - LOCAL = RUA SÃO QUIRINO, 758 - VILA GUILHERME - SÃO PAULO - SP
CAMPO ADICIONAL ATUALIZADO: CURSO TÉCNICO - DATA INÍCIO = 2026-05-15 00:00:00
CAMPO ADICIONAL ATUALIZADO: CURSO TÉCNICO - DATA TÉRMINO = 2026-05-20 00:00:00
CAMPO ADICIONAL ATUALIZADO: CURSO TÉCNICO - INSTRUTOR = 2026 VIVO T41 GLAUCIO BVG
CAMPO ADICIONAL ATUALIZADO: DUPLADO - DATA INÍCIO = 2026-05-21 00:00:00
CAMPO ADICIONAL ATUALIZADO: DUPLADO - DATA TÉRMINO = 2026-06-03 00:00:00
CAMPO ADICIONAL ATUALIZADO: DUPLADO - GER. REGIONAL = -
CAMPO ADICIONAL ATUALIZADO: DUPLADO - LOCAL DE APRESENTAÇÃO = RUA SÃO QUIRINO, 758 - VILA GUILHERME - SÃO PAULO - SP
CAMPO ADICIONAL ATUALIZADO: CURSO TÉCNICO RETORNO - MODALIDADE = PRESENCIAL
CAMPO ADICIONAL ATUALIZADO: CURSO TÉCNICO RETORNO - LOCAL = RUA SÃO QUIRINO, 758 - VILA GUILHERME - SÃO PAULO - SP
CAMPO ADICIONAL ATUALIZADO: CURSO TÉCNICO RETORNO - DATA INÍCIO = 2026-06-05 00:00:00
CAMPO ADICIONAL ATUALIZADO: CURSO TÉCNICO RETORNO - INSTRUTOR = 2026 VIVO T41 GLAUCIO BVG
CAMPO ADICIONAL ATUALIZADO: CURSO TÉCNICO RETORNO - DATA TÉRMINO = 2026-06-08 00:00:00
CAMPO ADICIONAL ATUALIZADO: DUPLADO FASE 2 - DATA INÍCIO = -
CAMPO ADICIONAL ATUALIZADO: DUPLADO FASE 2 - DATA TÉRMINO = -
CAMPO ADICIONAL ATUALIZADO: DUPLADO FASE 2 - GER. REGIONAL = -
CAMPO ADICIONAL ATUALIZADO: DUPLADO FASE 2 - LOCAL DE APRESENTAÇÃO = -
Processando usuário existente: r061077 (Matrícula: 61077)
SENHA ATUALIZADA: r@03830
CAMPO ADICIONAL ATUALIZADO: CADASTRO - FUNÇÃO = MULTI SKILL OPT CON
CAMPO ADICIONAL ATUALIZADO: CADASTRO - ADMISSÃO = 2026-05-06 00:00:00
CAMPO ADICIONAL ATUALIZADO: CADASTRO - GERENTE REGIONAL = ANDRE FLOR GOMES
CAMPO ADICIONAL ATUALIZADO: CADASTRO - GERENTE CORPORATIVO = ODLEI RICARDO DOS REIS
CAMPO ADICIONAL ATUALIZADO: INTEGRAÇÃO - MODALIDADE = PRESENCIAL
CAMPO ADICIONAL ATUALIZADO: INTEGRAÇÃO - LOCAL = RUA SÃO QUIRINO, 758 - VILA GUILHERME - SÃO PAULO - SP
CAMPO ADICIONAL ATUALIZADO: INTEGRAÇÃO - DATA INÍCIO = 2026-05-06 00:00:00
CAMPO ADICIONAL ATUALIZADO: INTEGRAÇÃO - DATA TÉRMINO = 2026-05-06 00:00:00
CAMPO ADICIONAL ATUALIZADO: INTEGRAÇÃO - INSTRUTOR = GELSIVAN
CAMPO ADICIONAL ATUALIZADO: 1ª RETIRADA - CARREGAMENTO - LOCAL = RUA SÃO QUIRINO, 758 - VILA GUILHERME - SÃO PAULO - SP
CAMPO ADICIONAL ATUALIZADO: 1ª RETIRADA - CARREGAMENTO - DATA DE CARREGAMENTO = 2026-05-13 00:00:00
CAMPO ADICIONAL ATUALIZADO: INTRODUÇÃO A SAÚDE E SEGURANÇA DO TRABALHO - MODALIDADE = ONLINE T2
CAMPO ADICIONAL ATUALIZADO: INTRODUÇÃO A SAÚDE E SEGURANÇA DO TRABALHO - LOCAL = https://teams.microsoft.com/meet/238144599512544?p=NPH77zpsohs8Eugsac
CAMPO ADICIONAL ATUALIZADO: INTRODUÇÃO A SAÚDE E SEGURANÇA DO TRABALHO - DATA INÍCIO = 2026-05-07 00:00:00
CAMPO ADICIONAL ATUALIZADO: INTRODUÇÃO A SAÚDE E SEGURANÇA DO TRABALHO - DATA TÉRMINO = 2026-05-07 00:00:00
CAMPO ADICIONAL ATUALIZADO: INTRODUÇÃO A SAÚDE E SEGURANÇA DO TRABALHO - INSTRUTOR = SESMT
CAMPO ADICIONAL ATUALIZADO: NORMATIVO (ONLINE) - DATA INÍCIO = 2026-05-08 00:00:00
CAMPO ADICIONAL ATUALIZADO: NORMATIVO (ONLINE) - DATA TÉRMINO = 2026-05-12 00:00:00
CAMPO ADICIONAL ATUALIZADO: NORMATIVO (ONLINE) - INSTRUTOR = RODRIGO
CAMPO ADICIONAL ATUALIZADO: NORMATIVO (ONLINE) - ACESSO = https://teams.microsoft.com/meet/223076657036901?p=MZm9fP8B2rcltNC8uf
CAMPO ADICIONAL ATUALIZADO: NORMATIVO (PRESENCIAL) - LOCAL = RUA SÃO QUIRINO, 758 - VILA GUILHERME - SÃO PAULO - SP
CAMPO ADICIONAL ATUALIZADO: NORMATIVO (PRESENCIAL) - DATA INÍCIO = 2026-05-13 00:00:00
CAMPO ADICIONAL ATUALIZADO: NORMATIVO (PRESENCIAL) - DATA TÉRMINO = 2026-05-14 00:00:00
CAMPO ADICIONAL ATUALIZADO: NORMATIVO (PRESENCIAL) - INSTRUTOR = RODRIGO
CAMPO ADICIONAL ATUALIZADO: 2ª RETIRADA - CARREGAMENTO - DATA DE CARREGAMENTO = 2026-06-09 00:00:00
CAMPO ADICIONAL ATUALIZADO: 2ª RETIRADA - CARREGAMENTO - LOCAL = RUA SÃO QUIRINO, 758 - VILA GUILHERME - SÃO PAULO - SP
CAMPO ADICIONAL ATUALIZADO: OPERAÇÃO - DATA DE OPERAÇÃO = 2026-06-10 00:00:00
CAMPO ADICIONAL ATUALIZADO: OPERAÇÃO - LOCAL = RUA ÁLVARO ALVIM, 1123 - PAULICÉIA - SÃO BERNARDO DO CAMPO - SP
CAMPO ADICIONAL ATUALIZADO: CURSO TÉCNICO - MODALIDADE = PRESENCIAL
CAMPO ADICIONAL ATUALIZADO: CURSO TÉCNICO - LOCAL = RUA SÃO QUIRINO, 758 - VILA GUILHERME - SÃO PAULO - SP
CAMPO ADICIONAL ATUALIZADO: CURSO TÉCNICO - DATA INÍCIO = 2026-05-15 00:00:00
CAMPO ADICIONAL ATUALIZADO: CURSO TÉCNICO - DATA TÉRMINO = 2026-05-20 00:00:00
CAMPO ADICIONAL ATUALIZADO: CURSO TÉCNICO - INSTRUTOR = 2026 VIVO T41 GLAUCIO BVG
CAMPO ADICIONAL ATUALIZADO: DUPLADO - DATA INÍCIO = 2026-05-21 00:00:00
CAMPO ADICIONAL ATUALIZADO: DUPLADO - DATA TÉRMINO = 2026-06-03 00:00:00
CAMPO ADICIONAL ATUALIZADO: DUPLADO - GER. REGIONAL = -
CAMPO ADICIONAL ATUALIZADO: DUPLADO - LOCAL DE APRESENTAÇÃO = RUA ÁLVARO ALVIM, 1123 - PAULICÉIA - SÃO BERNARDO DO CAMPO - SP
CAMPO ADICIONAL ATUALIZADO: CURSO TÉCNICO RETORNO - MODALIDADE = PRESENCIAL
CAMPO ADICIONAL ATUALIZADO: CURSO TÉCNICO RETORNO - LOCAL = RUA ÁLVARO ALVIM, 1123 - PAULICÉIA - SÃO BERNARDO DO CAMPO - SP
CAMPO ADICIONAL ATUALIZADO: CURSO TÉCNICO RETORNO - DATA INÍCIO = 2026-06-05 00:00:00
CAMPO ADICIONAL ATUALIZADO: CURSO TÉCNICO RETORNO - INSTRUTOR = 2026 VIVO T41 GLAUCIO BVG
CAMPO ADICIONAL ATUALIZADO: CURSO TÉCNICO RETORNO - DATA TÉRMINO = 2026-06-08 00:00:00
CAMPO ADICIONAL ATUALIZADO: DUPLADO FASE 2 - DATA INÍCIO = -
CAMPO ADICIONAL ATUALIZADO: DUPLADO FASE 2 - DATA TÉRMINO = -
CAMPO ADICIONAL ATUALIZADO: DUPLADO FASE 2 - GER. REGIONAL = -
CAMPO ADICIONAL ATUALIZADO: DUPLADO FASE 2 - LOCAL DE APRESENTAÇÃO = -
Processando usuário existente: r061048 (Matrícula: 61048)
SENHA ATUALIZADA: r@28896
CAMPO ADICIONAL ATUALIZADO: CADASTRO - FUNÇÃO = AUX TELECOM
CAMPO ADICIONAL ATUALIZADO: CADASTRO - ADMISSÃO = 2026-05-06 00:00:00
CAMPO ADICIONAL ATUALIZADO: CADASTRO - GERENTE REGIONAL = ROBSON COSTA PATROCINIO
CAMPO ADICIONAL ATUALIZADO: CADASTRO - GERENTE CORPORATIVO = FRANCISCO ADOLFO ZAMPOL DE MARCO
CAMPO ADICIONAL ATUALIZADO: INTEGRAÇÃO - MODALIDADE = PRESENCIAL
CAMPO ADICIONAL ATUALIZADO: INTEGRAÇÃO - LOCAL = RUA SÃO QUIRINO, 758 - VILA GUILHERME - SÃO PAULO - SP
CAMPO ADICIONAL ATUALIZADO: INTEGRAÇÃO - DATA INÍCIO = 2026-05-06 00:00:00
CAMPO ADICIONAL ATUALIZADO: INTEGRAÇÃO - DATA TÉRMINO = 2026-05-06 00:00:00
CAMPO ADICIONAL ATUALIZADO: INTEGRAÇÃO - INSTRUTOR = GELSIVAN
CAMPO ADICIONAL ATUALIZADO: 1ª RETIRADA - CARREGAMENTO - LOCAL = RUA SÃO QUIRINO, 758 - VILA GUILHERME - SÃO PAULO - SP
CAMPO ADICIONAL ATUALIZADO: 1ª RETIRADA - CARREGAMENTO - DATA DE CARREGAMENTO = 2026-05-13 00:00:00
CAMPO ADICIONAL ATUALIZADO: INTRODUÇÃO A SAÚDE E SEGURANÇA DO TRABALHO - MODALIDADE = ONLINE T2
CAMPO ADICIONAL ATUALIZADO: INTRODUÇÃO A SAÚDE E SEGURANÇA DO TRABALHO - LOCAL = https://teams.microsoft.com/meet/238144599512544?p=NPH77zpsohs8Eugsac
CAMPO ADICIONAL ATUALIZADO: INTRODUÇÃO A SAÚDE E SEGURANÇA DO TRABALHO - DATA INÍCIO = 2026-05-07 00:00:00
CAMPO ADICIONAL ATUALIZADO: INTRODUÇÃO A SAÚDE E SEGURANÇA DO TRABALHO - DATA TÉRMINO = 2026-05-07 00:00:00
CAMPO ADICIONAL ATUALIZADO: INTRODUÇÃO A SAÚDE E SEGURANÇA DO TRABALHO - INSTRUTOR = SESMT
CAMPO ADICIONAL ATUALIZADO: NORMATIVO (ONLINE) - DATA INÍCIO = 2026-05-08 00:00:00
CAMPO ADICIONAL ATUALIZADO: NORMATIVO (ONLINE) - DATA TÉRMINO = 2026-05-14 00:00:00
CAMPO ADICIONAL ATUALIZADO: NORMATIVO (ONLINE) - INSTRUTOR = LUCIANO
CAMPO ADICIONAL ATUALIZADO: NORMATIVO (ONLINE) - ACESSO = https://teams.microsoft.com/meet/252035871893270?p=l1vJ3D0n81QLLIoTom
CAMPO ADICIONAL ATUALIZADO: NORMATIVO (PRESENCIAL) - LOCAL = RUA SÃO QUIRINO, 758 - VILA GUILHERME - SÃO PAULO - SP
CAMPO ADICIONAL ATUALIZADO: NORMATIVO (PRESENCIAL) - DATA INÍCIO = 2026-05-15 00:00:00
CAMPO ADICIONAL ATUALIZADO: NORMATIVO (PRESENCIAL) - DATA TÉRMINO = 2026-05-18 00:00:00
CAMPO ADICIONAL ATUALIZADO: NORMATIVO (PRESENCIAL) - INSTRUTOR = LUCIANO
CAMPO ADICIONAL ATUALIZADO: 2ª RETIRADA - CARREGAMENTO - DATA DE CARREGAMENTO = 2026-05-19 00:00:00
CAMPO ADICIONAL ATUALIZADO: 2ª RETIRADA - CARREGAMENTO - LOCAL = RUA SÃO QUIRINO, 758 - VILA GUILHERME - SÃO PAULO - SP
CAMPO ADICIONAL ATUALIZADO: OPERAÇÃO - DATA DE OPERAÇÃO = 2026-05-20 00:00:00
CAMPO ADICIONAL ATUALIZADO: OPERAÇÃO - LOCAL = RODOVIA JOÃO AFONSO DE SOUZA CASTELLANO, 1212 - VILA JAÚ - POÁ - SP
CAMPO ADICIONAL ATUALIZADO: CURSO TÉCNICO - MODALIDADE = -
CAMPO ADICIONAL ATUALIZADO: CURSO TÉCNICO - LOCAL = -
CAMPO ADICIONAL ATUALIZADO: CURSO TÉCNICO - DATA INÍCIO = -
CAMPO ADICIONAL ATUALIZADO: CURSO TÉCNICO - DATA TÉRMINO = -
CAMPO ADICIONAL ATUALIZADO: DUPLADO - DATA INÍCIO = -
CAMPO ADICIONAL ATUALIZADO: DUPLADO - DATA TÉRMINO = -
CAMPO ADICIONAL ATUALIZADO: DUPLADO - GER. REGIONAL = -
CAMPO ADICIONAL ATUALIZADO: DUPLADO - LOCAL DE APRESENTAÇÃO = -
CAMPO ADICIONAL ATUALIZADO: CURSO TÉCNICO RETORNO - MODALIDADE = -
CAMPO ADICIONAL ATUALIZADO: CURSO TÉCNICO RETORNO - LOCAL = -
CAMPO ADICIONAL ATUALIZADO: CURSO TÉCNICO RETORNO - DATA INÍCIO = -
CAMPO ADICIONAL ATUALIZADO: CURSO TÉCNICO RETORNO - INSTRUTOR = -
CAMPO ADICIONAL ATUALIZADO: CURSO TÉCNICO RETORNO - DATA TÉRMINO = -
CAMPO ADICIONAL ATUALIZADO: DUPLADO FASE 2 - DATA INÍCIO = -
CAMPO ADICIONAL ATUALIZADO: DUPLADO FASE 2 - DATA TÉRMINO = -
CAMPO ADICIONAL ATUALIZADO: DUPLADO FASE 2 - GER. REGIONAL = -
CAMPO ADICIONAL ATUALIZADO: DUPLADO FASE 2 - LOCAL DE APRESENTAÇÃO = -
Processando usuário existente: r061080 (Matrícula: 61080)
SENHA ATUALIZADA: r@86869
CAMPO ADICIONAL ATUALIZADO: CADASTRO - FUNÇÃO = MULTI SKILL OPT CON
CAMPO ADICIONAL ATUALIZADO: CADASTRO - ADMISSÃO = 2026-05-06 00:00:00
CAMPO ADICIONAL ATUALIZADO: CADASTRO - GERENTE REGIONAL = ALEXANDRE LYSAK
CAMPO ADICIONAL ATUALIZADO: CADASTRO - GERENTE CORPORATIVO = JANA ROSA DE ALMEIDA SIZOTTO
CAMPO ADICIONAL ATUALIZADO: INTEGRAÇÃO - MODALIDADE = PRESENCIAL
CAMPO ADICIONAL ATUALIZADO: INTEGRAÇÃO - LOCAL = RUA SÃO QUIRINO, 758 - VILA GUILHERME - SÃO PAULO - SP
CAMPO ADICIONAL ATUALIZADO: INTEGRAÇÃO - DATA INÍCIO = 2026-05-06 00:00:00
CAMPO ADICIONAL ATUALIZADO: INTEGRAÇÃO - DATA TÉRMINO = 2026-05-06 00:00:00
CAMPO ADICIONAL ATUALIZADO: INTEGRAÇÃO - INSTRUTOR = GELSIVAN
CAMPO ADICIONAL ATUALIZADO: 1ª RETIRADA - CARREGAMENTO - LOCAL = RUA ÁLVARO ALVIM, 1123 - PAULICÉIA - SÃO BERNARDO DO CAMPO - SP
CAMPO ADICIONAL ATUALIZADO: 1ª RETIRADA - CARREGAMENTO - DATA DE CARREGAMENTO = 2026-05-13 00:00:00
CAMPO ADICIONAL ATUALIZADO: INTRODUÇÃO A SAÚDE E SEGURANÇA DO TRABALHO - MODALIDADE = ONLINE T2
CAMPO ADICIONAL ATUALIZADO: INTRODUÇÃO A SAÚDE E SEGURANÇA DO TRABALHO - LOCAL = https://teams.microsoft.com/meet/238144599512544?p=NPH77zpsohs8Eugsac
CAMPO ADICIONAL ATUALIZADO: INTRODUÇÃO A SAÚDE E SEGURANÇA DO TRABALHO - DATA INÍCIO = 2026-05-07 00:00:00
CAMPO ADICIONAL ATUALIZADO: INTRODUÇÃO A SAÚDE E SEGURANÇA DO TRABALHO - DATA TÉRMINO = 2026-05-07 00:00:00127.0.0.1 - - [12/May/2026 17:00:27] "GET /user/dashboard HTTP/1.1" 302 -
127.0.0.1 - - [12/May/2026 17:00:27] "GET /login HTTP/1.1" 200 -
127.0.0.1 - - [12/May/2026 17:00:45] "POST /admin/upload HTTP/1.1" 302 -
127.0.0.1 - - [12/May/2026 17:00:46] "GET /admin/upload HTTP/1.1" 200 -
127.0.0.1 - - [12/May/2026 17:00:46] "GET /static/js/script.js HTTP/1.1" 304 -
127.0.0.1 - - [12/May/2026 17:00:46] "GET /static/css/style.css HTTP/1.1" 304 -

CAMPO ADICIONAL ATUALIZADO: INTRODUÇÃO A SAÚDE E SEGURANÇA DO TRABALHO - INSTRUTOR = SESMT
CAMPO ADICIONAL ATUALIZADO: NORMATIVO (ONLINE) - DATA INÍCIO = 2026-05-08 00:00:00
CAMPO ADICIONAL ATUALIZADO: NORMATIVO (ONLINE) - DATA TÉRMINO = 2026-05-12 00:00:00
CAMPO ADICIONAL ATUALIZADO: NORMATIVO (ONLINE) - INSTRUTOR = RODRIGO
CAMPO ADICIONAL ATUALIZADO: NORMATIVO (ONLINE) - ACESSO = https://teams.microsoft.com/meet/223076657036901?p=MZm9fP8B2rcltNC8uf
CAMPO ADICIONAL ATUALIZADO: NORMATIVO (PRESENCIAL) - LOCAL = RUA ÁLVARO ALVIM, 1123 - PAULICÉIA - SÃO BERNARDO DO CAMPO - SP
CAMPO ADICIONAL ATUALIZADO: NORMATIVO (PRESENCIAL) - DATA INÍCIO = 2026-05-13 00:00:00
CAMPO ADICIONAL ATUALIZADO: NORMATIVO (PRESENCIAL) - DATA TÉRMINO = 2026-05-14 00:00:00
CAMPO ADICIONAL ATUALIZADO: NORMATIVO (PRESENCIAL) - INSTRUTOR = RODRIGO
CAMPO ADICIONAL ATUALIZADO: 2ª RETIRADA - CARREGAMENTO - DATA DE CARREGAMENTO = 2026-06-09 00:00:00
CAMPO ADICIONAL ATUALIZADO: 2ª RETIRADA - CARREGAMENTO - LOCAL = RUA SÃO QUIRINO, 758 - VILA GUILHERME - SÃO PAULO - SP
CAMPO ADICIONAL ATUALIZADO: OPERAÇÃO - DATA DE OPERAÇÃO = 2026-06-10 00:00:00
CAMPO ADICIONAL ATUALIZADO: OPERAÇÃO - LOCAL = RUA SÃO QUIRINO, 758 - VILA GUILHERME - SÃO PAULO - SP
CAMPO ADICIONAL ATUALIZADO: CURSO TÉCNICO - MODALIDADE = PRESENCIAL
CAMPO ADICIONAL ATUALIZADO: CURSO TÉCNICO - LOCAL = RUA SÃO QUIRINO, 758 - VILA GUILHERME - SÃO PAULO - SP
CAMPO ADICIONAL ATUALIZADO: CURSO TÉCNICO - DATA INÍCIO = 2026-05-15 00:00:00
CAMPO ADICIONAL ATUALIZADO: CURSO TÉCNICO - DATA TÉRMINO = 2026-05-20 00:00:00
CAMPO ADICIONAL ATUALIZADO: CURSO TÉCNICO - INSTRUTOR = 2026 VIVO T41 GLAUCIO BVG
CAMPO ADICIONAL ATUALIZADO: DUPLADO - DATA INÍCIO = 2026-05-21 00:00:00
CAMPO ADICIONAL ATUALIZADO: DUPLADO - DATA TÉRMINO = 2026-06-03 00:00:00
CAMPO ADICIONAL ATUALIZADO: DUPLADO - GER. REGIONAL = -
CAMPO ADICIONAL ATUALIZADO: DUPLADO - LOCAL DE APRESENTAÇÃO = RUA SÃO QUIRINO, 758 - VILA GUILHERME - SÃO PAULO - SP
CAMPO ADICIONAL ATUALIZADO: CURSO TÉCNICO RETORNO - MODALIDADE = PRESENCIAL
CAMPO ADICIONAL ATUALIZADO: CURSO TÉCNICO RETORNO - LOCAL = RUA SÃO QUIRINO, 758 - VILA GUILHERME - SÃO PAULO - SP
CAMPO ADICIONAL ATUALIZADO: CURSO TÉCNICO RETORNO - DATA INÍCIO = 2026-06-05 00:00:00
CAMPO ADICIONAL ATUALIZADO: CURSO TÉCNICO RETORNO - INSTRUTOR = 2026 VIVO T41 GLAUCIO BVG
CAMPO ADICIONAL ATUALIZADO: CURSO TÉCNICO RETORNO - DATA TÉRMINO = 2026-06-08 00:00:00
CAMPO ADICIONAL ATUALIZADO: DUPLADO FASE 2 - DATA INÍCIO = -
CAMPO ADICIONAL ATUALIZADO: DUPLADO FASE 2 - DATA TÉRMINO = -
CAMPO ADICIONAL ATUALIZADO: DUPLADO FASE 2 - GER. REGIONAL = -
CAMPO ADICIONAL ATUALIZADO: DUPLADO FASE 2 - LOCAL DE APRESENTAÇÃO = -
Processando usuário existente: r061081 (Matrícula: 61081)
SENHA ATUALIZADA: r@92800
CAMPO ADICIONAL ATUALIZADO: CADASTRO - FUNÇÃO = MULTI SKILL OPT CON
CAMPO ADICIONAL ATUALIZADO: CADASTRO - ADMISSÃO = 2026-05-06 00:00:00
CAMPO ADICIONAL ATUALIZADO: CADASTRO - GERENTE REGIONAL = ALEXANDRE LYSAK
CAMPO ADICIONAL ATUALIZADO: CADASTRO - GERENTE CORPORATIVO = JANA ROSA DE ALMEIDA SIZOTTO
CAMPO ADICIONAL ATUALIZADO: INTEGRAÇÃO - MODALIDADE = PRESENCIAL
CAMPO ADICIONAL ATUALIZADO: INTEGRAÇÃO - LOCAL = RUA SÃO QUIRINO, 758 - VILA GUILHERME - SÃO PAULO - SP
CAMPO ADICIONAL ATUALIZADO: INTEGRAÇÃO - DATA INÍCIO = 2026-05-06 00:00:00
CAMPO ADICIONAL ATUALIZADO: INTEGRAÇÃO - DATA TÉRMINO = 2026-05-06 00:00:00
CAMPO ADICIONAL ATUALIZADO: INTEGRAÇÃO - INSTRUTOR = GELSIVAN
CAMPO ADICIONAL ATUALIZADO: 1ª RETIRADA - CARREGAMENTO - LOCAL = RUA ÁLVARO ALVIM, 1123 - PAULICÉIA - SÃO BERNARDO DO CAMPO - SP
CAMPO ADICIONAL ATUALIZADO: 1ª RETIRADA - CARREGAMENTO - DATA DE CARREGAMENTO = 2026-05-13 00:00:00
CAMPO ADICIONAL ATUALIZADO: INTRODUÇÃO A SAÚDE E SEGURANÇA DO TRABALHO - MODALIDADE = ONLINE T2
CAMPO ADICIONAL ATUALIZADO: INTRODUÇÃO A SAÚDE E SEGURANÇA DO TRABALHO - LOCAL = https://teams.microsoft.com/meet/238144599512544?p=NPH77zpsohs8Eugsac
CAMPO ADICIONAL ATUALIZADO: INTRODUÇÃO A SAÚDE E SEGURANÇA DO TRABALHO - DATA INÍCIO = 2026-05-07 00:00:00
CAMPO ADICIONAL ATUALIZADO: INTRODUÇÃO A SAÚDE E SEGURANÇA DO TRABALHO - DATA TÉRMINO = 2026-05-07 00:00:00
CAMPO ADICIONAL ATUALIZADO: INTRODUÇÃO A SAÚDE E SEGURANÇA DO TRABALHO - INSTRUTOR = SESMT
CAMPO ADICIONAL ATUALIZADO: NORMATIVO (ONLINE) - DATA INÍCIO = 2026-05-08 00:00:00
CAMPO ADICIONAL ATUALIZADO: NORMATIVO (ONLINE) - DATA TÉRMINO = 2026-05-12 00:00:00
CAMPO ADICIONAL ATUALIZADO: NORMATIVO (ONLINE) - INSTRUTOR = RODRIGO
CAMPO ADICIONAL ATUALIZADO: NORMATIVO (ONLINE) - ACESSO = https://teams.microsoft.com/meet/223076657036901?p=MZm9fP8B2rcltNC8uf
CAMPO ADICIONAL ATUALIZADO: NORMATIVO (PRESENCIAL) - LOCAL = RUA ÁLVARO ALVIM, 1123 - PAULICÉIA - SÃO BERNARDO DO CAMPO - SP
CAMPO ADICIONAL ATUALIZADO: NORMATIVO (PRESENCIAL) - DATA INÍCIO = 2026-05-13 00:00:00
CAMPO ADICIONAL ATUALIZADO: NORMATIVO (PRESENCIAL) - DATA TÉRMINO = 2026-05-14 00:00:00
CAMPO ADICIONAL ATUALIZADO: NORMATIVO (PRESENCIAL) - INSTRUTOR = RODRIGO
CAMPO ADICIONAL ATUALIZADO: 2ª RETIRADA - CARREGAMENTO - DATA DE CARREGAMENTO = 2026-06-09 00:00:00
CAMPO ADICIONAL ATUALIZADO: 2ª RETIRADA - CARREGAMENTO - LOCAL = RUA SÃO QUIRINO, 758 - VILA GUILHERME - SÃO PAULO - SP
CAMPO ADICIONAL ATUALIZADO: OPERAÇÃO - DATA DE OPERAÇÃO = 2026-06-10 00:00:00
CAMPO ADICIONAL ATUALIZADO: OPERAÇÃO - LOCAL = RUA SÃO QUIRINO, 758 - VILA GUILHERME - SÃO PAULO - SP
CAMPO ADICIONAL ATUALIZADO: CURSO TÉCNICO - MODALIDADE = PRESENCIAL
CAMPO ADICIONAL ATUALIZADO: CURSO TÉCNICO - LOCAL = RUA SÃO QUIRINO, 758 - VILA GUILHERME - SÃO PAULO - SP
CAMPO ADICIONAL ATUALIZADO: CURSO TÉCNICO - DATA INÍCIO = 2026-05-15 00:00:00
CAMPO ADICIONAL ATUALIZADO: CURSO TÉCNICO - DATA TÉRMINO = 2026-05-20 00:00:00
CAMPO ADICIONAL ATUALIZADO: CURSO TÉCNICO - INSTRUTOR = 2026 VIVO T41 GLAUCIO BVG
CAMPO ADICIONAL ATUALIZADO: DUPLADO - DATA INÍCIO = 2026-05-21 00:00:00
CAMPO ADICIONAL ATUALIZADO: DUPLADO - DATA TÉRMINO = 2026-06-03 00:00:00
CAMPO ADICIONAL ATUALIZADO: DUPLADO - GER. REGIONAL = -
CAMPO ADICIONAL ATUALIZADO: DUPLADO - LOCAL DE APRESENTAÇÃO = RUA SÃO QUIRINO, 758 - VILA GUILHERME - SÃO PAULO - SP
CAMPO ADICIONAL ATUALIZADO: CURSO TÉCNICO RETORNO - MODALIDADE = PRESENCIAL
CAMPO ADICIONAL ATUALIZADO: CURSO TÉCNICO RETORNO - LOCAL = RUA SÃO QUIRINO, 758 - VILA GUILHERME - SÃO PAULO - SP
CAMPO ADICIONAL ATUALIZADO: CURSO TÉCNICO RETORNO - DATA INÍCIO = 2026-06-05 00:00:00
CAMPO ADICIONAL ATUALIZADO: CURSO TÉCNICO RETORNO - INSTRUTOR = 2026 VIVO T41 GLAUCIO BVG
CAMPO ADICIONAL ATUALIZADO: CURSO TÉCNICO RETORNO - DATA TÉRMINO = 2026-06-08 00:00:00
CAMPO ADICIONAL ATUALIZADO: DUPLADO FASE 2 - DATA INÍCIO = -
CAMPO ADICIONAL ATUALIZADO: DUPLADO FASE 2 - DATA TÉRMINO = -
CAMPO ADICIONAL ATUALIZADO: DUPLADO FASE 2 - GER. REGIONAL = -
CAMPO ADICIONAL ATUALIZADO: DUPLADO FASE 2 - LOCAL DE APRESENTAÇÃO = -
Processando usuário existente: r061082 (Matrícula: 61082)
DEBUG: Iniciando processamento do arquivo: Upload Plataforma Icomon multi.xlsx
DEBUG: Tamanho do arquivo: 0
DEBUG: Tentando ler arquivo Excel...
DEBUG: Arquivo Excel lido com sucesso
Carregado data\users.json em 0.138s
Arquivo carregado em 0.593s - 31 linhas
Processando usuário existente: r061070 (Matrícula: 61070)
SENHA ATUALIZADA: r@10826
CAMPO ADICIONAL ATUALIZADO: CADASTRO - FUNÇÃO = MULTI SKILL OPT CON
CAMPO ADICIONAL ATUALIZADO: CADASTRO - ADMISSÃO = 2026-05-06 00:00:00
CAMPO ADICIONAL ATUALIZADO: CADASTRO - GERENTE REGIONAL = ALISSON DE JESUS CARVALHO
CAMPO ADICIONAL ATUALIZADO: CADASTRO - GERENTE CORPORATIVO = FABIO CONCEICAO DOS SANTOS
CAMPO ADICIONAL ATUALIZADO: INTEGRAÇÃO - MODALIDADE = PRESENCIAL
CAMPO ADICIONAL ATUALIZADO: INTEGRAÇÃO - LOCAL = RUA SÃO QUIRINO, 758 - VILA GUILHERME - SÃO PAULO - SP
CAMPO ADICIONAL ATUALIZADO: INTEGRAÇÃO - DATA INÍCIO = 2026-05-06 00:00:00
CAMPO ADICIONAL ATUALIZADO: INTEGRAÇÃO - DATA TÉRMINO = 2026-05-06 00:00:00
CAMPO ADICIONAL ATUALIZADO: INTEGRAÇÃO - INSTRUTOR = GELSIVAN
CAMPO ADICIONAL ATUALIZADO: 1ª RETIRADA - CARREGAMENTO - LOCAL = RUA SÃO QUIRINO, 758 - VILA GUILHERME - SÃO PAULO - SP
CAMPO ADICIONAL ATUALIZADO: 1ª RETIRADA - CARREGAMENTO - DATA DE CARREGAMENTO = 2026-05-13 00:00:00
CAMPO ADICIONAL ATUALIZADO: INTRODUÇÃO A SAÚDE E SEGURANÇA DO TRABALHO - MODALIDADE = ONLINE T2
CAMPO ADICIONAL ATUALIZADO: INTRODUÇÃO A SAÚDE E SEGURANÇA DO TRABALHO - LOCAL = https://teams.microsoft.com/meet/238144599512544?p=NPH77zpsohs8Eugsac
CAMPO ADICIONAL ATUALIZADO: INTRODUÇÃO A SAÚDE E SEGURANÇA DO TRABALHO - DATA INÍCIO = 2026-05-07 00:00:00
CAMPO ADICIONAL ATUALIZADO: INTRODUÇÃO A SAÚDE E SEGURANÇA DO TRABALHO - DATA TÉRMINO = 2026-05-07 00:00:00
CAMPO ADICIONAL ATUALIZADO: INTRODUÇÃO A SAÚDE E SEGURANÇA DO TRABALHO - INSTRUTOR = SESMT
CAMPO ADICIONAL ATUALIZADO: NORMATIVO (ONLINE) - DATA INÍCIO = 2026-05-08 00:00:00
CAMPO ADICIONAL ATUALIZADO: NORMATIVO (ONLINE) - DATA TÉRMINO = 2026-05-12 00:00:00
CAMPO ADICIONAL ATUALIZADO: NORMATIVO (ONLINE) - INSTRUTOR = RODRIGO
CAMPO ADICIONAL ATUALIZADO: NORMATIVO (ONLINE) - ACESSO = https://teams.microsoft.com/meet/223076657036901?p=MZm9fP8B2rcltNC8uf
CAMPO ADICIONAL ATUALIZADO: NORMATIVO (PRESENCIAL) - LOCAL = RUA SÃO QUIRINO, 758 - VILA GUILHERME - SÃO PAULO - SP
CAMPO ADICIONAL ATUALIZADO: NORMATIVO (PRESENCIAL) - DATA INÍCIO = 2026-05-13 00:00:00
CAMPO ADICIONAL ATUALIZADO: NORMATIVO (PRESENCIAL) - DATA TÉRMINO = 2026-05-14 00:00:00
CAMPO ADICIONAL ATUALIZADO: NORMATIVO (PRESENCIAL) - INSTRUTOR = RODRIGO
CAMPO ADICIONAL ATUALIZADO: 2ª RETIRADA - CARREGAMENTO - DATA DE CARREGAMENTO = 2026-06-09 00:00:00
CAMPO ADICIONAL ATUALIZADO: 2ª RETIRADA - CARREGAMENTO - LOCAL = RUA SÃO QUIRINO, 758 - VILA GUILHERME - SÃO PAULO - SP
CAMPO ADICIONAL ATUALIZADO: OPERAÇÃO - DATA DE OPERAÇÃO = 2026-06-10 00:00:00
CAMPO ADICIONAL ATUALIZADO: OPERAÇÃO - LOCAL = RUA SÃO QUIRINO, 758 - VILA GUILHERME - SÃO PAULO - SP
CAMPO ADICIONAL ATUALIZADO: CURSO TÉCNICO - MODALIDADE = PRESENCIAL
CAMPO ADICIONAL ATUALIZADO: CURSO TÉCNICO - LOCAL = RUA SÃO QUIRINO, 758 - VILA GUILHERME - SÃO PAULO - SP
CAMPO ADICIONAL ATUALIZADO: CURSO TÉCNICO - DATA INÍCIO = 2026-05-15 00:00:00
CAMPO ADICIONAL ATUALIZADO: CURSO TÉCNICO - DATA TÉRMINO = 2026-05-20 00:00:00
CAMPO ADICIONAL ATUALIZADO: CURSO TÉCNICO - INSTRUTOR = 2026 VIVO T41 GLAUCIO BVG
CAMPO ADICIONAL ATUALIZADO: DUPLADO - DATA INÍCIO = 2026-05-21 00:00:00
CAMPO ADICIONAL ATUALIZADO: DUPLADO - DATA TÉRMINO = 2026-06-03 00:00:00
CAMPO ADICIONAL ATUALIZADO: DUPLADO - GER. REGIONAL = -
CAMPO ADICIONAL ATUALIZADO: DUPLADO - LOCAL DE APRESENTAÇÃO = RUA SÃO QUIRINO, 758 - VILA GUILHERME - SÃO PAULO - SP
CAMPO ADICIONAL ATUALIZADO: CURSO TÉCNICO RETORNO - MODALIDADE = PRESENCIAL
CAMPO ADICIONAL ATUALIZADO: CURSO TÉCNICO RETORNO - LOCAL = RUA SÃO QUIRINO, 758 - VILA GUILHERME - SÃO PAULO - SP
CAMPO ADICIONAL ATUALIZADO: CURSO TÉCNICO RETORNO - DATA INÍCIO = 2026-06-05 00:00:00
CAMPO ADICIONAL ATUALIZADO: CURSO TÉCNICO RETORNO - INSTRUTOR = 2026 VIVO T41 GLAUCIO BVG
CAMPO ADICIONAL ATUALIZADO: CURSO TÉCNICO RETORNO - DATA TÉRMINO = 2026-06-08 00:00:00
CAMPO ADICIONAL ATUALIZADO: DUPLADO FASE 2 - DATA INÍCIO = -
CAMPO ADICIONAL ATUALIZADO: DUPLADO FASE 2 - DATA TÉRMINO = -
CAMPO ADICIONAL ATUALIZADO: DUPLADO FASE 2 - GER. REGIONAL = -
CAMPO ADICIONAL ATUALIZADO: DUPLADO FASE 2 - LOCAL DE APRESENTAÇÃO = -
Processando usuário existente: r061031 (Matrícula: 61031)
SENHA ATUALIZADA: r@65410
CAMPO ADICIONAL ATUALIZADO: CADASTRO - FUNÇÃO = MULTI SKILL OPT CON
CAMPO ADICIONAL ATUALIZADO: CADASTRO - ADMISSÃO = 2026-05-06 00:00:00
CAMPO ADICIONAL ATUALIZADO: CADASTRO - GERENTE REGIONAL = ALISSON DE JESUS CARVALHO
CAMPO ADICIONAL ATUALIZADO: CADASTRO - GERENTE CORPORATIVO = FABIO CONCEICAO DOS SANTOS
CAMPO ADICIONAL ATUALIZADO: INTEGRAÇÃO - MODALIDADE = PRESENCIAL
CAMPO ADICIONAL ATUALIZADO: INTEGRAÇÃO - LOCAL = RUA SÃO QUIRINO, 758 - VILA GUILHERME - SÃO PAULO - SP
CAMPO ADICIONAL ATUALIZADO: INTEGRAÇÃO - DATA INÍCIO = 2026-05-06 00:00:00
CAMPO ADICIONAL ATUALIZADO: INTEGRAÇÃO - DATA TÉRMINO = 2026-05-06 00:00:00
CAMPO ADICIONAL ATUALIZADO: INTEGRAÇÃO - INSTRUTOR = GELSIVAN
CAMPO ADICIONAL ATUALIZADO: 1ª RETIRADA - CARREGAMENTO - LOCAL = RUA ÁLVARO ALVIM, 1123 - PAULICÉIA - SÃO BERNARDO DO CAMPO - SP
CAMPO ADICIONAL ATUALIZADO: 1ª RETIRADA - CARREGAMENTO - DATA DE CARREGAMENTO = 2026-05-13 00:00:00
CAMPO ADICIONAL ATUALIZADO: INTRODUÇÃO A SAÚDE E SEGURANÇA DO TRABALHO - MODALIDADE = ONLINE T2
CAMPO ADICIONAL ATUALIZADO: INTRODUÇÃO A SAÚDE E SEGURANÇA DO TRABALHO - LOCAL = https://teams.microsoft.com/meet/238144599512544?p=NPH77zpsohs8Eugsac
CAMPO ADICIONAL ATUALIZADO: INTRODUÇÃO A SAÚDE E SEGURANÇA DO TRABALHO - DATA INÍCIO = 2026-05-07 00:00:00
CAMPO ADICIONAL ATUALIZADO: INTRODUÇÃO A SAÚDE E SEGURANÇA DO TRABALHO - DATA TÉRMINO = 2026-05-07 00:00:00
CAMPO ADICIONAL ATUALIZADO: INTRODUÇÃO A SAÚDE E SEGURANÇA DO TRABALHO - INSTRUTOR = SESMT
CAMPO ADICIONAL ATUALIZADO: NORMATIVO (ONLINE) - DATA INÍCIO = 2026-05-08 00:00:00
CAMPO ADICIONAL ATUALIZADO: NORMATIVO (ONLINE) - DATA TÉRMINO = 2026-05-12 00:00:00
CAMPO ADICIONAL ATUALIZADO: NORMATIVO (ONLINE) - INSTRUTOR = RODRIGO
CAMPO ADICIONAL ATUALIZADO: NORMATIVO (ONLINE) - ACESSO = https://teams.microsoft.com/meet/223076657036901?p=MZm9fP8B2rcltNC8uf
CAMPO ADICIONAL ATUALIZADO: NORMATIVO (PRESENCIAL) - LOCAL = RUA ÁLVARO ALVIM, 1123 - PAULICÉIA - SÃO BERNARDO DO CAMPO - SP
CAMPO ADICIONAL ATUALIZADO: NORMATIVO (PRESENCIAL) - DATA INÍCIO = 2026-05-13 00:00:00
CAMPO ADICIONAL ATUALIZADO: NORMATIVO (PRESENCIAL) - DATA TÉRMINO = 2026-05-14 00:00:00
CAMPO ADICIONAL ATUALIZADO: NORMATIVO (PRESENCIAL) - INSTRUTOR = RODRIGO
CAMPO ADICIONAL ATUALIZADO: 2ª RETIRADA - CARREGAMENTO - DATA DE CARREGAMENTO = 2026-06-09 00:00:00
CAMPO ADICIONAL ATUALIZADO: 2ª RETIRADA - CARREGAMENTO - LOCAL = RUA SÃO QUIRINO, 758 - VILA GUILHERME - SÃO PAULO - SP
CAMPO ADICIONAL ATUALIZADO: OPERAÇÃO - DATA DE OPERAÇÃO = 2026-06-10 00:00:00
CAMPO ADICIONAL ATUALIZADO: OPERAÇÃO - LOCAL = RUA SÃO QUIRINO, 758 - VILA GUILHERME - SÃO PAULO - SP
CAMPO ADICIONAL ATUALIZADO: CURSO TÉCNICO - MODALIDADE = PRESENCIAL
CAMPO ADICIONAL ATUALIZADO: CURSO TÉCNICO - LOCAL = RUA SÃO QUIRINO, 758 - VILA GUILHERME - SÃO PAULO - SP
CAMPO ADICIONAL ATUALIZADO: CURSO TÉCNICO - DATA INÍCIO = 2026-05-15 00:00:00
CAMPO ADICIONAL ATUALIZADO: CURSO TÉCNICO - DATA TÉRMINO = 2026-05-20 00:00:00
CAMPO ADICIONAL ATUALIZADO: CURSO TÉCNICO - INSTRUTOR = 2026 VIVO T41 GLAUCIO BVG
CAMPO ADICIONAL ATUALIZADO: DUPLADO - DATA INÍCIO = 2026-05-21 00:00:00
CAMPO ADICIONAL ATUALIZADO: DUPLADO - DATA TÉRMINO = 2026-06-03 00:00:00
CAMPO ADICIONAL ATUALIZADO: DUPLADO - GER. REGIONAL = -
CAMPO ADICIONAL ATUALIZADO: DUPLADO - LOCAL DE APRESENTAÇÃO = RUA SÃO QUIRINO, 758 - VILA GUILHERME - SÃO PAULO - SP
CAMPO ADICIONAL ATUALIZADO: CURSO TÉCNICO RETORNO - MODALIDADE = PRESENCIAL
CAMPO ADICIONAL ATUALIZADO: CURSO TÉCNICO RETORNO - LOCAL = RUA SÃO QUIRINO, 758 - VILA GUILHERME - SÃO PAULO - SP
CAMPO ADICIONAL ATUALIZADO: CURSO TÉCNICO RETORNO - DATA INÍCIO = 2026-06-05 00:00:00
CAMPO ADICIONAL ATUALIZADO: CURSO TÉCNICO RETORNO - INSTRUTOR = 2026 VIVO T41 GLAUCIO BVG
CAMPO ADICIONAL ATUALIZADO: CURSO TÉCNICO RETORNO - DATA TÉRMINO = 2026-06-08 00:00:00
CAMPO ADICIONAL ATUALIZADO: DUPLADO FASE 2 - DATA INÍCIO = -
CAMPO ADICIONAL ATUALIZADO: DUPLADO FASE 2 - DATA TÉRMINO = -
CAMPO ADICIONAL ATUALIZADO: DUPLADO FASE 2 - GER. REGIONAL = -
CAMPO ADICIONAL ATUALIZADO: DUPLADO FASE 2 - LOCAL DE APRESENTAÇÃO = -
Processando usuário existente: r061072 (Matrícula: 61072)
SENHA ATUALIZADA: r@82802
CAMPO ADICIONAL ATUALIZADO: CADASTRO - FUNÇÃO = AUX TELECOM
CAMPO ADICIONAL ATUALIZADO: CADASTRO - ADMISSÃO = 2026-05-06 00:00:00
CAMPO ADICIONAL ATUALIZADO: CADASTRO - GERENTE REGIONAL = ROBSON COSTA PATROCINIO
CAMPO ADICIONAL ATUALIZADO: CADASTRO - GERENTE CORPORATIVO = FRANCISCO ADOLFO ZAMPOL DE MARCO
CAMPO ADICIONAL ATUALIZADO: INTEGRAÇÃO - MODALIDADE = PRESENCIAL
CAMPO ADICIONAL ATUALIZADO: INTEGRAÇÃO - LOCAL = RUA SÃO QUIRINO, 758 - VILA GUILHERME - SÃO PAULO - SP
CAMPO ADICIONAL ATUALIZADO: INTEGRAÇÃO - DATA INÍCIO = 2026-05-06 00:00:00
CAMPO ADICIONAL ATUALIZADO: INTEGRAÇÃO - DATA TÉRMINO = 2026-05-06 00:00:00
CAMPO ADICIONAL ATUALIZADO: INTEGRAÇÃO - INSTRUTOR = GELSIVAN
CAMPO ADICIONAL ATUALIZADO: 1ª RETIRADA - CARREGAMENTO - LOCAL = RUA SÃO QUIRINO, 758 - VILA GUILHERME - SÃO PAULO - SP
CAMPO ADICIONAL ATUALIZADO: 1ª RETIRADA - CARREGAMENTO - DATA DE CARREGAMENTO = 2026-05-13 00:00:00
CAMPO ADICIONAL ATUALIZADO: INTRODUÇÃO A SAÚDE E SEGURANÇA DO TRABALHO - MODALIDADE = ONLINE T2
CAMPO ADICIONAL ATUALIZADO: INTRODUÇÃO A SAÚDE E SEGURANÇA DO TRABALHO - LOCAL = https://teams.microsoft.com/meet/238144599512544?p=NPH77zpsohs8Eugsac
CAMPO ADICIONAL ATUALIZADO: INTRODUÇÃO A SAÚDE E SEGURANÇA DO TRABALHO - DATA INÍCIO = 2026-05-07 00:00:00
CAMPO ADICIONAL ATUALIZADO: INTRODUÇÃO A SAÚDE E SEGURANÇA DO TRABALHO - DATA TÉRMINO = 2026-05-07 00:00:00
CAMPO ADICIONAL ATUALIZADO: INTRODUÇÃO A SAÚDE E SEGURANÇA DO TRABALHO - INSTRUTOR = SESMT
CAMPO ADICIONAL ATUALIZADO: NORMATIVO (ONLINE) - DATA INÍCIO = 2026-05-08 00:00:00
CAMPO ADICIONAL ATUALIZADO: NORMATIVO (ONLINE) - DATA TÉRMINO = 2026-05-14 00:00:00
CAMPO ADICIONAL ATUALIZADO: NORMATIVO (ONLINE) - INSTRUTOR = LUCIANO
CAMPO ADICIONAL ATUALIZADO: NORMATIVO (ONLINE) - ACESSO = https://teams.microsoft.com/meet/252035871893270?p=l1vJ3D0n81QLLIoTom
CAMPO ADICIONAL ATUALIZADO: NORMATIVO (PRESENCIAL) - LOCAL = RUA SÃO QUIRINO, 758 - VILA GUILHERME - SÃO PAULO - SP
CAMPO ADICIONAL ATUALIZADO: NORMATIVO (PRESENCIAL) - DATA INÍCIO = 2026-05-15 00:00:00
CAMPO ADICIONAL ATUALIZADO: NORMATIVO (PRESENCIAL) - DATA TÉRMINO = 2026-05-18 00:00:00
CAMPO ADICIONAL ATUALIZADO: NORMATIVO (PRESENCIAL) - INSTRUTOR = LUCIANO
CAMPO ADICIONAL ATUALIZADO: 2ª RETIRADA - CARREGAMENTO - DATA DE CARREGAMENTO = 2026-05-19 00:00:00
CAMPO ADICIONAL ATUALIZADO: 2ª RETIRADA - CARREGAMENTO - LOCAL = RUA SÃO QUIRINO, 758 - VILA GUILHERME - SÃO PAULO - SP
CAMPO ADICIONAL ATUALIZADO: OPERAÇÃO - DATA DE OPERAÇÃO = 2026-05-20 00:00:00
CAMPO ADICIONAL ATUALIZADO: OPERAÇÃO - LOCAL = RODOVIA JOÃO AFONSO DE SOUZA CASTELLANO, 1212 - VILA JAÚ - POÁ - SP
CAMPO ADICIONAL ATUALIZADO: CURSO TÉCNICO - MODALIDADE = -
CAMPO ADICIONAL ATUALIZADO: CURSO TÉCNICO - LOCAL = -
CAMPO ADICIONAL ATUALIZADO: CURSO TÉCNICO - DATA INÍCIO = -
CAMPO ADICIONAL ATUALIZADO: CURSO TÉCNICO - DATA TÉRMINO = -
CAMPO ADICIONAL ATUALIZADO: DUPLADO - DATA INÍCIO = -
CAMPO ADICIONAL ATUALIZADO: DUPLADO - DATA TÉRMINO = -
CAMPO ADICIONAL ATUALIZADO: DUPLADO - GER. REGIONAL = -
CAMPO ADICIONAL ATUALIZADO: DUPLADO - LOCAL DE APRESENTAÇÃO = -
CAMPO ADICIONAL ATUALIZADO: CURSO TÉCNICO RETORNO - MODALIDADE = -
CAMPO ADICIONAL ATUALIZADO: CURSO TÉCNICO RETORNO - LOCAL = -
CAMPO ADICIONAL ATUALIZADO: CURSO TÉCNICO RETORNO - DATA INÍCIO = -
CAMPO ADICIONAL ATUALIZADO: CURSO TÉCNICO RETORNO - INSTRUTOR = -
CAMPO ADICIONAL ATUALIZADO: CURSO TÉCNICO RETORNO - DATA TÉRMINO = -
CAMPO ADICIONAL ATUALIZADO: DUPLADO FASE 2 - DATA INÍCIO = -
CAMPO ADICIONAL ATUALIZADO: DUPLADO FASE 2 - DATA TÉRMINO = -
CAMPO ADICIONAL ATUALIZADO: DUPLADO FASE 2 - GER. REGIONAL = -
CAMPO ADICIONAL ATUALIZADO: DUPLADO FASE 2 - LOCAL DE APRESENTAÇÃO = -
Processando usuário existente: r061084 (Matrícula: 61084)
SENHA ATUALIZADA: r@18825
CAMPO ADICIONAL ATUALIZADO: CADASTRO - FUNÇÃO = MULTI SKILL OPT CON
CAMPO ADICIONAL ATUALIZADO: CADASTRO - ADMISSÃO = 2026-05-06 00:00:00
CAMPO ADICIONAL ATUALIZADO: CADASTRO - GERENTE REGIONAL = ALISSON DE JESUS CARVALHO
CAMPO ADICIONAL ATUALIZADO: CADASTRO - GERENTE CORPORATIVO = FABIO CONCEICAO DOS SANTOS
CAMPO ADICIONAL ATUALIZADO: INTEGRAÇÃO - MODALIDADE = PRESENCIAL
CAMPO ADICIONAL ATUALIZADO: INTEGRAÇÃO - LOCAL = RUA SÃO QUIRINO, 758 - VILA GUILHERME - SÃO PAULO - SP
CAMPO ADICIONAL ATUALIZADO: INTEGRAÇÃO - DATA INÍCIO = 2026-05-06 00:00:00
CAMPO ADICIONAL ATUALIZADO: INTEGRAÇÃO - DATA TÉRMINO = 2026-05-06 00:00:00
CAMPO ADICIONAL ATUALIZADO: INTEGRAÇÃO - INSTRUTOR = GELSIVAN
CAMPO ADICIONAL ATUALIZADO: 1ª RETIRADA - CARREGAMENTO - LOCAL = RUA ÁLVARO ALVIM, 1123 - PAULICÉIA - SÃO BERNARDO DO CAMPO - SP
CAMPO ADICIONAL ATUALIZADO: 1ª RETIRADA - CARREGAMENTO - DATA DE CARREGAMENTO = 2026-05-13 00:00:00
CAMPO ADICIONAL ATUALIZADO: INTRODUÇÃO A SAÚDE E SEGURANÇA DO TRABALHO - MODALIDADE = ONLINE T2
CAMPO ADICIONAL ATUALIZADO: INTRODUÇÃO A SAÚDE E SEGURANÇA DO TRABALHO - LOCAL = https://teams.microsoft.com/meet/238144599512544?p=NPH77zpsohs8Eugsac
CAMPO ADICIONAL ATUALIZADO: INTRODUÇÃO A SAÚDE E SEGURANÇA DO TRABALHO - DATA INÍCIO = 2026-05-07 00:00:00
CAMPO ADICIONAL ATUALIZADO: INTRODUÇÃO A SAÚDE E SEGURANÇA DO TRABALHO - DATA TÉRMINO = 2026-05-07 00:00:00
CAMPO ADICIONAL ATUALIZADO: INTRODUÇÃO A SAÚDE E SEGURANÇA DO TRABALHO - INSTRUTOR = SESMT
CAMPO ADICIONAL ATUALIZADO: NORMATIVO (ONLINE) - DATA INÍCIO = 2026-05-08 00:00:00
CAMPO ADICIONAL ATUALIZADO: NORMATIVO (ONLINE) - DATA TÉRMINO = 2026-05-12 00:00:00
CAMPO ADICIONAL ATUALIZADO: NORMATIVO (ONLINE) - INSTRUTOR = RODRIGO
CAMPO ADICIONAL ATUALIZADO: NORMATIVO (ONLINE) - ACESSO = https://teams.microsoft.com/meet/223076657036901?p=MZm9fP8B2rcltNC8uf
CAMPO ADICIONAL ATUALIZADO: NORMATIVO (PRESENCIAL) - LOCAL = RUA ÁLVARO ALVIM, 1123 - PAULICÉIA - SÃO BERNARDO DO CAMPO - SP
CAMPO ADICIONAL ATUALIZADO: NORMATIVO (PRESENCIAL) - DATA INÍCIO = 2026-05-13 00:00:00
CAMPO ADICIONAL ATUALIZADO: NORMATIVO (PRESENCIAL) - DATA TÉRMINO = 2026-05-14 00:00:00
CAMPO ADICIONAL ATUALIZADO: NORMATIVO (PRESENCIAL) - INSTRUTOR = RODRIGO
CAMPO ADICIONAL ATUALIZADO: 2ª RETIRADA - CARREGAMENTO - DATA DE CARREGAMENTO = 2026-06-09 00:00:00
CAMPO ADICIONAL ATUALIZADO: 2ª RETIRADA - CARREGAMENTO - LOCAL = RUA SÃO QUIRINO, 758 - VILA GUILHERME - SÃO PAULO - SP
CAMPO ADICIONAL ATUALIZADO: OPERAÇÃO - DATA DE OPERAÇÃO = 2026-06-10 00:00:00
CAMPO ADICIONAL ATUALIZADO: OPERAÇÃO - LOCAL = RUA SÃO QUIRINO, 758 - VILA GUILHERME - SÃO PAULO - SP
CAMPO ADICIONAL ATUALIZADO: CURSO TÉCNICO - MODALIDADE = PRESENCIAL
CAMPO ADICIONAL ATUALIZADO: CURSO TÉCNICO - LOCAL = RUA SÃO QUIRINO, 758 - VILA GUILHERME - SÃO PAULO - SP
CAMPO ADICIONAL ATUALIZADO: CURSO TÉCNICO - DATA INÍCIO = 2026-05-15 00:00:00
CAMPO ADICIONAL ATUALIZADO: CURSO TÉCNICO - DATA TÉRMINO = 2026-05-20 00:00:00
CAMPO ADICIONAL ATUALIZADO: CURSO TÉCNICO - INSTRUTOR = 2026 VIVO T41 GLAUCIO BVG
CAMPO ADICIONAL ATUALIZADO: DUPLADO - DATA INÍCIO = 2026-05-21 00:00:00
CAMPO ADICIONAL ATUALIZADO: DUPLADO - DATA TÉRMINO = 2026-06-03 00:00:00
CAMPO ADICIONAL ATUALIZADO: DUPLADO - GER. REGIONAL = -
CAMPO ADICIONAL ATUALIZADO: DUPLADO - LOCAL DE APRESENTAÇÃO = RUA SÃO QUIRINO, 758 - VILA GUILHERME - SÃO PAULO - SP
CAMPO ADICIONAL ATUALIZADO: CURSO TÉCNICO RETORNO - MODALIDADE = PRESENCIAL
CAMPO ADICIONAL ATUALIZADO: CURSO TÉCNICO RETORNO - LOCAL = RUA SÃO QUIRINO, 758 - VILA GUILHERME - SÃO PAULO - SP
CAMPO ADICIONAL ATUALIZADO: CURSO TÉCNICO RETORNO - DATA INÍCIO = 2026-06-05 00:00:00
CAMPO ADICIONAL ATUALIZADO: CURSO TÉCNICO RETORNO - INSTRUTOR = 2026 VIVO T41 GLAUCIO BVG
CAMPO ADICIONAL ATUALIZADO: CURSO TÉCNICO RETORNO - DATA TÉRMINO = 2026-06-08 00:00:00
CAMPO ADICIONAL ATUALIZADO: DUPLADO FASE 2 - DATA INÍCIO = -
CAMPO ADICIONAL ATUALIZADO: DUPLADO FASE 2 - DATA TÉRMINO = -
CAMPO ADICIONAL ATUALIZADO: DUPLADO FASE 2 - GER. REGIONAL = -
CAMPO ADICIONAL ATUALIZADO: DUPLADO FASE 2 - LOCAL DE APRESENTAÇÃO = -
Processando usuário existente: r061078 (Matrícula: 61078)
SENHA ATUALIZADA: r@93800
CAMPO ADICIONAL ATUALIZADO: CADASTRO - FUNÇÃO = MULTI SKILL OPT CON
CAMPO ADICIONAL ATUALIZADO: CADASTRO - ADMISSÃO = 2026-05-06 00:00:00
CAMPO ADICIONAL ATUALIZADO: CADASTRO - GERENTE REGIONAL = ALISSON DE JESUS CARVALHO
CAMPO ADICIONAL ATUALIZADO: CADASTRO - GERENTE CORPORATIVO = FABIO CONCEICAO DOS SANTOS
CAMPO ADICIONAL ATUALIZADO: INTEGRAÇÃO - MODALIDADE = PRESENCIAL
CAMPO ADICIONAL ATUALIZADO: INTEGRAÇÃO - LOCAL = RUA SÃO QUIRINO, 758 - VILA GUILHERME - SÃO PAULO - SP
CAMPO ADICIONAL ATUALIZADO: INTEGRAÇÃO - DATA INÍCIO = 2026-05-06 00:00:00
CAMPO ADICIONAL ATUALIZADO: INTEGRAÇÃO - DATA TÉRMINO = 2026-05-06 00:00:00
CAMPO ADICIONAL ATUALIZADO: INTEGRAÇÃO - INSTRUTOR = GELSIVAN
CAMPO ADICIONAL ATUALIZADO: 1ª RETIRADA - CARREGAMENTO - LOCAL = RUA ÁLVARO ALVIM, 1123 - PAULICÉIA - SÃO BERNARDO DO CAMPO - SP
CAMPO ADICIONAL ATUALIZADO: 1ª RETIRADA - CARREGAMENTO - DATA DE CARREGAMENTO = 2026-05-13 00:00:00
CAMPO ADICIONAL ATUALIZADO: INTRODUÇÃO A SAÚDE E SEGURANÇA DO TRABALHO - MODALIDADE = ONLINE T2
CAMPO ADICIONAL ATUALIZADO: INTRODUÇÃO A SAÚDE E SEGURANÇA DO TRABALHO - LOCAL = https://teams.microsoft.com/meet/238144599512544?p=NPH77zpsohs8Eugsac
CAMPO ADICIONAL ATUALIZADO: INTRODUÇÃO A SAÚDE E SEGURANÇA DO TRABALHO - DATA INÍCIO = 2026-05-07 00:00:00
CAMPO ADICIONAL ATUALIZADO: INTRODUÇÃO A SAÚDE E SEGURANÇA DO TRABALHO - DATA TÉRMINO = 2026-05-07 00:00:00
CAMPO ADICIONAL ATUALIZADO: INTRODUÇÃO A SAÚDE E SEGURANÇA DO TRABALHO - INSTRUTOR = SESMT
CAMPO ADICIONAL ATUALIZADO: NORMATIVO (ONLINE) - DATA INÍCIO = 2026-05-08 00:00:00
CAMPO ADICIONAL ATUALIZADO: NORMATIVO (ONLINE) - DATA TÉRMINO = 2026-05-12 00:00:00
CAMPO ADICIONAL ATUALIZADO: NORMATIVO (ONLINE) - INSTRUTOR = RODRIGO
CAMPO ADICIONAL ATUALIZADO: NORMATIVO (ONLINE) - ACESSO = https://teams.microsoft.com/meet/223076657036901?p=MZm9fP8B2rcltNC8uf
CAMPO ADICIONAL ATUALIZADO: NORMATIVO (PRESENCIAL) - LOCAL = RUA ÁLVARO ALVIM, 1123 - PAULICÉIA - SÃO BERNARDO DO CAMPO - SP
CAMPO ADICIONAL ATUALIZADO: NORMATIVO (PRESENCIAL) - DATA INÍCIO = 2026-05-13 00:00:00
CAMPO ADICIONAL ATUALIZADO: NORMATIVO (PRESENCIAL) - DATA TÉRMINO = 2026-05-14 00:00:00
CAMPO ADICIONAL ATUALIZADO: NORMATIVO (PRESENCIAL) - INSTRUTOR = RODRIGO
CAMPO ADICIONAL ATUALIZADO: 2ª RETIRADA - CARREGAMENTO - DATA DE CARREGAMENTO = 2026-06-09 00:00:00
CAMPO ADICIONAL ATUALIZADO: 2ª RETIRADA - CARREGAMENTO - LOCAL = RUA SÃO QUIRINO, 758 - VILA GUILHERME - SÃO PAULO - SP
CAMPO ADICIONAL ATUALIZADO: OPERAÇÃO - DATA DE OPERAÇÃO = 2026-06-10 00:00:00
CAMPO ADICIONAL ATUALIZADO: OPERAÇÃO - LOCAL = RUA SÃO QUIRINO, 758 - VILA GUILHERME - SÃO PAULO - SP
CAMPO ADICIONAL ATUALIZADO: CURSO TÉCNICO - MODALIDADE = PRESENCIAL
CAMPO ADICIONAL ATUALIZADO: CURSO TÉCNICO - LOCAL = RUA SÃO QUIRINO, 758 - VILA GUILHERME - SÃO PAULO - SP
CAMPO ADICIONAL ATUALIZADO: CURSO TÉCNICO - DATA INÍCIO = 2026-05-15 00:00:00
CAMPO ADICIONAL ATUALIZADO: CURSO TÉCNICO - DATA TÉRMINO = 2026-05-20 00:00:00
CAMPO ADICIONAL ATUALIZADO: CURSO TÉCNICO - INSTRUTOR = 2026 VIVO T41 GLAUCIO BVG
CAMPO ADICIONAL ATUALIZADO: DUPLADO - DATA INÍCIO = 2026-05-21 00:00:00
CAMPO ADICIONAL ATUALIZADO: DUPLADO - DATA TÉRMINO = 2026-06-03 00:00:00
CAMPO ADICIONAL ATUALIZADO: DUPLADO - GER. REGIONAL = -
CAMPO ADICIONAL ATUALIZADO: DUPLADO - LOCAL DE APRESENTAÇÃO = RUA SÃO QUIRINO, 758 - VILA GUILHERME - SÃO PAULO - SP
CAMPO ADICIONAL ATUALIZADO: CURSO TÉCNICO RETORNO - MODALIDADE = PRESENCIAL
CAMPO ADICIONAL ATUALIZADO: CURSO TÉCNICO RETORNO - LOCAL = RUA SÃO QUIRINO, 758 - VILA GUILHERME - SÃO PAULO - SP
CAMPO ADICIONAL ATUALIZADO: CURSO TÉCNICO RETORNO - DATA INÍCIO = 2026-06-05 00:00:00
CAMPO ADICIONAL ATUALIZADO: CURSO TÉCNICO RETORNO - INSTRUTOR = 2026 VIVO T41 GLAUCIO BVG
CAMPO ADICIONAL ATUALIZADO: CURSO TÉCNICO RETORNO - DATA TÉRMINO = 2026-06-08 00:00:00
CAMPO ADICIONAL ATUALIZADO: DUPLADO FASE 2 - DATA INÍCIO = -
CAMPO ADICIONAL ATUALIZADO: DUPLADO FASE 2 - DATA TÉRMINO = -
CAMPO ADICIONAL ATUALIZADO: DUPLADO FASE 2 - GER. REGIONAL = -
CAMPO ADICIONAL ATUALIZADO: DUPLADO FASE 2 - LOCAL DE APRESENTAÇÃO = -
Processando usuário existente: r061086 (Matrícula: 61086)
SENHA ATUALIZADA: r@28807
CAMPO ADICIONAL ATUALIZADO: CADASTRO - FUNÇÃO = MULTI SKILL OPT CON
CAMPO ADICIONAL ATUALIZADO: CADASTRO - ADMISSÃO = 2026-05-06 00:00:00
CAMPO ADICIONAL ATUALIZADO: CADASTRO - GERENTE REGIONAL = ANDRE FLOR GOMES
CAMPO ADICIONAL ATUALIZADO: CADASTRO - GERENTE CORPORATIVO = ODLEI RICARDO DOS REIS
CAMPO ADICIONAL ATUALIZADO: INTEGRAÇÃO - MODALIDADE = PRESENCIAL
CAMPO ADICIONAL ATUALIZADO: INTEGRAÇÃO - LOCAL = RUA SÃO QUIRINO, 758 - VILA GUILHERME - SÃO PAULO - SP
CAMPO ADICIONAL ATUALIZADO: INTEGRAÇÃO - DATA INÍCIO = 2026-05-06 00:00:00
CAMPO ADICIONAL ATUALIZADO: INTEGRAÇÃO - DATA TÉRMINO = 2026-05-06 00:00:00
CAMPO ADICIONAL ATUALIZADO: INTEGRAÇÃO - INSTRUTOR = GELSIVAN
CAMPO ADICIONAL ATUALIZADO: 1ª RETIRADA - CARREGAMENTO - LOCAL = RUA SÃO QUIRINO, 758 - VILA GUILHERME - SÃO PAULO - SP
CAMPO ADICIONAL ATUALIZADO: 1ª RETIRADA - CARREGAMENTO - DATA DE CARREGAMENTO = 2026-05-13 00:00:00
CAMPO ADICIONAL ATUALIZADO: INTRODUÇÃO A SAÚDE E SEGURANÇA DO TRABALHO - MODALIDADE = ONLINE T2
CAMPO ADICIONAL ATUALIZADO: INTRODUÇÃO A SAÚDE E SEGURANÇA DO TRABALHO - LOCAL = https://teams.microsoft.com/meet/238144599512544?p=NPH77zpsohs8Eugsac
CAMPO ADICIONAL ATUALIZADO: INTRODUÇÃO A SAÚDE E SEGURANÇA DO TRABALHO - DATA INÍCIO = 2026-05-07 00:00:00
CAMPO ADICIONAL ATUALIZADO: INTRODUÇÃO A SAÚDE E SEGURANÇA DO TRABALHO - DATA TÉRMINO = 2026-05-07 00:00:00
CAMPO ADICIONAL ATUALIZADO: INTRODUÇÃO A SAÚDE E SEGURANÇA DO TRABALHO - INSTRUTOR = SESMT
CAMPO ADICIONAL ATUALIZADO: NORMATIVO (ONLINE) - DATA INÍCIO = 2026-05-08 00:00:00
CAMPO ADICIONAL ATUALIZADO: NORMATIVO (ONLINE) - DATA TÉRMINO = 2026-05-12 00:00:00
CAMPO ADICIONAL ATUALIZADO: NORMATIVO (ONLINE) - INSTRUTOR = RODRIGO
CAMPO ADICIONAL ATUALIZADO: NORMATIVO (ONLINE) - ACESSO = https://teams.microsoft.com/meet/223076657036901?p=MZm9fP8B2rcltNC8uf
CAMPO ADICIONAL ATUALIZADO: NORMATIVO (PRESENCIAL) - LOCAL = RUA SÃO QUIRINO, 758 - VILA GUILHERME - SÃO PAULO - SP
CAMPO ADICIONAL ATUALIZADO: NORMATIVO (PRESENCIAL) - DATA INÍCIO = 2026-05-13 00:00:00
CAMPO ADICIONAL ATUALIZADO: NORMATIVO (PRESENCIAL) - DATA TÉRMINO = 2026-05-14 00:00:00
CAMPO ADICIONAL ATUALIZADO: NORMATIVO (PRESENCIAL) - INSTRUTOR = RODRIGO
CAMPO ADICIONAL ATUALIZADO: 2ª RETIRADA - CARREGAMENTO - DATA DE CARREGAMENTO = 2026-06-09 00:00:00
CAMPO ADICIONAL ATUALIZADO: 2ª RETIRADA - CARREGAMENTO - LOCAL = RUA SÃO QUIRINO, 758 - VILA GUILHERME - SÃO PAULO - SP
CAMPO ADICIONAL ATUALIZADO: OPERAÇÃO - DATA DE OPERAÇÃO = 2026-06-10 00:00:00
CAMPO ADICIONAL ATUALIZADO: OPERAÇÃO - LOCAL = RUA ÁLVARO ALVIM, 1123 - PAULICÉIA - SÃO BERNARDO DO CAMPO - SP
CAMPO ADICIONAL ATUALIZADO: CURSO TÉCNICO - MODALIDADE = PRESENCIAL
CAMPO ADICIONAL ATUALIZADO: CURSO TÉCNICO - LOCAL = RUA SÃO QUIRINO, 758 - VILA GUILHERME - SÃO PAULO - SP
CAMPO ADICIONAL ATUALIZADO: CURSO TÉCNICO - DATA INÍCIO = 2026-05-15 00:00:00
CAMPO ADICIONAL ATUALIZADO: CURSO TÉCNICO - DATA TÉRMINO = 2026-05-20 00:00:00
CAMPO ADICIONAL ATUALIZADO: CURSO TÉCNICO - INSTRUTOR = 2026 VIVO T41 GLAUCIO BVG
CAMPO ADICIONAL ATUALIZADO: DUPLADO - DATA INÍCIO = 2026-05-21 00:00:00
CAMPO ADICIONAL ATUALIZADO: DUPLADO - DATA TÉRMINO = 2026-06-03 00:00:00
CAMPO ADICIONAL ATUALIZADO: DUPLADO - GER. REGIONAL = -
CAMPO ADICIONAL ATUALIZADO: DUPLADO - LOCAL DE APRESENTAÇÃO = RUA ÁLVARO ALVIM, 1123 - PAULICÉIA - SÃO BERNARDO DO CAMPO - SP
CAMPO ADICIONAL ATUALIZADO: CURSO TÉCNICO RETORNO - MODALIDADE = PRESENCIAL
CAMPO ADICIONAL ATUALIZADO: CURSO TÉCNICO RETORNO - LOCAL = RUA ÁLVARO ALVIM, 1123 - PAULICÉIA - SÃO BERNARDO DO CAMPO - SP
CAMPO ADICIONAL ATUALIZADO: CURSO TÉCNICO RETORNO - DATA INÍCIO = 2026-06-05 00:00:00
CAMPO ADICIONAL ATUALIZADO: CURSO TÉCNICO RETORNO - INSTRUTOR = 2026 VIVO T41 GLAUCIO BVG
CAMPO ADICIONAL ATUALIZADO: CURSO TÉCNICO RETORNO - DATA TÉRMINO = 2026-06-08 00:00:00
CAMPO ADICIONAL ATUALIZADO: DUPLADO FASE 2 - DATA INÍCIO = -
CAMPO ADICIONAL ATUALIZADO: DUPLADO FASE 2 - DATA TÉRMINO = -
CAMPO ADICIONAL ATUALIZADO: DUPLADO FASE 2 - GER. REGIONAL = -
CAMPO ADICIONAL ATUALIZADO: DUPLADO FASE 2 - LOCAL DE APRESENTAÇÃO = -
Processando usuário existente: r061079 (Matrícula: 61079)
SENHA ATUALIZADA: r@72897
CAMPO ADICIONAL ATUALIZADO: CADASTRO - FUNÇÃO = MULTI SKILL OPT CON
CAMPO ADICIONAL ATUALIZADO: CADASTRO - ADMISSÃO = 2026-05-06 00:00:00
CAMPO ADICIONAL ATUALIZADO: CADASTRO - GERENTE REGIONAL = ALEXANDRE LYSAK
CAMPO ADICIONAL ATUALIZADO: CADASTRO - GERENTE CORPORATIVO = JANA ROSA DE ALMEIDA SIZOTTO
CAMPO ADICIONAL ATUALIZADO: INTEGRAÇÃO - MODALIDADE = PRESENCIAL
CAMPO ADICIONAL ATUALIZADO: INTEGRAÇÃO - LOCAL = RUA SÃO QUIRINO, 758 - VILA GUILHERME - SÃO PAULO - SP
CAMPO ADICIONAL ATUALIZADO: INTEGRAÇÃO - DATA INÍCIO = 2026-05-06 00:00:00
CAMPO ADICIONAL ATUALIZADO: INTEGRAÇÃO - DATA TÉRMINO = 2026-05-06 00:00:00
CAMPO ADICIONAL ATUALIZADO: INTEGRAÇÃO - INSTRUTOR = GELSIVAN
CAMPO ADICIONAL ATUALIZADO: 1ª RETIRADA - CARREGAMENTO - LOCAL = RUA SÃO QUIRINO, 758 - VILA GUILHERME - SÃO PAULO - SP
CAMPO ADICIONAL ATUALIZADO: 1ª RETIRADA - CARREGAMENTO - DATA DE CARREGAMENTO = 2026-05-13 00:00:00
CAMPO ADICIONAL ATUALIZADO: INTRODUÇÃO A SAÚDE E SEGURANÇA DO TRABALHO - MODALIDADE = ONLINE T2
CAMPO ADICIONAL ATUALIZADO: INTRODUÇÃO A SAÚDE E SEGURANÇA DO TRABALHO - LOCAL = https://teams.microsoft.com/meet/238144599512544?p=NPH77zpsohs8Eugsac
CAMPO ADICIONAL ATUALIZADO: INTRODUÇÃO A SAÚDE E SEGURANÇA DO TRABALHO - DATA INÍCIO = 2026-05-07 00:00:00
CAMPO ADICIONAL ATUALIZADO: INTRODUÇÃO A SAÚDE E SEGURANÇA DO TRABALHO - DATA TÉRMINO = 2026-05-07 00:00:00
CAMPO ADICIONAL ATUALIZADO: INTRODUÇÃO A SAÚDE E SEGURANÇA DO TRABALHO - INSTRUTOR = SESMT
CAMPO ADICIONAL ATUALIZADO: NORMATIVO (ONLINE) - DATA INÍCIO = 2026-05-08 00:00:00
CAMPO ADICIONAL ATUALIZADO: NORMATIVO (ONLINE) - DATA TÉRMINO = 2026-05-12 00:00:00
CAMPO ADICIONAL ATUALIZADO: NORMATIVO (ONLINE) - INSTRUTOR = RODRIGO
CAMPO ADICIONAL ATUALIZADO: NORMATIVO (ONLINE) - ACESSO = https://teams.microsoft.com/meet/223076657036901?p=MZm9fP8B2rcltNC8uf
CAMPO ADICIONAL ATUALIZADO: NORMATIVO (PRESENCIAL) - LOCAL = RUA SÃO QUIRINO, 758 - VILA GUILHERME - SÃO PAULO - SP
CAMPO ADICIONAL ATUALIZADO: NORMATIVO (PRESENCIAL) - DATA INÍCIO = 2026-05-13 00:00:00
CAMPO ADICIONAL ATUALIZADO: NORMATIVO (PRESENCIAL) - DATA TÉRMINO = 2026-05-14 00:00:00
CAMPO ADICIONAL ATUALIZADO: NORMATIVO (PRESENCIAL) - INSTRUTOR = RODRIGO
CAMPO ADICIONAL ATUALIZADO: 2ª RETIRADA - CARREGAMENTO - DATA DE CARREGAMENTO = 2026-06-09 00:00:00
CAMPO ADICIONAL ATUALIZADO: 2ª RETIRADA - CARREGAMENTO - LOCAL = RUA SÃO QUIRINO, 758 - VILA GUILHERME - SÃO PAULO - SP
CAMPO ADICIONAL ATUALIZADO: OPERAÇÃO - DATA DE OPERAÇÃO = 2026-06-10 00:00:00
CAMPO ADICIONAL ATUALIZADO: OPERAÇÃO - LOCAL = RUA SÃO QUIRINO, 758 - VILA GUILHERME - SÃO PAULO - SP
CAMPO ADICIONAL ATUALIZADO: CURSO TÉCNICO - MODALIDADE = PRESENCIAL
CAMPO ADICIONAL ATUALIZADO: CURSO TÉCNICO - LOCAL = RUA SÃO QUIRINO, 758 - VILA GUILHERME - SÃO PAULO - SP
CAMPO ADICIONAL ATUALIZADO: CURSO TÉCNICO - DATA INÍCIO = 2026-05-15 00:00:00
CAMPO ADICIONAL ATUALIZADO: CURSO TÉCNICO - DATA TÉRMINO = 2026-05-20 00:00:00
CAMPO ADICIONAL ATUALIZADO: CURSO TÉCNICO - INSTRUTOR = 2026 VIVO T41 GLAUCIO BVG
CAMPO ADICIONAL ATUALIZADO: DUPLADO - DATA INÍCIO = 2026-05-21 00:00:00
CAMPO ADICIONAL ATUALIZADO: DUPLADO - DATA TÉRMINO = 2026-06-03 00:00:00
CAMPO ADICIONAL ATUALIZADO: DUPLADO - GER. REGIONAL = -
CAMPO ADICIONAL ATUALIZADO: DUPLADO - LOCAL DE APRESENTAÇÃO = RUA SÃO QUIRINO, 758 - VILA GUILHERME - SÃO PAULO - SP
CAMPO ADICIONAL ATUALIZADO: CURSO TÉCNICO RETORNO - MODALIDADE = PRESENCIAL
CAMPO ADICIONAL ATUALIZADO: CURSO TÉCNICO RETORNO - LOCAL = RUA SÃO QUIRINO, 758 - VILA GUILHERME - SÃO PAULO - SP
CAMPO ADICIONAL ATUALIZADO: CURSO TÉCNICO RETORNO - DATA INÍCIO = 2026-06-05 00:00:00
CAMPO ADICIONAL ATUALIZADO: CURSO TÉCNICO RETORNO - INSTRUTOR = 2026 VIVO T41 GLAUCIO BVG
CAMPO ADICIONAL ATUALIZADO: CURSO TÉCNICO RETORNO - DATA TÉRMINO = 2026-06-08 00:00:00
CAMPO ADICIONAL ATUALIZADO: DUPLADO FASE 2 - DATA INÍCIO = -
CAMPO ADICIONAL ATUALIZADO: DUPLADO FASE 2 - DATA TÉRMINO = -
CAMPO ADICIONAL ATUALIZADO: DUPLADO FASE 2 - GER. REGIONAL = -
CAMPO ADICIONAL ATUALIZADO: DUPLADO FASE 2 - LOCAL DE APRESENTAÇÃO = -
Processando usuário existente: r061097 (Matrícula: 61097)
SENHA ATUALIZADA: r@96875
CAMPO ADICIONAL ATUALIZADO: CADASTRO - FUNÇÃO = MULTI SKILL OPT CON
CAMPO ADICIONAL ATUALIZADO: CADASTRO - ADMISSÃO = 2026-05-06 00:00:00
CAMPO ADICIONAL ATUALIZADO: CADASTRO - GERENTE REGIONAL = ALISSON DE JESUS CARVALHO
CAMPO ADICIONAL ATUALIZADO: CADASTRO - GERENTE CORPORATIVO = FABIO CONCEICAO DOS SANTOS
CAMPO ADICIONAL ATUALIZADO: INTEGRAÇÃO - MODALIDADE = PRESENCIAL
CAMPO ADICIONAL ATUALIZADO: INTEGRAÇÃO - LOCAL = RUA SÃO QUIRINO, 758 - VILA GUILHERME - SÃO PAULO - SP
CAMPO ADICIONAL ATUALIZADO: INTEGRAÇÃO - DATA INÍCIO = 2026-05-06 00:00:00
CAMPO ADICIONAL ATUALIZADO: INTEGRAÇÃO - DATA TÉRMINO = 2026-05-06 00:00:00
CAMPO ADICIONAL ATUALIZADO: INTEGRAÇÃO - INSTRUTOR = GELSIVAN
CAMPO ADICIONAL ATUALIZADO: 1ª RETIRADA - CARREGAMENTO - LOCAL = RUA SÃO QUIRINO, 758 - VILA GUILHERME - SÃO PAULO - SP
CAMPO ADICIONAL ATUALIZADO: 1ª RETIRADA - CARREGAMENTO - DATA DE CARREGAMENTO = 2026-05-13 00:00:00
CAMPO ADICIONAL ATUALIZADO: INTRODUÇÃO A SAÚDE E SEGURANÇA DO TRABALHO - MODALIDADE = ONLINE T2
CAMPO ADICIONAL ATUALIZADO: INTRODUÇÃO A SAÚDE E SEGURANÇA DO TRABALHO - LOCAL = https://teams.microsoft.com/meet/238144599512544?p=NPH77zpsohs8Eugsac
CAMPO ADICIONAL ATUALIZADO: INTRODUÇÃO A SAÚDE E SEGURANÇA DO TRABALHO - DATA INÍCIO = 2026-05-07 00:00:00
CAMPO ADICIONAL ATUALIZADO: INTRODUÇÃO A SAÚDE E SEGURANÇA DO TRABALHO - DATA TÉRMINO = 2026-05-07 00:00:00
CAMPO ADICIONAL ATUALIZADO: INTRODUÇÃO A SAÚDE E SEGURANÇA DO TRABALHO - INSTRUTOR = SESMT
CAMPO ADICIONAL ATUALIZADO: NORMATIVO (ONLINE) - DATA INÍCIO = 2026-05-08 00:00:00
CAMPO ADICIONAL ATUALIZADO: NORMATIVO (ONLINE) - DATA TÉRMINO = 2026-05-12 00:00:00
CAMPO ADICIONAL ATUALIZADO: NORMATIVO (ONLINE) - INSTRUTOR = RODRIGO
CAMPO ADICIONAL ATUALIZADO: NORMATIVO (ONLINE) - ACESSO = https://teams.microsoft.com/meet/223076657036901?p=MZm9fP8B2rcltNC8uf
CAMPO ADICIONAL ATUALIZADO: NORMATIVO (PRESENCIAL) - LOCAL = RUA SÃO QUIRINO, 758 - VILA GUILHERME - SÃO PAULO - SP
CAMPO ADICIONAL ATUALIZADO: NORMATIVO (PRESENCIAL) - DATA INÍCIO = 2026-05-13 00:00:00
CAMPO ADICIONAL ATUALIZADO: NORMATIVO (PRESENCIAL) - DATA TÉRMINO = 2026-05-14 00:00:00
CAMPO ADICIONAL ATUALIZADO: NORMATIVO (PRESENCIAL) - INSTRUTOR = RODRIGO
CAMPO ADICIONAL ATUALIZADO: 2ª RETIRADA - CARREGAMENTO - DATA DE CARREGAMENTO = 2026-06-09 00:00:00
CAMPO ADICIONAL ATUALIZADO: 2ª RETIRADA - CARREGAMENTO - LOCAL = RUA SÃO QUIRINO, 758 - VILA GUILHERME - SÃO PAULO - SP
CAMPO ADICIONAL ATUALIZADO: OPERAÇÃO - DATA DE OPERAÇÃO = 2026-06-10 00:00:00
CAMPO ADICIONAL ATUALIZADO: OPERAÇÃO - LOCAL = RUA SÃO QUIRINO, 758 - VILA GUILHERME - SÃO PAULO - SP
CAMPO ADICIONAL ATUALIZADO: CURSO TÉCNICO - MODALIDADE = PRESENCIAL
CAMPO ADICIONAL ATUALIZADO: CURSO TÉCNICO - LOCAL = RUA SÃO QUIRINO, 758 - VILA GUILHERME - SÃO PAULO - SP
CAMPO ADICIONAL ATUALIZADO: CURSO TÉCNICO - DATA INÍCIO = 2026-05-15 00:00:00
CAMPO ADICIONAL ATUALIZADO: CURSO TÉCNICO - DATA TÉRMINO = 2026-05-20 00:00:00
CAMPO ADICIONAL ATUALIZADO: CURSO TÉCNICO - INSTRUTOR = 2026 VIVO T41 GLAUCIO BVG
CAMPO ADICIONAL ATUALIZADO: DUPLADO - DATA INÍCIO = 2026-05-21 00:00:00
CAMPO ADICIONAL ATUALIZADO: DUPLADO - DATA TÉRMINO = 2026-06-03 00:00:00
CAMPO ADICIONAL ATUALIZADO: DUPLADO - GER. REGIONAL = -
CAMPO ADICIONAL ATUALIZADO: DUPLADO - LOCAL DE APRESENTAÇÃO = RUA SÃO QUIRINO, 758 - VILA GUILHERME - SÃO PAULO - SP
CAMPO ADICIONAL ATUALIZADO: CURSO TÉCNICO RETORNO - MODALIDADE = PRESENCIAL
CAMPO ADICIONAL ATUALIZADO: CURSO TÉCNICO RETORNO - LOCAL = RUA SÃO QUIRINO, 758 - VILA GUILHERME - SÃO PAULO - SP
CAMPO ADICIONAL ATUALIZADO: CURSO TÉCNICO RETORNO - DATA INÍCIO = 2026-06-05 00:00:00
CAMPO ADICIONAL ATUALIZADO: CURSO TÉCNICO RETORNO - INSTRUTOR = 2026 VIVO T41 GLAUCIO BVG
CAMPO ADICIONAL ATUALIZADO: CURSO TÉCNICO RETORNO - DATA TÉRMINO = 2026-06-08 00:00:00
CAMPO ADICIONAL ATUALIZADO: DUPLADO FASE 2 - DATA INÍCIO = -
CAMPO ADICIONAL ATUALIZADO: DUPLADO FASE 2 - DATA TÉRMINO = -
CAMPO ADICIONAL ATUALIZADO: DUPLADO FASE 2 - GER. REGIONAL = -
CAMPO ADICIONAL ATUALIZADO: DUPLADO FASE 2 - LOCAL DE APRESENTAÇÃO = -
Processando usuário existente: r061083 (Matrícula: 61083)
SENHA ATUALIZADA: r@63804
CAMPO ADICIONAL ATUALIZADO: CADASTRO - FUNÇÃO = MULTI SKILL OPT CON
CAMPO ADICIONAL ATUALIZADO: CADASTRO - ADMISSÃO = 2026-05-06 00:00:00
CAMPO ADICIONAL ATUALIZADO: CADASTRO - GERENTE REGIONAL = ANDRE FLOR GOMES
CAMPO ADICIONAL ATUALIZADO: CADASTRO - GERENTE CORPORATIVO = ODLEI RICARDO DOS REIS
CAMPO ADICIONAL ATUALIZADO: INTEGRAÇÃO - MODALIDADE = PRESENCIAL
CAMPO ADICIONAL ATUALIZADO: INTEGRAÇÃO - LOCAL = RUA SÃO QUIRINO, 758 - VILA GUILHERME - SÃO PAULO - SP
CAMPO ADICIONAL ATUALIZADO: INTEGRAÇÃO - DATA INÍCIO = 2026-05-06 00:00:00
CAMPO ADICIONAL ATUALIZADO: INTEGRAÇÃO - DATA TÉRMINO = 2026-05-06 00:00:00
CAMPO ADICIONAL ATUALIZADO: INTEGRAÇÃO - INSTRUTOR = GELSIVAN
CAMPO ADICIONAL ATUALIZADO: 1ª RETIRADA - CARREGAMENTO - LOCAL = RUA ÁLVARO ALVIM, 1123 - PAULICÉIA - SÃO BERNARDO DO CAMPO - SP
CAMPO ADICIONAL ATUALIZADO: 1ª RETIRADA - CARREGAMENTO - DATA DE CARREGAMENTO = 2026-05-13 00:00:00
CAMPO ADICIONAL ATUALIZADO: INTRODUÇÃO A SAÚDE E SEGURANÇA DO TRABALHO - MODALIDADE = ONLINE T2
CAMPO ADICIONAL ATUALIZADO: INTRODUÇÃO A SAÚDE E SEGURANÇA DO TRABALHO - LOCAL = https://teams.microsoft.com/meet/238144599512544?p=NPH77zpsohs8Eugsac
CAMPO ADICIONAL ATUALIZADO: INTRODUÇÃO A SAÚDE E SEGURANÇA DO TRABALHO - DATA INÍCIO = 2026-05-07 00:00:00
CAMPO ADICIONAL ATUALIZADO: INTRODUÇÃO A SAÚDE E SEGURANÇA DO TRABALHO - DATA TÉRMINO = 2026-05-07 00:00:00
CAMPO ADICIONAL ATUALIZADO: INTRODUÇÃO A SAÚDE E SEGURANÇA DO TRABALHO - INSTRUTOR = SESMT
CAMPO ADICIONAL ATUALIZADO: NORMATIVO (ONLINE) - DATA INÍCIO = 2026-05-08 00:00:00
CAMPO ADICIONAL ATUALIZADO: NORMATIVO (ONLINE) - DATA TÉRMINO = 2026-05-12 00:00:00
CAMPO ADICIONAL ATUALIZADO: NORMATIVO (ONLINE) - INSTRUTOR = RODRIGO
CAMPO ADICIONAL ATUALIZADO: NORMATIVO (ONLINE) - ACESSO = https://teams.microsoft.com/meet/223076657036901?p=MZm9fP8B2rcltNC8uf
CAMPO ADICIONAL ATUALIZADO: NORMATIVO (PRESENCIAL) - LOCAL = RUA ÁLVARO ALVIM, 1123 - PAULICÉIA - SÃO BERNARDO DO CAMPO - SP
CAMPO ADICIONAL ATUALIZADO: NORMATIVO (PRESENCIAL) - DATA INÍCIO = 2026-05-13 00:00:00
CAMPO ADICIONAL ATUALIZADO: NORMATIVO (PRESENCIAL) - DATA TÉRMINO = 2026-05-14 00:00:00
CAMPO ADICIONAL ATUALIZADO: NORMATIVO (PRESENCIAL) - INSTRUTOR = RODRIGO
CAMPO ADICIONAL ATUALIZADO: 2ª RETIRADA - CARREGAMENTO - DATA DE CARREGAMENTO = 2026-06-09 00:00:00
CAMPO ADICIONAL ATUALIZADO: 2ª RETIRADA - CARREGAMENTO - LOCAL = RUA SÃO QUIRINO, 758 - VILA GUILHERME - SÃO PAULO - SP
CAMPO ADICIONAL ATUALIZADO: OPERAÇÃO - DATA DE OPERAÇÃO = 2026-06-10 00:00:00
CAMPO ADICIONAL ATUALIZADO: OPERAÇÃO - LOCAL = RUA ÁLVARO ALVIM, 1123 - PAULICÉIA - SÃO BERNARDO DO CAMPO - SP
CAMPO ADICIONAL ATUALIZADO: CURSO TÉCNICO - MODALIDADE = PRESENCIAL
CAMPO ADICIONAL ATUALIZADO: CURSO TÉCNICO - LOCAL = RUA SÃO QUIRINO, 758 - VILA GUILHERME - SÃO PAULO - SP
CAMPO ADICIONAL ATUALIZADO: CURSO TÉCNICO - DATA INÍCIO = 2026-05-15 00:00:00
CAMPO ADICIONAL ATUALIZADO: CURSO TÉCNICO - DATA TÉRMINO = 2026-05-20 00:00:00
CAMPO ADICIONAL ATUALIZADO: CURSO TÉCNICO - INSTRUTOR = 2026 VIVO T41 GLAUCIO BVG
CAMPO ADICIONAL ATUALIZADO: DUPLADO - DATA INÍCIO = 2026-05-21 00:00:00
CAMPO ADICIONAL ATUALIZADO: DUPLADO - DATA TÉRMINO = 2026-06-03 00:00:00
CAMPO ADICIONAL ATUALIZADO: DUPLADO - GER. REGIONAL = -
CAMPO ADICIONAL ATUALIZADO: DUPLADO - LOCAL DE APRESENTAÇÃO = RUA ÁLVARO ALVIM, 1123 - PAULICÉIA - SÃO BERNARDO DO CAMPO - SP
CAMPO ADICIONAL ATUALIZADO: CURSO TÉCNICO RETORNO - MODALIDADE = PRESENCIAL
CAMPO ADICIONAL ATUALIZADO: CURSO TÉCNICO RETORNO - LOCAL = RUA ÁLVARO ALVIM, 1123 - PAULICÉIA - SÃO BERNARDO DO CAMPO - SP
CAMPO ADICIONAL ATUALIZADO: CURSO TÉCNICO RETORNO - DATA INÍCIO = 2026-06-05 00:00:00
CAMPO ADICIONAL ATUALIZADO: CURSO TÉCNICO RETORNO - INSTRUTOR = 2026 VIVO T41 GLAUCIO BVG
CAMPO ADICIONAL ATUALIZADO: CURSO TÉCNICO RETORNO - DATA TÉRMINO = 2026-06-08 00:00:00
CAMPO ADICIONAL ATUALIZADO: DUPLADO FASE 2 - DATA INÍCIO = -
CAMPO ADICIONAL ATUALIZADO: DUPLADO FASE 2 - DATA TÉRMINO = -
CAMPO ADICIONAL ATUALIZADO: DUPLADO FASE 2 - GER. REGIONAL = -
CAMPO ADICIONAL ATUALIZADO: DUPLADO FASE 2 - LOCAL DE APRESENTAÇÃO = -
Processando usuário existente: r061098 (Matrícula: 61098)
SENHA ATUALIZADA: r@56813
CAMPO ADICIONAL ATUALIZADO: CADASTRO - FUNÇÃO = MULTI SKILL OPT CON
CAMPO ADICIONAL ATUALIZADO: CADASTRO - ADMISSÃO = 2026-05-06 00:00:00
CAMPO ADICIONAL ATUALIZADO: CADASTRO - GERENTE REGIONAL = ALEXANDRE LYSAK
CAMPO ADICIONAL ATUALIZADO: CADASTRO - GERENTE CORPORATIVO = JANA ROSA DE ALMEIDA SIZOTTO
CAMPO ADICIONAL ATUALIZADO: INTEGRAÇÃO - MODALIDADE = PRESENCIAL
CAMPO ADICIONAL ATUALIZADO: INTEGRAÇÃO - LOCAL = RUA SÃO QUIRINO, 758 - VILA GUILHERME - SÃO PAULO - SP
CAMPO ADICIONAL ATUALIZADO: INTEGRAÇÃO - DATA INÍCIO = 2026-05-06 00:00:00
CAMPO ADICIONAL ATUALIZADO: INTEGRAÇÃO - DATA TÉRMINO = 2026-05-06 00:00:00
CAMPO ADICIONAL ATUALIZADO: INTEGRAÇÃO - INSTRUTOR = GELSIVAN
CAMPO ADICIONAL ATUALIZADO: 1ª RETIRADA - CARREGAMENTO - LOCAL = RUA SÃO QUIRINO, 758 - VILA GUILHERME - SÃO PAULO - SP
CAMPO ADICIONAL ATUALIZADO: 1ª RETIRADA - CARREGAMENTO - DATA DE CARREGAMENTO = 2026-05-13 00:00:00
CAMPO ADICIONAL ATUALIZADO: INTRODUÇÃO A SAÚDE E SEGURANÇA DO TRABALHO - MODALIDADE = ONLINE T2
CAMPO ADICIONAL ATUALIZADO: INTRODUÇÃO A SAÚDE E SEGURANÇA DO TRABALHO - LOCAL = https://teams.microsoft.com/meet/238144599512544?p=NPH77zpsohs8Eugsac
CAMPO ADICIONAL ATUALIZADO: INTRODUÇÃO A SAÚDE E SEGURANÇA DO TRABALHO - DATA INÍCIO = 2026-05-07 00:00:00
CAMPO ADICIONAL ATUALIZADO: INTRODUÇÃO A SAÚDE E SEGURANÇA DO TRABALHO - DATA TÉRMINO = 2026-05-07 00:00:00
CAMPO ADICIONAL ATUALIZADO: INTRODUÇÃO A SAÚDE E SEGURANÇA DO TRABALHO - INSTRUTOR = SESMT
CAMPO ADICIONAL ATUALIZADO: NORMATIVO (ONLINE) - DATA INÍCIO = 2026-05-08 00:00:00
CAMPO ADICIONAL ATUALIZADO: NORMATIVO (ONLINE) - DATA TÉRMINO = 2026-05-12 00:00:00
CAMPO ADICIONAL ATUALIZADO: NORMATIVO (ONLINE) - INSTRUTOR = RODRIGO
CAMPO ADICIONAL ATUALIZADO: NORMATIVO (ONLINE) - ACESSO = https://teams.microsoft.com/meet/223076657036901?p=MZm9fP8B2rcltNC8uf
CAMPO ADICIONAL ATUALIZADO: NORMATIVO (PRESENCIAL) - LOCAL = RUA SÃO QUIRINO, 758 - VILA GUILHERME - SÃO PAULO - SP
CAMPO ADICIONAL ATUALIZADO: NORMATIVO (PRESENCIAL) - DATA INÍCIO = 2026-05-13 00:00:00
CAMPO ADICIONAL ATUALIZADO: NORMATIVO (PRESENCIAL) - DATA TÉRMINO = 2026-05-14 00:00:00
CAMPO ADICIONAL ATUALIZADO: NORMATIVO (PRESENCIAL) - INSTRUTOR = RODRIGO
CAMPO ADICIONAL ATUALIZADO: 2ª RETIRADA - CARREGAMENTO - DATA DE CARREGAMENTO = 2026-06-09 00:00:00
CAMPO ADICIONAL ATUALIZADO: 2ª RETIRADA - CARREGAMENTO - LOCAL = RUA SÃO QUIRINO, 758 - VILA GUILHERME - SÃO PAULO - SP
CAMPO ADICIONAL ATUALIZADO: OPERAÇÃO - DATA DE OPERAÇÃO = 2026-06-10 00:00:00
CAMPO ADICIONAL ATUALIZADO: OPERAÇÃO - LOCAL = RUA SÃO QUIRINO, 758 - VILA GUILHERME - SÃO PAULO - SP
CAMPO ADICIONAL ATUALIZADO: CURSO TÉCNICO - MODALIDADE = PRESENCIAL
CAMPO ADICIONAL ATUALIZADO: CURSO TÉCNICO - LOCAL = RUA SÃO QUIRINO, 758 - VILA GUILHERME - SÃO PAULO - SP
CAMPO ADICIONAL ATUALIZADO: CURSO TÉCNICO - DATA INÍCIO = 2026-05-15 00:00:00
CAMPO ADICIONAL ATUALIZADO: CURSO TÉCNICO - DATA TÉRMINO = 2026-05-20 00:00:00
CAMPO ADICIONAL ATUALIZADO: CURSO TÉCNICO - INSTRUTOR = 2026 VIVO T41 GLAUCIO BVG
CAMPO ADICIONAL ATUALIZADO: DUPLADO - DATA INÍCIO = 2026-05-21 00:00:00
CAMPO ADICIONAL ATUALIZADO: DUPLADO - DATA TÉRMINO = 2026-06-03 00:00:00
CAMPO ADICIONAL ATUALIZADO: DUPLADO - GER. REGIONAL = -
CAMPO ADICIONAL ATUALIZADO: DUPLADO - LOCAL DE APRESENTAÇÃO = RUA SÃO QUIRINO, 758 - VILA GUILHERME - SÃO PAULO - SP
CAMPO ADICIONAL ATUALIZADO: CURSO TÉCNICO RETORNO - MODALIDADE = PRESENCIAL
CAMPO ADICIONAL ATUALIZADO: CURSO TÉCNICO RETORNO - LOCAL = RUA SÃO QUIRINO, 758 - VILA GUILHERME - SÃO PAULO - SP
CAMPO ADICIONAL ATUALIZADO: CURSO TÉCNICO RETORNO - DATA INÍCIO = 2026-06-05 00:00:00
CAMPO ADICIONAL ATUALIZADO: CURSO TÉCNICO RETORNO - INSTRUTOR = 2026 VIVO T41 GLAUCIO BVG
CAMPO ADICIONAL ATUALIZADO: CURSO TÉCNICO RETORNO - DATA TÉRMINO = 2026-06-08 00:00:00
CAMPO ADICIONAL ATUALIZADO: DUPLADO FASE 2 - DATA INÍCIO = -
CAMPO ADICIONAL ATUALIZADO: DUPLADO FASE 2 - DATA TÉRMINO = -
CAMPO ADICIONAL ATUALIZADO: DUPLADO FASE 2 - GER. REGIONAL = -
CAMPO ADICIONAL ATUALIZADO: DUPLADO FASE 2 - LOCAL DE APRESENTAÇÃO = -
Processando usuário existente: r061066 (Matrícula: 61066)
SENHA ATUALIZADA: r@63857
CAMPO ADICIONAL ATUALIZADO: CADASTRO - FUNÇÃO = MULTI SKILL OPT CON
CAMPO ADICIONAL ATUALIZADO: CADASTRO - ADMISSÃO = 2026-05-06 00:00:00
CAMPO ADICIONAL ATUALIZADO: CADASTRO - GERENTE REGIONAL = ALEXANDRE LYSAK
CAMPO ADICIONAL ATUALIZADO: CADASTRO - GERENTE CORPORATIVO = JANA ROSA DE ALMEIDA SIZOTTO
CAMPO ADICIONAL ATUALIZADO: INTEGRAÇÃO - MODALIDADE = PRESENCIAL
CAMPO ADICIONAL ATUALIZADO: INTEGRAÇÃO - LOCAL = RUA SÃO QUIRINO, 758 - VILA GUILHERME - SÃO PAULO - SP
CAMPO ADICIONAL ATUALIZADO: INTEGRAÇÃO - DATA INÍCIO = 2026-05-06 00:00:00
CAMPO ADICIONAL ATUALIZADO: INTEGRAÇÃO - DATA TÉRMINO = 2026-05-06 00:00:00
CAMPO ADICIONAL ATUALIZADO: INTEGRAÇÃO - INSTRUTOR = GELSIVAN
CAMPO ADICIONAL ATUALIZADO: 1ª RETIRADA - CARREGAMENTO - LOCAL = RUA ÁLVARO ALVIM, 1123 - PAULICÉIA - SÃO BERNARDO DO CAMPO - SP
CAMPO ADICIONAL ATUALIZADO: 1ª RETIRADA - CARREGAMENTO - DATA DE CARREGAMENTO = 2026-05-13 00:00:00
CAMPO ADICIONAL ATUALIZADO: INTRODUÇÃO A SAÚDE E SEGURANÇA DO TRABALHO - MODALIDADE = ONLINE T2
CAMPO ADICIONAL ATUALIZADO: INTRODUÇÃO A SAÚDE E SEGURANÇA DO TRABALHO - LOCAL = https://teams.microsoft.com/meet/238144599512544?p=NPH77zpsohs8Eugsac
CAMPO ADICIONAL ATUALIZADO: INTRODUÇÃO A SAÚDE E SEGURANÇA DO TRABALHO - DATA INÍCIO = 2026-05-07 00:00:00
CAMPO ADICIONAL ATUALIZADO: INTRODUÇÃO A SAÚDE E SEGURANÇA DO TRABALHO - DATA TÉRMINO = 2026-05-07 00:00:00
CAMPO ADICIONAL ATUALIZADO: INTRODUÇÃO A SAÚDE E SEGURANÇA DO TRABALHO - INSTRUTOR = SESMT
CAMPO ADICIONAL ATUALIZADO: NORMATIVO (ONLINE) - DATA INÍCIO = 2026-05-08 00:00:00
CAMPO ADICIONAL ATUALIZADO: NORMATIVO (ONLINE) - DATA TÉRMINO = 2026-05-12 00:00:00
CAMPO ADICIONAL ATUALIZADO: NORMATIVO (ONLINE) - INSTRUTOR = RODRIGO
CAMPO ADICIONAL ATUALIZADO: NORMATIVO (ONLINE) - ACESSO = https://teams.microsoft.com/meet/223076657036901?p=MZm9fP8B2rcltNC8uf
CAMPO ADICIONAL ATUALIZADO: NORMATIVO (PRESENCIAL) - LOCAL = RUA ÁLVARO ALVIM, 1123 - PAULICÉIA - SÃO BERNARDO DO CAMPO - SP
CAMPO ADICIONAL ATUALIZADO: NORMATIVO (PRESENCIAL) - DATA INÍCIO = 2026-05-13 00:00:00
CAMPO ADICIONAL ATUALIZADO: NORMATIVO (PRESENCIAL) - DATA TÉRMINO = 2026-05-14 00:00:00
CAMPO ADICIONAL ATUALIZADO: NORMATIVO (PRESENCIAL) - INSTRUTOR = RODRIGO
CAMPO ADICIONAL ATUALIZADO: 2ª RETIRADA - CARREGAMENTO - DATA DE CARREGAMENTO = 2026-06-09 00:00:00
CAMPO ADICIONAL ATUALIZADO: 2ª RETIRADA - CARREGAMENTO - LOCAL = RUA SÃO QUIRINO, 758 - VILA GUILHERME - SÃO PAULO - SP
CAMPO ADICIONAL ATUALIZADO: OPERAÇÃO - DATA DE OPERAÇÃO = 2026-06-10 00:00:00
CAMPO ADICIONAL ATUALIZADO: OPERAÇÃO - LOCAL = RUA SÃO QUIRINO, 758 - VILA GUILHERME - SÃO PAULO - SP
CAMPO ADICIONAL ATUALIZADO: CURSO TÉCNICO - MODALIDADE = PRESENCIAL
CAMPO ADICIONAL ATUALIZADO: CURSO TÉCNICO - LOCAL = RUA SÃO QUIRINO, 758 - VILA GUILHERME - SÃO PAULO - SP
CAMPO ADICIONAL ATUALIZADO: CURSO TÉCNICO - DATA INÍCIO = 2026-05-15 00:00:00
CAMPO ADICIONAL ATUALIZADO: CURSO TÉCNICO - DATA TÉRMINO = 2026-05-20 00:00:00
CAMPO ADICIONAL ATUALIZADO: CURSO TÉCNICO - INSTRUTOR = 2026 VIVO T41 GLAUCIO BVG
CAMPO ADICIONAL ATUALIZADO: DUPLADO - DATA INÍCIO = 2026-05-21 00:00:00
CAMPO ADICIONAL ATUALIZADO: DUPLADO - DATA TÉRMINO = 2026-06-03 00:00:00
CAMPO ADICIONAL ATUALIZADO: DUPLADO - GER. REGIONAL = -
CAMPO ADICIONAL ATUALIZADO: DUPLADO - LOCAL DE APRESENTAÇÃO = RUA SÃO QUIRINO, 758 - VILA GUILHERME - SÃO PAULO - SP
CAMPO ADICIONAL ATUALIZADO: CURSO TÉCNICO RETORNO - MODALIDADE = PRESENCIAL
CAMPO ADICIONAL ATUALIZADO: CURSO TÉCNICO RETORNO - LOCAL = RUA SÃO QUIRINO, 758 - VILA GUILHERME - SÃO PAULO - SP
CAMPO ADICIONAL ATUALIZADO: CURSO TÉCNICO RETORNO - DATA INÍCIO = 2026-06-05 00:00:00
CAMPO ADICIONAL ATUALIZADO: CURSO TÉCNICO RETORNO - INSTRUTOR = 2026 VIVO T41 GLAUCIO BVG
CAMPO ADICIONAL ATUALIZADO: CURSO TÉCNICO RETORNO - DATA TÉRMINO = 2026-06-08 00:00:00
CAMPO ADICIONAL ATUALIZADO: DUPLADO FASE 2 - DATA INÍCIO = -
CAMPO ADICIONAL ATUALIZADO: DUPLADO FASE 2 - DATA TÉRMINO = -
CAMPO ADICIONAL ATUALIZADO: DUPLADO FASE 2 - GER. REGIONAL = -
CAMPO ADICIONAL ATUALIZADO: DUPLADO FASE 2 - LOCAL DE APRESENTAÇÃO = -
Processando usuário existente: r061099 (Matrícula: 61099)
SENHA ATUALIZADA: r@68814
CAMPO ADICIONAL ATUALIZADO: CADASTRO - FUNÇÃO = MULTI SKILL OPT CON
CAMPO ADICIONAL ATUALIZADO: CADASTRO - ADMISSÃO = 2026-05-06 00:00:00
CAMPO ADICIONAL ATUALIZADO: CADASTRO - GERENTE REGIONAL = ANDRE FLOR GOMES
CAMPO ADICIONAL ATUALIZADO: CADASTRO - GERENTE CORPORATIVO = ODLEI RICARDO DOS REIS
CAMPO ADICIONAL ATUALIZADO: INTEGRAÇÃO - MODALIDADE = PRESENCIAL
CAMPO ADICIONAL ATUALIZADO: INTEGRAÇÃO - LOCAL = RUA SÃO QUIRINO, 758 - VILA GUILHERME - SÃO PAULO - SP
CAMPO ADICIONAL ATUALIZADO: INTEGRAÇÃO - DATA INÍCIO = 2026-05-06 00:00:00
CAMPO ADICIONAL ATUALIZADO: INTEGRAÇÃO - DATA TÉRMINO = 2026-05-06 00:00:00
CAMPO ADICIONAL ATUALIZADO: INTEGRAÇÃO - INSTRUTOR = GELSIVAN
CAMPO ADICIONAL ATUALIZADO: 1ª RETIRADA - CARREGAMENTO - LOCAL = RUA ÁLVARO ALVIM, 1123 - PAULICÉIA - SÃO BERNARDO DO CAMPO - SP
CAMPO ADICIONAL ATUALIZADO: 1ª RETIRADA - CARREGAMENTO - DATA DE CARREGAMENTO = 2026-05-13 00:00:00
CAMPO ADICIONAL ATUALIZADO: INTRODUÇÃO A SAÚDE E SEGURANÇA DO TRABALHO - MODALIDADE = ONLINE T2
CAMPO ADICIONAL ATUALIZADO: INTRODUÇÃO A SAÚDE E SEGURANÇA DO TRABALHO - LOCAL = https://teams.microsoft.com/meet/238144599512544?p=NPH77zpsohs8Eugsac
CAMPO ADICIONAL ATUALIZADO: INTRODUÇÃO A SAÚDE E SEGURANÇA DO TRABALHO - DATA INÍCIO = 2026-05-07 00:00:00
CAMPO ADICIONAL ATUALIZADO: INTRODUÇÃO A SAÚDE E SEGURANÇA DO TRABALHO - DATA TÉRMINO = 2026-05-07 00:00:00
CAMPO ADICIONAL ATUALIZADO: INTRODUÇÃO A SAÚDE E SEGURANÇA DO TRABALHO - INSTRUTOR = SESMT
CAMPO ADICIONAL ATUALIZADO: NORMATIVO (ONLINE) - DATA INÍCIO = 2026-05-08 00:00:00
CAMPO ADICIONAL ATUALIZADO: NORMATIVO (ONLINE) - DATA TÉRMINO = 2026-05-12 00:00:00
CAMPO ADICIONAL ATUALIZADO: NORMATIVO (ONLINE) - INSTRUTOR = RODRIGO
CAMPO ADICIONAL ATUALIZADO: NORMATIVO (ONLINE) - ACESSO = https://teams.microsoft.com/meet/223076657036901?p=MZm9fP8B2rcltNC8uf
CAMPO ADICIONAL ATUALIZADO: NORMATIVO (PRESENCIAL) - LOCAL = RUA ÁLVARO ALVIM, 1123 - PAULICÉIA - SÃO BERNARDO DO CAMPO - SP
CAMPO ADICIONAL ATUALIZADO: NORMATIVO (PRESENCIAL) - DATA INÍCIO = 2026-05-13 00:00:00
CAMPO ADICIONAL ATUALIZADO: NORMATIVO (PRESENCIAL) - DATA TÉRMINO = 2026-05-14 00:00:00
CAMPO ADICIONAL ATUALIZADO: NORMATIVO (PRESENCIAL) - INSTRUTOR = RODRIGO
CAMPO ADICIONAL ATUALIZADO: 2ª RETIRADA - CARREGAMENTO - DATA DE CARREGAMENTO = 2026-06-09 00:00:00
CAMPO ADICIONAL ATUALIZADO: 2ª RETIRADA - CARREGAMENTO - LOCAL = RUA SÃO QUIRINO, 758 - VILA GUILHERME - SÃO PAULO - SP
CAMPO ADICIONAL ATUALIZADO: OPERAÇÃO - DATA DE OPERAÇÃO = 2026-06-10 00:00:00
CAMPO ADICIONAL ATUALIZADO: OPERAÇÃO - LOCAL = RUA ÁLVARO ALVIM, 1123 - PAULICÉIA - SÃO BERNARDO DO CAMPO - SP
CAMPO ADICIONAL ATUALIZADO: CURSO TÉCNICO - MODALIDADE = PRESENCIAL
CAMPO ADICIONAL ATUALIZADO: CURSO TÉCNICO - LOCAL = RUA SÃO QUIRINO, 758 - VILA GUILHERME - SÃO PAULO - SP
CAMPO ADICIONAL ATUALIZADO: CURSO TÉCNICO - DATA INÍCIO = 2026-05-15 00:00:00
CAMPO ADICIONAL ATUALIZADO: CURSO TÉCNICO - DATA TÉRMINO = 2026-05-20 00:00:00
CAMPO ADICIONAL ATUALIZADO: CURSO TÉCNICO - INSTRUTOR = 2026 VIVO T41 GLAUCIO BVG
CAMPO ADICIONAL ATUALIZADO: DUPLADO - DATA INÍCIO = 2026-05-21 00:00:00
CAMPO ADICIONAL ATUALIZADO: DUPLADO - DATA TÉRMINO = 2026-06-03 00:00:00
CAMPO ADICIONAL ATUALIZADO: DUPLADO - GER. REGIONAL = -
CAMPO ADICIONAL ATUALIZADO: DUPLADO - LOCAL DE APRESENTAÇÃO = RUA ÁLVARO ALVIM, 1123 - PAULICÉIA - SÃO BERNARDO DO CAMPO - SP
CAMPO ADICIONAL ATUALIZADO: CURSO TÉCNICO RETORNO - MODALIDADE = PRESENCIAL
CAMPO ADICIONAL ATUALIZADO: CURSO TÉCNICO RETORNO - LOCAL = RUA ÁLVARO ALVIM, 1123 - PAULICÉIA - SÃO BERNARDO DO CAMPO - SP
CAMPO ADICIONAL ATUALIZADO: CURSO TÉCNICO RETORNO - DATA INÍCIO = 2026-06-05 00:00:00
CAMPO ADICIONAL ATUALIZADO: CURSO TÉCNICO RETORNO - INSTRUTOR = 2026 VIVO T41 GLAUCIO BVG
CAMPO ADICIONAL ATUALIZADO: CURSO TÉCNICO RETORNO - DATA TÉRMINO = 2026-06-08 00:00:00
CAMPO ADICIONAL ATUALIZADO: DUPLADO FASE 2 - DATA INÍCIO = -
CAMPO ADICIONAL ATUALIZADO: DUPLADO FASE 2 - DATA TÉRMINO = -
CAMPO ADICIONAL ATUALIZADO: DUPLADO FASE 2 - GER. REGIONAL = -
CAMPO ADICIONAL ATUALIZADO: DUPLADO FASE 2 - LOCAL DE APRESENTAÇÃO = -
Processando usuário existente: r061067 (Matrícula: 61067)
SENHA ATUALIZADA: r@09817
CAMPO ADICIONAL ATUALIZADO: CADASTRO - FUNÇÃO = MULTI SKILL OPT CON
CAMPO ADICIONAL ATUALIZADO: CADASTRO - ADMISSÃO = 2026-05-06 00:00:00
CAMPO ADICIONAL ATUALIZADO: CADASTRO - GERENTE REGIONAL = ALISSON DE JESUS CARVALHO
CAMPO ADICIONAL ATUALIZADO: CADASTRO - GERENTE CORPORATIVO = FABIO CONCEICAO DOS SANTOS
CAMPO ADICIONAL ATUALIZADO: INTEGRAÇÃO - MODALIDADE = PRESENCIAL
CAMPO ADICIONAL ATUALIZADO: INTEGRAÇÃO - LOCAL = RUA SÃO QUIRINO, 758 - VILA GUILHERME - SÃO PAULO - SP
CAMPO ADICIONAL ATUALIZADO: INTEGRAÇÃO - DATA INÍCIO = 2026-05-06 00:00:00
CAMPO ADICIONAL ATUALIZADO: INTEGRAÇÃO - DATA TÉRMINO = 2026-05-06 00:00:00
CAMPO ADICIONAL ATUALIZADO: INTEGRAÇÃO - INSTRUTOR = GELSIVAN
CAMPO ADICIONAL ATUALIZADO: 1ª RETIRADA - CARREGAMENTO - LOCAL = RUA ÁLVARO ALVIM, 1123 - PAULICÉIA - SÃO BERNARDO DO CAMPO - SP
CAMPO ADICIONAL ATUALIZADO: 1ª RETIRADA - CARREGAMENTO - DATA DE CARREGAMENTO = 2026-05-13 00:00:00
CAMPO ADICIONAL ATUALIZADO: INTRODUÇÃO A SAÚDE E SEGURANÇA DO TRABALHO - MODALIDADE = ONLINE T2
CAMPO ADICIONAL ATUALIZADO: INTRODUÇÃO A SAÚDE E SEGURANÇA DO TRABALHO - LOCAL = https://teams.microsoft.com/meet/238144599512544?p=NPH77zpsohs8Eugsac
CAMPO ADICIONAL ATUALIZADO: INTRODUÇÃO A SAÚDE E SEGURANÇA DO TRABALHO - DATA INÍCIO = 2026-05-07 00:00:00
CAMPO ADICIONAL ATUALIZADO: INTRODUÇÃO A SAÚDE E SEGURANÇA DO TRABALHO - DATA TÉRMINO = 2026-05-07 00:00:00
CAMPO ADICIONAL ATUALIZADO: INTRODUÇÃO A SAÚDE E SEGURANÇA DO TRABALHO - INSTRUTOR = SESMT
CAMPO ADICIONAL ATUALIZADO: NORMATIVO (ONLINE) - DATA INÍCIO = 2026-05-08 00:00:00
CAMPO ADICIONAL ATUALIZADO: NORMATIVO (ONLINE) - DATA TÉRMINO = 2026-05-12 00:00:00
CAMPO ADICIONAL ATUALIZADO: NORMATIVO (ONLINE) - INSTRUTOR = RODRIGO
CAMPO ADICIONAL ATUALIZADO: NORMATIVO (ONLINE) - ACESSO = https://teams.microsoft.com/meet/223076657036901?p=MZm9fP8B2rcltNC8uf
CAMPO ADICIONAL ATUALIZADO: NORMATIVO (PRESENCIAL) - LOCAL = RUA ÁLVARO ALVIM, 1123 - PAULICÉIA - SÃO BERNARDO DO CAMPO - SP
CAMPO ADICIONAL ATUALIZADO: NORMATIVO (PRESENCIAL) - DATA INÍCIO = 2026-05-13 00:00:00
CAMPO ADICIONAL ATUALIZADO: NORMATIVO (PRESENCIAL) - DATA TÉRMINO = 2026-05-14 00:00:00
CAMPO ADICIONAL ATUALIZADO: NORMATIVO (PRESENCIAL) - INSTRUTOR = RODRIGO
CAMPO ADICIONAL ATUALIZADO: 2ª RETIRADA - CARREGAMENTO - DATA DE CARREGAMENTO = 2026-06-09 00:00:00
CAMPO ADICIONAL ATUALIZADO: 2ª RETIRADA - CARREGAMENTO - LOCAL = RUA SÃO QUIRINO, 758 - VILA GUILHERME - SÃO PAULO - SP
CAMPO ADICIONAL ATUALIZADO: OPERAÇÃO - DATA DE OPERAÇÃO = 2026-06-10 00:00:00
CAMPO ADICIONAL ATUALIZADO: OPERAÇÃO - LOCAL = RUA SÃO QUIRINO, 758 - VILA GUILHERME - SÃO PAULO - SP
CAMPO ADICIONAL ATUALIZADO: CURSO TÉCNICO - MODALIDADE = PRESENCIAL
CAMPO ADICIONAL ATUALIZADO: CURSO TÉCNICO - LOCAL = RUA SÃO QUIRINO, 758 - VILA GUILHERME - SÃO PAULO - SP
CAMPO ADICIONAL ATUALIZADO: CURSO TÉCNICO - DATA INÍCIO = 2026-05-15 00:00:00
CAMPO ADICIONAL ATUALIZADO: CURSO TÉCNICO - DATA TÉRMINO = 2026-05-20 00:00:00
CAMPO ADICIONAL ATUALIZADO: CURSO TÉCNICO - INSTRUTOR = 2026 VIVO T41 GLAUCIO BVG
CAMPO ADICIONAL ATUALIZADO: DUPLADO - DATA INÍCIO = 2026-05-21 00:00:00
CAMPO ADICIONAL ATUALIZADO: DUPLADO - DATA TÉRMINO = 2026-06-03 00:00:00
CAMPO ADICIONAL ATUALIZADO: DUPLADO - GER. REGIONAL = -
CAMPO ADICIONAL ATUALIZADO: DUPLADO - LOCAL DE APRESENTAÇÃO = RUA SÃO QUIRINO, 758 - VILA GUILHERME - SÃO PAULO - SP
CAMPO ADICIONAL ATUALIZADO: CURSO TÉCNICO RETORNO - MODALIDADE = PRESENCIAL
CAMPO ADICIONAL ATUALIZADO: CURSO TÉCNICO RETORNO - LOCAL = RUA SÃO QUIRINO, 758 - VILA GUILHERME - SÃO PAULO - SP
CAMPO ADICIONAL ATUALIZADO: CURSO TÉCNICO RETORNO - DATA INÍCIO = 2026-06-05 00:00:00
CAMPO ADICIONAL ATUALIZADO: CURSO TÉCNICO RETORNO - INSTRUTOR = 2026 VIVO T41 GLAUCIO BVG
CAMPO ADICIONAL ATUALIZADO: CURSO TÉCNICO RETORNO - DATA TÉRMINO = 2026-06-08 00:00:00
CAMPO ADICIONAL ATUALIZADO: DUPLADO FASE 2 - DATA INÍCIO = -
CAMPO ADICIONAL ATUALIZADO: DUPLADO FASE 2 - DATA TÉRMINO = -
CAMPO ADICIONAL ATUALIZADO: DUPLADO FASE 2 - GER. REGIONAL = -
CAMPO ADICIONAL ATUALIZADO: DUPLADO FASE 2 - LOCAL DE APRESENTAÇÃO = -
Processando usuário existente: r061100 (Matrícula: 61100)
SENHA ATUALIZADA: r@63852
CAMPO ADICIONAL ATUALIZADO: CADASTRO - FUNÇÃO = MULTI SKILL OPT CON
CAMPO ADICIONAL ATUALIZADO: CADASTRO - ADMISSÃO = 2026-05-06 00:00:00
CAMPO ADICIONAL ATUALIZADO: CADASTRO - GERENTE REGIONAL = ANDRE FLOR GOMES
CAMPO ADICIONAL ATUALIZADO: CADASTRO - GERENTE CORPORATIVO = ODLEI RICARDO DOS REIS
CAMPO ADICIONAL ATUALIZADO: INTEGRAÇÃO - MODALIDADE = PRESENCIAL
CAMPO ADICIONAL ATUALIZADO: INTEGRAÇÃO - LOCAL = RUA SÃO QUIRINO, 758 - VILA GUILHERME - SÃO PAULO - SP
CAMPO ADICIONAL ATUALIZADO: INTEGRAÇÃO - DATA INÍCIO = 2026-05-06 00:00:00
CAMPO ADICIONAL ATUALIZADO: INTEGRAÇÃO - DATA TÉRMINO = 2026-05-06 00:00:00
CAMPO ADICIONAL ATUALIZADO: INTEGRAÇÃO - INSTRUTOR = GELSIVAN
CAMPO ADICIONAL ATUALIZADO: 1ª RETIRADA - CARREGAMENTO - LOCAL = RUA SÃO QUIRINO, 758 - VILA GUILHERME - SÃO PAULO - SP
CAMPO ADICIONAL ATUALIZADO: 1ª RETIRADA - CARREGAMENTO - DATA DE CARREGAMENTO = 2026-05-13 00:00:00
CAMPO ADICIONAL ATUALIZADO: INTRODUÇÃO A SAÚDE E SEGURANÇA DO TRABALHO - MODALIDADE = ONLINE T2
CAMPO ADICIONAL ATUALIZADO: INTRODUÇÃO A SAÚDE E SEGURANÇA DO TRABALHO - LOCAL = https://teams.microsoft.com/meet/238144599512544?p=NPH77zpsohs8Eugsac
CAMPO ADICIONAL ATUALIZADO: INTRODUÇÃO A SAÚDE E SEGURANÇA DO TRABALHO - DATA INÍCIO = 2026-05-07 00:00:00
CAMPO ADICIONAL ATUALIZADO: INTRODUÇÃO A SAÚDE E SEGURANÇA DO TRABALHO - DATA TÉRMINO = 2026-05-07 00:00:00
CAMPO ADICIONAL ATUALIZADO: INTRODUÇÃO A SAÚDE E SEGURANÇA DO TRABALHO - INSTRUTOR = SESMT
CAMPO ADICIONAL ATUALIZADO: NORMATIVO (ONLINE) - DATA INÍCIO = 2026-05-08 00:00:00
CAMPO ADICIONAL ATUALIZADO: NORMATIVO (ONLINE) - DATA TÉRMINO = 2026-05-12 00:00:00
CAMPO ADICIONAL ATUALIZADO: NORMATIVO (ONLINE) - INSTRUTOR = RODRIGO
CAMPO ADICIONAL ATUALIZADO: NORMATIVO (ONLINE) - ACESSO = https://teams.microsoft.com/meet/223076657036901?p=MZm9fP8B2rcltNC8uf
CAMPO ADICIONAL ATUALIZADO: NORMATIVO (PRESENCIAL) - LOCAL = RUA SÃO QUIRINO, 758 - VILA GUILHERME - SÃO PAULO - SP
CAMPO ADICIONAL ATUALIZADO: NORMATIVO (PRESENCIAL) - DATA INÍCIO = 2026-05-13 00:00:00
CAMPO ADICIONAL ATUALIZADO: NORMATIVO (PRESENCIAL) - DATA TÉRMINO = 2026-05-14 00:00:00
CAMPO ADICIONAL ATUALIZADO: NORMATIVO (PRESENCIAL) - INSTRUTOR = RODRIGO
CAMPO ADICIONAL ATUALIZADO: 2ª RETIRADA - CARREGAMENTO - DATA DE CARREGAMENTO = 2026-06-09 00:00:00
CAMPO ADICIONAL ATUALIZADO: 2ª RETIRADA - CARREGAMENTO - LOCAL = RUA SÃO QUIRINO, 758 - VILA GUILHERME - SÃO PAULO - SP
CAMPO ADICIONAL ATUALIZADO: OPERAÇÃO - DATA DE OPERAÇÃO = 2026-06-10 00:00:00
CAMPO ADICIONAL ATUALIZADO: OPERAÇÃO - LOCAL = RUA ÁLVARO ALVIM, 1123 - PAULICÉIA - SÃO BERNARDO DO CAMPO - SP
CAMPO ADICIONAL ATUALIZADO: CURSO TÉCNICO - MODALIDADE = PRESENCIAL
CAMPO ADICIONAL ATUALIZADO: CURSO TÉCNICO - LOCAL = RUA SÃO QUIRINO, 758 - VILA GUILHERME - SÃO PAULO - SP
CAMPO ADICIONAL ATUALIZADO: CURSO TÉCNICO - DATA INÍCIO = 2026-05-15 00:00:00
CAMPO ADICIONAL ATUALIZADO: CURSO TÉCNICO - DATA TÉRMINO = 2026-05-20 00:00:00
CAMPO ADICIONAL ATUALIZADO: CURSO TÉCNICO - INSTRUTOR = 2026 VIVO T41 GLAUCIO BVG
CAMPO ADICIONAL ATUALIZADO: DUPLADO - DATA INÍCIO = 2026-05-21 00:00:00
CAMPO ADICIONAL ATUALIZADO: DUPLADO - DATA TÉRMINO = 2026-06-03 00:00:00
CAMPO ADICIONAL ATUALIZADO: DUPLADO - GER. REGIONAL = -
CAMPO ADICIONAL ATUALIZADO: DUPLADO - LOCAL DE APRESENTAÇÃO = RUA ÁLVARO ALVIM, 1123 - PAULICÉIA - SÃO BERNARDO DO CAMPO - SP
CAMPO ADICIONAL ATUALIZADO: CURSO TÉCNICO RETORNO - MODALIDADE = PRESENCIAL
CAMPO ADICIONAL ATUALIZADO: CURSO TÉCNICO RETORNO - LOCAL = RUA ÁLVARO ALVIM, 1123 - PAULICÉIA - SÃO BERNARDO DO CAMPO - SP
CAMPO ADICIONAL ATUALIZADO: CURSO TÉCNICO RETORNO - DATA INÍCIO = 2026-06-05 00:00:00
CAMPO ADICIONAL ATUALIZADO: CURSO TÉCNICO RETORNO - INSTRUTOR = 2026 VIVO T41 GLAUCIO BVG
CAMPO ADICIONAL ATUALIZADO: CURSO TÉCNICO RETORNO - DATA TÉRMINO = 2026-06-08 00:00:00
CAMPO ADICIONAL ATUALIZADO: DUPLADO FASE 2 - DATA INÍCIO = -
CAMPO ADICIONAL ATUALIZADO: DUPLADO FASE 2 - DATA TÉRMINO = -
CAMPO ADICIONAL ATUALIZADO: DUPLADO FASE 2 - GER. REGIONAL = -
CAMPO ADICIONAL ATUALIZADO: DUPLADO FASE 2 - LOCAL DE APRESENTAÇÃO = -
Processando usuário existente: r061068 (Matrícula: 61068)
SENHA ATUALIZADA: r@71807
CAMPO ADICIONAL ATUALIZADO: CADASTRO - FUNÇÃO = MULTI SKILL OPT CON
CAMPO ADICIONAL ATUALIZADO: CADASTRO - ADMISSÃO = 2026-05-06 00:00:00
CAMPO ADICIONAL ATUALIZADO: CADASTRO - GERENTE REGIONAL = ALEXANDRE LYSAK
CAMPO ADICIONAL ATUALIZADO: CADASTRO - GERENTE CORPORATIVO = JANA ROSA DE ALMEIDA SIZOTTO
CAMPO ADICIONAL ATUALIZADO: INTEGRAÇÃO - MODALIDADE = PRESENCIAL
CAMPO ADICIONAL ATUALIZADO: INTEGRAÇÃO - LOCAL = RUA SÃO QUIRINO, 758 - VILA GUILHERME - SÃO PAULO - SP
CAMPO ADICIONAL ATUALIZADO: INTEGRAÇÃO - DATA INÍCIO = 2026-05-06 00:00:00
CAMPO ADICIONAL ATUALIZADO: INTEGRAÇÃO - DATA TÉRMINO = 2026-05-06 00:00:00
CAMPO ADICIONAL ATUALIZADO: INTEGRAÇÃO - INSTRUTOR = GELSIVAN
CAMPO ADICIONAL ATUALIZADO: 1ª RETIRADA - CARREGAMENTO - LOCAL = RUA ÁLVARO ALVIM, 1123 - PAULICÉIA - SÃO BERNARDO DO CAMPO - SP
CAMPO ADICIONAL ATUALIZADO: 1ª RETIRADA - CARREGAMENTO - DATA DE CARREGAMENTO = 2026-05-13 00:00:00
CAMPO ADICIONAL ATUALIZADO: INTRODUÇÃO A SAÚDE E SEGURANÇA DO TRABALHO - MODALIDADE = ONLINE T2
CAMPO ADICIONAL ATUALIZADO: INTRODUÇÃO A SAÚDE E SEGURANÇA DO TRABALHO - LOCAL = https://teams.microsoft.com/meet/238144599512544?p=NPH77zpsohs8Eugsac
CAMPO ADICIONAL ATUALIZADO: INTRODUÇÃO A SAÚDE E SEGURANÇA DO TRABALHO - DATA INÍCIO = 2026-05-07 00:00:00
CAMPO ADICIONAL ATUALIZADO: INTRODUÇÃO A SAÚDE E SEGURANÇA DO TRABALHO - DATA TÉRMINO = 2026-05-07 00:00:00
CAMPO ADICIONAL ATUALIZADO: INTRODUÇÃO A SAÚDE E SEGURANÇA DO TRABALHO - INSTRUTOR = SESMT
CAMPO ADICIONAL ATUALIZADO: NORMATIVO (ONLINE) - DATA INÍCIO = 2026-05-08 00:00:00
CAMPO ADICIONAL ATUALIZADO: NORMATIVO (ONLINE) - DATA TÉRMINO = 2026-05-12 00:00:00
CAMPO ADICIONAL ATUALIZADO: NORMATIVO (ONLINE) - INSTRUTOR = RODRIGO
CAMPO ADICIONAL ATUALIZADO: NORMATIVO (ONLINE) - ACESSO = https://teams.microsoft.com/meet/223076657036901?p=MZm9fP8B2rcltNC8uf
CAMPO ADICIONAL ATUALIZADO: NORMATIVO (PRESENCIAL) - LOCAL = RUA ÁLVARO ALVIM, 1123 - PAULICÉIA - SÃO BERNARDO DO CAMPO - SP
CAMPO ADICIONAL ATUALIZADO: NORMATIVO (PRESENCIAL) - DATA INÍCIO = 2026-05-13 00:00:00
CAMPO ADICIONAL ATUALIZADO: NORMATIVO (PRESENCIAL) - DATA TÉRMINO = 2026-05-14 00:00:00
CAMPO ADICIONAL ATUALIZADO: NORMATIVO (PRESENCIAL) - INSTRUTOR = RODRIGO
CAMPO ADICIONAL ATUALIZADO: 2ª RETIRADA - CARREGAMENTO - DATA DE CARREGAMENTO = 2026-06-09 00:00:00
CAMPO ADICIONAL ATUALIZADO: 2ª RETIRADA - CARREGAMENTO - LOCAL = RUA SÃO QUIRINO, 758 - VILA GUILHERME - SÃO PAULO - SP
CAMPO ADICIONAL ATUALIZADO: OPERAÇÃO - DATA DE OPERAÇÃO = 2026-06-10 00:00:00
CAMPO ADICIONAL ATUALIZADO: OPERAÇÃO - LOCAL = RUA SÃO QUIRINO, 758 - VILA GUILHERME - SÃO PAULO - SP
CAMPO ADICIONAL ATUALIZADO: CURSO TÉCNICO - MODALIDADE = PRESENCIAL
CAMPO ADICIONAL ATUALIZADO: CURSO TÉCNICO - LOCAL = RUA SÃO QUIRINO, 758 - VILA GUILHERME - SÃO PAULO - SP
CAMPO ADICIONAL ATUALIZADO: CURSO TÉCNICO - DATA INÍCIO = 2026-05-15 00:00:00
CAMPO ADICIONAL ATUALIZADO: CURSO TÉCNICO - DATA TÉRMINO = 2026-05-20 00:00:00
CAMPO ADICIONAL ATUALIZADO: CURSO TÉCNICO - INSTRUTOR = 2026 VIVO T41 GLAUCIO BVG
CAMPO ADICIONAL ATUALIZADO: DUPLADO - DATA INÍCIO = 2026-05-21 00:00:00
CAMPO ADICIONAL ATUALIZADO: DUPLADO - DATA TÉRMINO = 2026-06-03 00:00:00
CAMPO ADICIONAL ATUALIZADO: DUPLADO - GER. REGIONAL = -
CAMPO ADICIONAL ATUALIZADO: DUPLADO - LOCAL DE APRESENTAÇÃO = RUA SÃO QUIRINO, 758 - VILA GUILHERME - SÃO PAULO - SP
CAMPO ADICIONAL ATUALIZADO: CURSO TÉCNICO RETORNO - MODALIDADE = PRESENCIAL
CAMPO ADICIONAL ATUALIZADO: CURSO TÉCNICO RETORNO - LOCAL = RUA SÃO QUIRINO, 758 - VILA GUILHERME - SÃO PAULO - SP
CAMPO ADICIONAL ATUALIZADO: CURSO TÉCNICO RETORNO - DATA INÍCIO = 2026-06-05 00:00:00
CAMPO ADICIONAL ATUALIZADO: CURSO TÉCNICO RETORNO - INSTRUTOR = 2026 VIVO T41 GLAUCIO BVG
CAMPO ADICIONAL ATUALIZADO: CURSO TÉCNICO RETORNO - DATA TÉRMINO = 2026-06-08 00:00:00
CAMPO ADICIONAL ATUALIZADO: DUPLADO FASE 2 - DATA INÍCIO = -
CAMPO ADICIONAL ATUALIZADO: DUPLADO FASE 2 - DATA TÉRMINO = -
CAMPO ADICIONAL ATUALIZADO: DUPLADO FASE 2 - GER. REGIONAL = -
CAMPO ADICIONAL ATUALIZADO: DUPLADO FASE 2 - LOCAL DE APRESENTAÇÃO = -
Processando usuário existente: r061101 (Matrícula: 61101)
SENHA ATUALIZADA: r@04845
CAMPO ADICIONAL ATUALIZADO: CADASTRO - FUNÇÃO = MULTI SKILL OPT CON
CAMPO ADICIONAL ATUALIZADO: CADASTRO - ADMISSÃO = 2026-05-06 00:00:00
CAMPO ADICIONAL ATUALIZADO: CADASTRO - GERENTE REGIONAL = ALEXANDRE LYSAK
CAMPO ADICIONAL ATUALIZADO: CADASTRO - GERENTE CORPORATIVO = JANA ROSA DE ALMEIDA SIZOTTO
CAMPO ADICIONAL ATUALIZADO: INTEGRAÇÃO - MODALIDADE = PRESENCIAL
CAMPO ADICIONAL ATUALIZADO: INTEGRAÇÃO - LOCAL = RUA SÃO QUIRINO, 758 - VILA GUILHERME - SÃO PAULO - SP
CAMPO ADICIONAL ATUALIZADO: INTEGRAÇÃO - DATA INÍCIO = 2026-05-06 00:00:00
CAMPO ADICIONAL ATUALIZADO: INTEGRAÇÃO - DATA TÉRMINO = 2026-05-06 00:00:00
CAMPO ADICIONAL ATUALIZADO: INTEGRAÇÃO - INSTRUTOR = GELSIVAN
CAMPO ADICIONAL ATUALIZADO: 1ª RETIRADA - CARREGAMENTO - LOCAL = RUA SÃO QUIRINO, 758 - VILA GUILHERME - SÃO PAULO - SP
CAMPO ADICIONAL ATUALIZADO: 1ª RETIRADA - CARREGAMENTO - DATA DE CARREGAMENTO = 2026-05-13 00:00:00
CAMPO ADICIONAL ATUALIZADO: INTRODUÇÃO A SAÚDE E SEGURANÇA DO TRABALHO - MODALIDADE = ONLINE T2
CAMPO ADICIONAL ATUALIZADO: INTRODUÇÃO A SAÚDE E SEGURANÇA DO TRABALHO - LOCAL = https://teams.microsoft.com/meet/238144599512544?p=NPH77zpsohs8Eugsac
CAMPO ADICIONAL ATUALIZADO: INTRODUÇÃO A SAÚDE E SEGURANÇA DO TRABALHO - DATA INÍCIO = 2026-05-07 00:00:00
CAMPO ADICIONAL ATUALIZADO: INTRODUÇÃO A SAÚDE E SEGURANÇA DO TRABALHO - DATA TÉRMINO = 2026-05-07 00:00:00
CAMPO ADICIONAL ATUALIZADO: INTRODUÇÃO A SAÚDE E SEGURANÇA DO TRABALHO - INSTRUTOR = SESMT
CAMPO ADICIONAL ATUALIZADO: NORMATIVO (ONLINE) - DATA INÍCIO = 2026-05-08 00:00:00
CAMPO ADICIONAL ATUALIZADO: NORMATIVO (ONLINE) - DATA TÉRMINO = 2026-05-12 00:00:00
CAMPO ADICIONAL ATUALIZADO: NORMATIVO (ONLINE) - INSTRUTOR = RODRIGO
CAMPO ADICIONAL ATUALIZADO: NORMATIVO (ONLINE) - ACESSO = https://teams.microsoft.com/meet/223076657036901?p=MZm9fP8B2rcltNC8uf
CAMPO ADICIONAL ATUALIZADO: NORMATIVO (PRESENCIAL) - LOCAL = RUA SÃO QUIRINO, 758 - VILA GUILHERME - SÃO PAULO - SP
CAMPO ADICIONAL ATUALIZADO: NORMATIVO (PRESENCIAL) - DATA INÍCIO = 2026-05-13 00:00:00
CAMPO ADICIONAL ATUALIZADO: NORMATIVO (PRESENCIAL) - DATA TÉRMINO = 2026-05-14 00:00:00
CAMPO ADICIONAL ATUALIZADO: NORMATIVO (PRESENCIAL) - INSTRUTOR = RODRIGO
CAMPO ADICIONAL ATUALIZADO: 2ª RETIRADA - CARREGAMENTO - DATA DE CARREGAMENTO = 2026-06-09 00:00:00
CAMPO ADICIONAL ATUALIZADO: 2ª RETIRADA - CARREGAMENTO - LOCAL = RUA SÃO QUIRINO, 758 - VILA GUILHERME - SÃO PAULO - SP
CAMPO ADICIONAL ATUALIZADO: OPERAÇÃO - DATA DE OPERAÇÃO = 2026-06-10 00:00:00
CAMPO ADICIONAL ATUALIZADO: OPERAÇÃO - LOCAL = RUA SÃO QUIRINO, 758 - VILA GUILHERME - SÃO PAULO - SP
CAMPO ADICIONAL ATUALIZADO: CURSO TÉCNICO - MODALIDADE = PRESENCIAL
CAMPO ADICIONAL ATUALIZADO: CURSO TÉCNICO - LOCAL = RUA SÃO QUIRINO, 758 - VILA GUILHERME - SÃO PAULO - SP
CAMPO ADICIONAL ATUALIZADO: CURSO TÉCNICO - DATA INÍCIO = 2026-05-15 00:00:00
CAMPO ADICIONAL ATUALIZADO: CURSO TÉCNICO - DATA TÉRMINO = 2026-05-20 00:00:00
CAMPO ADICIONAL ATUALIZADO: CURSO TÉCNICO - INSTRUTOR = 2026 VIVO T41 GLAUCIO BVG
CAMPO ADICIONAL ATUALIZADO: DUPLADO - DATA INÍCIO = 2026-05-21 00:00:00
CAMPO ADICIONAL ATUALIZADO: DUPLADO - DATA TÉRMINO = 2026-06-03 00:00:00
CAMPO ADICIONAL ATUALIZADO: DUPLADO - GER. REGIONAL = -
CAMPO ADICIONAL ATUALIZADO: DUPLADO - LOCAL DE APRESENTAÇÃO = RUA SÃO QUIRINO, 758 - VILA GUILHERME - SÃO PAULO - SP
CAMPO ADICIONAL ATUALIZADO: CURSO TÉCNICO RETORNO - MODALIDADE = PRESENCIAL
CAMPO ADICIONAL ATUALIZADO: CURSO TÉCNICO RETORNO - LOCAL = RUA SÃO QUIRINO, 758 - VILA GUILHERME - SÃO PAULO - SP
CAMPO ADICIONAL ATUALIZADO: CURSO TÉCNICO RETORNO - DATA INÍCIO = 2026-06-05 00:00:00
CAMPO ADICIONAL ATUALIZADO: CURSO TÉCNICO RETORNO - INSTRUTOR = 2026 VIVO T41 GLAUCIO BVG
CAMPO ADICIONAL ATUALIZADO: CURSO TÉCNICO RETORNO - DATA TÉRMINO = 2026-06-08 00:00:00
CAMPO ADICIONAL ATUALIZADO: DUPLADO FASE 2 - DATA INÍCIO = -
CAMPO ADICIONAL ATUALIZADO: DUPLADO FASE 2 - DATA TÉRMINO = -
CAMPO ADICIONAL ATUALIZADO: DUPLADO FASE 2 - GER. REGIONAL = -
CAMPO ADICIONAL ATUALIZADO: DUPLADO FASE 2 - LOCAL DE APRESENTAÇÃO = -
Processando usuário existente: r061069 (Matrícula: 61069)
SENHA ATUALIZADA: r@67880
CAMPO ADICIONAL ATUALIZADO: CADASTRO - FUNÇÃO = MULTI SKILL OPT CON
CAMPO ADICIONAL ATUALIZADO: CADASTRO - ADMISSÃO = 2026-05-06 00:00:00
CAMPO ADICIONAL ATUALIZADO: CADASTRO - GERENTE REGIONAL = ALISSON DE JESUS CARVALHO
CAMPO ADICIONAL ATUALIZADO: CADASTRO - GERENTE CORPORATIVO = FABIO CONCEICAO DOS SANTOS
CAMPO ADICIONAL ATUALIZADO: INTEGRAÇÃO - MODALIDADE = PRESENCIAL
CAMPO ADICIONAL ATUALIZADO: INTEGRAÇÃO - LOCAL = RUA SÃO QUIRINO, 758 - VILA GUILHERME - SÃO PAULO - SP
CAMPO ADICIONAL ATUALIZADO: INTEGRAÇÃO - DATA INÍCIO = 2026-05-06 00:00:00
CAMPO ADICIONAL ATUALIZADO: INTEGRAÇÃO - DATA TÉRMINO = 2026-05-06 00:00:00
CAMPO ADICIONAL ATUALIZADO: INTEGRAÇÃO - INSTRUTOR = GELSIVAN
CAMPO ADICIONAL ATUALIZADO: 1ª RETIRADA - CARREGAMENTO - LOCAL = RUA ÁLVARO ALVIM, 1123 - PAULICÉIA - SÃO BERNARDO DO CAMPO - SP
CAMPO ADICIONAL ATUALIZADO: 1ª RETIRADA - CARREGAMENTO - DATA DE CARREGAMENTO = 2026-05-13 00:00:00
CAMPO ADICIONAL ATUALIZADO: INTRODUÇÃO A SAÚDE E SEGURANÇA DO TRABALHO - MODALIDADE = ONLINE T2
CAMPO ADICIONAL ATUALIZADO: INTRODUÇÃO A SAÚDE E SEGURANÇA DO TRABALHO - LOCAL = https://teams.microsoft.com/meet/238144599512544?p=NPH77zpsohs8Eugsac
CAMPO ADICIONAL ATUALIZADO: INTRODUÇÃO A SAÚDE E SEGURANÇA DO TRABALHO - DATA INÍCIO = 2026-05-07 00:00:00
CAMPO ADICIONAL ATUALIZADO: INTRODUÇÃO A SAÚDE E SEGURANÇA DO TRABALHO - DATA TÉRMINO = 2026-05-07 00:00:00
CAMPO ADICIONAL ATUALIZADO: INTRODUÇÃO A SAÚDE E SEGURANÇA DO TRABALHO - INSTRUTOR = SESMT
CAMPO ADICIONAL ATUALIZADO: NORMATIVO (ONLINE) - DATA INÍCIO = 2026-05-08 00:00:00
CAMPO ADICIONAL ATUALIZADO: NORMATIVO (ONLINE) - DATA TÉRMINO = 2026-05-12 00:00:00
CAMPO ADICIONAL ATUALIZADO: NORMATIVO (ONLINE) - INSTRUTOR = RODRIGO
CAMPO ADICIONAL ATUALIZADO: NORMATIVO (ONLINE) - ACESSO = https://teams.microsoft.com/meet/223076657036901?p=MZm9fP8B2rcltNC8uf
CAMPO ADICIONAL ATUALIZADO: NORMATIVO (PRESENCIAL) - LOCAL = RUA ÁLVARO ALVIM, 1123 - PAULICÉIA - SÃO BERNARDO DO CAMPO - SP
CAMPO ADICIONAL ATUALIZADO: NORMATIVO (PRESENCIAL) - DATA INÍCIO = 2026-05-13 00:00:00
CAMPO ADICIONAL ATUALIZADO: NORMATIVO (PRESENCIAL) - DATA TÉRMINO = 2026-05-14 00:00:00
CAMPO ADICIONAL ATUALIZADO: NORMATIVO (PRESENCIAL) - INSTRUTOR = RODRIGO
CAMPO ADICIONAL ATUALIZADO: 2ª RETIRADA - CARREGAMENTO - DATA DE CARREGAMENTO = 2026-06-09 00:00:00
CAMPO ADICIONAL ATUALIZADO: 2ª RETIRADA - CARREGAMENTO - LOCAL = RUA SÃO QUIRINO, 758 - VILA GUILHERME - SÃO PAULO - SP
CAMPO ADICIONAL ATUALIZADO: OPERAÇÃO - DATA DE OPERAÇÃO = 2026-06-10 00:00:00
CAMPO ADICIONAL ATUALIZADO: OPERAÇÃO - LOCAL = RUA SÃO QUIRINO, 758 - VILA GUILHERME - SÃO PAULO - SP
CAMPO ADICIONAL ATUALIZADO: CURSO TÉCNICO - MODALIDADE = PRESENCIAL
CAMPO ADICIONAL ATUALIZADO: CURSO TÉCNICO - LOCAL = RUA SÃO QUIRINO, 758 - VILA GUILHERME - SÃO PAULO - SP
CAMPO ADICIONAL ATUALIZADO: CURSO TÉCNICO - DATA INÍCIO = 2026-05-15 00:00:00
CAMPO ADICIONAL ATUALIZADO: CURSO TÉCNICO - DATA TÉRMINO = 2026-05-20 00:00:00
CAMPO ADICIONAL ATUALIZADO: CURSO TÉCNICO - INSTRUTOR = 2026 VIVO T41 GLAUCIO BVG
CAMPO ADICIONAL ATUALIZADO: DUPLADO - DATA INÍCIO = 2026-05-21 00:00:00
CAMPO ADICIONAL ATUALIZADO: DUPLADO - DATA TÉRMINO = 2026-06-03 00:00:00
CAMPO ADICIONAL ATUALIZADO: DUPLADO - GER. REGIONAL = -
CAMPO ADICIONAL ATUALIZADO: DUPLADO - LOCAL DE APRESENTAÇÃO = RUA SÃO QUIRINO, 758 - VILA GUILHERME - SÃO PAULO - SP
CAMPO ADICIONAL ATUALIZADO: CURSO TÉCNICO RETORNO - MODALIDADE = PRESENCIAL
CAMPO ADICIONAL ATUALIZADO: CURSO TÉCNICO RETORNO - LOCAL = RUA SÃO QUIRINO, 758 - VILA GUILHERME - SÃO PAULO - SP
CAMPO ADICIONAL ATUALIZADO: CURSO TÉCNICO RETORNO - DATA INÍCIO = 2026-06-05 00:00:00
CAMPO ADICIONAL ATUALIZADO: CURSO TÉCNICO RETORNO - INSTRUTOR = 2026 VIVO T41 GLAUCIO BVG
CAMPO ADICIONAL ATUALIZADO: CURSO TÉCNICO RETORNO - DATA TÉRMINO = 2026-06-08 00:00:00
CAMPO ADICIONAL ATUALIZADO: DUPLADO FASE 2 - DATA INÍCIO = -
CAMPO ADICIONAL ATUALIZADO: DUPLADO FASE 2 - DATA TÉRMINO = -
CAMPO ADICIONAL ATUALIZADO: DUPLADO FASE 2 - GER. REGIONAL = -
CAMPO ADICIONAL ATUALIZADO: DUPLADO FASE 2 - LOCAL DE APRESENTAÇÃO = -
Processando usuário existente: r061102 (Matrícula: 61102)
SENHA ATUALIZADA: r@44840
CAMPO ADICIONAL ATUALIZADO: CADASTRO - FUNÇÃO = MULTI SKILL OPT CON
CAMPO ADICIONAL ATUALIZADO: CADASTRO - ADMISSÃO = 2026-05-06 00:00:00
CAMPO ADICIONAL ATUALIZADO: CADASTRO - GERENTE REGIONAL = ALISSON DE JESUS CARVALHO
CAMPO ADICIONAL ATUALIZADO: CADASTRO - GERENTE CORPORATIVO = FABIO CONCEICAO DOS SANTOS
CAMPO ADICIONAL ATUALIZADO: INTEGRAÇÃO - MODALIDADE = PRESENCIAL
CAMPO ADICIONAL ATUALIZADO: INTEGRAÇÃO - LOCAL = RUA SÃO QUIRINO, 758 - VILA GUILHERME - SÃO PAULO - SP
CAMPO ADICIONAL ATUALIZADO: INTEGRAÇÃO - DATA INÍCIO = 2026-05-06 00:00:00
CAMPO ADICIONAL ATUALIZADO: INTEGRAÇÃO - DATA TÉRMINO = 2026-05-06 00:00:00
CAMPO ADICIONAL ATUALIZADO: INTEGRAÇÃO - INSTRUTOR = GELSIVAN
CAMPO ADICIONAL ATUALIZADO: 1ª RETIRADA - CARREGAMENTO - LOCAL = RUA ÁLVARO ALVIM, 1123 - PAULICÉIA - SÃO BERNARDO DO CAMPO - SP
CAMPO ADICIONAL ATUALIZADO: 1ª RETIRADA - CARREGAMENTO - DATA DE CARREGAMENTO = 2026-05-13 00:00:00
CAMPO ADICIONAL ATUALIZADO: INTRODUÇÃO A SAÚDE E SEGURANÇA DO TRABALHO - MODALIDADE = ONLINE T2
CAMPO ADICIONAL ATUALIZADO: INTRODUÇÃO A SAÚDE E SEGURANÇA DO TRABALHO - LOCAL = https://teams.microsoft.com/meet/238144599512544?p=NPH77zpsohs8Eugsac
CAMPO ADICIONAL ATUALIZADO: INTRODUÇÃO A SAÚDE E SEGURANÇA DO TRABALHO - DATA INÍCIO = 2026-05-07 00:00:00
CAMPO ADICIONAL ATUALIZADO: INTRODUÇÃO A SAÚDE E SEGURANÇA DO TRABALHO - DATA TÉRMINO = 2026-05-07 00:00:00
CAMPO ADICIONAL ATUALIZADO: INTRODUÇÃO A SAÚDE E SEGURANÇA DO TRABALHO - INSTRUTOR = SESMT
CAMPO ADICIONAL ATUALIZADO: NORMATIVO (ONLINE) - DATA INÍCIO = 2026-05-08 00:00:00
CAMPO ADICIONAL ATUALIZADO: NORMATIVO (ONLINE) - DATA TÉRMINO = 2026-05-12 00:00:00
CAMPO ADICIONAL ATUALIZADO: NORMATIVO (ONLINE) - INSTRUTOR = RODRIGO
CAMPO ADICIONAL ATUALIZADO: NORMATIVO (ONLINE) - ACESSO = https://teams.microsoft.com/meet/223076657036901?p=MZm9fP8B2rcltNC8uf
CAMPO ADICIONAL ATUALIZADO: NORMATIVO (PRESENCIAL) - LOCAL = RUA ÁLVARO ALVIM, 1123 - PAULICÉIA - SÃO BERNARDO DO CAMPO - SP
CAMPO ADICIONAL ATUALIZADO: NORMATIVO (PRESENCIAL) - DATA INÍCIO = 2026-05-13 00:00:00
CAMPO ADICIONAL ATUALIZADO: NORMATIVO (PRESENCIAL) - DATA TÉRMINO = 2026-05-14 00:00:00
CAMPO ADICIONAL ATUALIZADO: NORMATIVO (PRESENCIAL) - INSTRUTOR = RODRIGO
CAMPO ADICIONAL ATUALIZADO: 2ª RETIRADA - CARREGAMENTO - DATA DE CARREGAMENTO = 2026-06-09 00:00:00
CAMPO ADICIONAL ATUALIZADO: 2ª RETIRADA - CARREGAMENTO - LOCAL = RUA SÃO QUIRINO, 758 - VILA GUILHERME - SÃO PAULO - SP
CAMPO ADICIONAL ATUALIZADO: OPERAÇÃO - DATA DE OPERAÇÃO = 2026-06-10 00:00:00
CAMPO ADICIONAL ATUALIZADO: OPERAÇÃO - LOCAL = RUA SÃO QUIRINO, 758 - VILA GUILHERME - SÃO PAULO - SP
CAMPO ADICIONAL ATUALIZADO: CURSO TÉCNICO - MODALIDADE = PRESENCIAL
CAMPO ADICIONAL ATUALIZADO: CURSO TÉCNICO - LOCAL = RUA SÃO QUIRINO, 758 - VILA GUILHERME - SÃO PAULO - SP
CAMPO ADICIONAL ATUALIZADO: CURSO TÉCNICO - DATA INÍCIO = 2026-05-15 00:00:00
CAMPO ADICIONAL ATUALIZADO: CURSO TÉCNICO - DATA TÉRMINO = 2026-05-20 00:00:00
CAMPO ADICIONAL ATUALIZADO: CURSO TÉCNICO - INSTRUTOR = 2026 VIVO T41 GLAUCIO BVG
CAMPO ADICIONAL ATUALIZADO: DUPLADO - DATA INÍCIO = 2026-05-21 00:00:00
CAMPO ADICIONAL ATUALIZADO: DUPLADO - DATA TÉRMINO = 2026-06-03 00:00:00
CAMPO ADICIONAL ATUALIZADO: DUPLADO - GER. REGIONAL = -
CAMPO ADICIONAL ATUALIZADO: DUPLADO - LOCAL DE APRESENTAÇÃO = RUA SÃO QUIRINO, 758 - VILA GUILHERME - SÃO PAULO - SP
CAMPO ADICIONAL ATUALIZADO: CURSO TÉCNICO RETORNO - MODALIDADE = PRESENCIAL
CAMPO ADICIONAL ATUALIZADO: CURSO TÉCNICO RETORNO - LOCAL = RUA SÃO QUIRINO, 758 - VILA GUILHERME - SÃO PAULO - SP
CAMPO ADICIONAL ATUALIZADO: CURSO TÉCNICO RETORNO - DATA INÍCIO = 2026-06-05 00:00:00
CAMPO ADICIONAL ATUALIZADO: CURSO TÉCNICO RETORNO - INSTRUTOR = 2026 VIVO T41 GLAUCIO BVG
CAMPO ADICIONAL ATUALIZADO: CURSO TÉCNICO RETORNO - DATA TÉRMINO = 2026-06-08 00:00:00
CAMPO ADICIONAL ATUALIZADO: DUPLADO FASE 2 - DATA INÍCIO = -
CAMPO ADICIONAL ATUALIZADO: DUPLADO FASE 2 - DATA TÉRMINO = -
CAMPO ADICIONAL ATUALIZADO: DUPLADO FASE 2 - GER. REGIONAL = -
CAMPO ADICIONAL ATUALIZADO: DUPLADO FASE 2 - LOCAL DE APRESENTAÇÃO = -
Processando usuário existente: r061085 (Matrícula: 61085)
SENHA ATUALIZADA: r@37808
CAMPO ADICIONAL ATUALIZADO: CADASTRO - FUNÇÃO = MULTI SKILL OPT CON
CAMPO ADICIONAL ATUALIZADO: CADASTRO - ADMISSÃO = 2026-05-06 00:00:00
CAMPO ADICIONAL ATUALIZADO: CADASTRO - GERENTE REGIONAL = DAVI LUCAS MILEIRO
CAMPO ADICIONAL ATUALIZADO: CADASTRO - GERENTE CORPORATIVO = ODLEI RICARDO DOS REIS
CAMPO ADICIONAL ATUALIZADO: INTEGRAÇÃO - MODALIDADE = PRESENCIAL
CAMPO ADICIONAL ATUALIZADO: INTEGRAÇÃO - LOCAL = RUA SÃO QUIRINO, 758 - VILA GUILHERME - SÃO PAULO - SP
CAMPO ADICIONAL ATUALIZADO: INTEGRAÇÃO - DATA INÍCIO = 2026-05-06 00:00:00
CAMPO ADICIONAL ATUALIZADO: INTEGRAÇÃO - DATA TÉRMINO = 2026-05-06 00:00:00
CAMPO ADICIONAL ATUALIZADO: INTEGRAÇÃO - INSTRUTOR = GELSIVAN
CAMPO ADICIONAL ATUALIZADO: 1ª RETIRADA - CARREGAMENTO - LOCAL = RUA SÃO QUIRINO, 758 - VILA GUILHERME - SÃO PAULO - SP
CAMPO ADICIONAL ATUALIZADO: 1ª RETIRADA - CARREGAMENTO - DATA DE CARREGAMENTO = 2026-05-13 00:00:00
CAMPO ADICIONAL ATUALIZADO: INTRODUÇÃO A SAÚDE E SEGURANÇA DO TRABALHO - MODALIDADE = ONLINE T2
CAMPO ADICIONAL ATUALIZADO: INTRODUÇÃO A SAÚDE E SEGURANÇA DO TRABALHO - LOCAL = https://teams.microsoft.com/meet/238144599512544?p=NPH77zpsohs8Eugsac
CAMPO ADICIONAL ATUALIZADO: INTRODUÇÃO A SAÚDE E SEGURANÇA DO TRABALHO - DATA INÍCIO = 2026-05-07 00:00:00
CAMPO ADICIONAL ATUALIZADO: INTRODUÇÃO A SAÚDE E SEGURANÇA DO TRABALHO - DATA TÉRMINO = 2026-05-07 00:00:00
CAMPO ADICIONAL ATUALIZADO: INTRODUÇÃO A SAÚDE E SEGURANÇA DO TRABALHO - INSTRUTOR = SESMT
CAMPO ADICIONAL ATUALIZADO: NORMATIVO (ONLINE) - DATA INÍCIO = 2026-05-08 00:00:00
CAMPO ADICIONAL ATUALIZADO: NORMATIVO (ONLINE) - DATA TÉRMINO = 2026-05-12 00:00:00
CAMPO ADICIONAL ATUALIZADO: NORMATIVO (ONLINE) - INSTRUTOR = RODRIGO
CAMPO ADICIONAL ATUALIZADO: NORMATIVO (ONLINE) - ACESSO = https://teams.microsoft.com/meet/223076657036901?p=MZm9fP8B2rcltNC8uf
CAMPO ADICIONAL ATUALIZADO: NORMATIVO (PRESENCIAL) - LOCAL = RUA SÃO QUIRINO, 758 - VILA GUILHERME - SÃO PAULO - SP
CAMPO ADICIONAL ATUALIZADO: NORMATIVO (PRESENCIAL) - DATA INÍCIO = 2026-05-13 00:00:00
CAMPO ADICIONAL ATUALIZADO: NORMATIVO (PRESENCIAL) - DATA TÉRMINO = 2026-05-14 00:00:00
CAMPO ADICIONAL ATUALIZADO: NORMATIVO (PRESENCIAL) - INSTRUTOR = RODRIGO
CAMPO ADICIONAL ATUALIZADO: 2ª RETIRADA - CARREGAMENTO - DATA DE CARREGAMENTO = 2026-06-09 00:00:00
CAMPO ADICIONAL ATUALIZADO: 2ª RETIRADA - CARREGAMENTO - LOCAL = RUA SÃO QUIRINO, 758 - VILA GUILHERME - SÃO PAULO - SP
CAMPO ADICIONAL ATUALIZADO: OPERAÇÃO - DATA DE OPERAÇÃO = 2026-06-10 00:00:00
CAMPO ADICIONAL ATUALIZADO: OPERAÇÃO - LOCAL = RODOVIA JOÃO AFONSO DE SOUZA CASTELLANO, 1212 - VILA JAÚ - POÁ - SP
CAMPO ADICIONAL ATUALIZADO: CURSO TÉCNICO - MODALIDADE = PRESENCIAL
CAMPO ADICIONAL ATUALIZADO: CURSO TÉCNICO - LOCAL = RUA SÃO QUIRINO, 758 - VILA GUILHERME - SÃO PAULO - SP
CAMPO ADICIONAL ATUALIZADO: CURSO TÉCNICO - DATA INÍCIO = 2026-05-15 00:00:00
CAMPO ADICIONAL ATUALIZADO: CURSO TÉCNICO - DATA TÉRMINO = 2026-05-20 00:00:00
CAMPO ADICIONAL ATUALIZADO: CURSO TÉCNICO - INSTRUTOR = 2026 VIVO T41 GLAUCIO BVG
CAMPO ADICIONAL ATUALIZADO: DUPLADO - DATA INÍCIO = 2026-05-21 00:00:00
CAMPO ADICIONAL ATUALIZADO: DUPLADO - DATA TÉRMINO = 2026-06-03 00:00:00
CAMPO ADICIONAL ATUALIZADO: DUPLADO - GER. REGIONAL = -
CAMPO ADICIONAL ATUALIZADO: DUPLADO - LOCAL DE APRESENTAÇÃO = RODOVIA JOÃO AFONSO DE SOUZA CASTELLANO, 1212 - VILA JAÚ - POÁ - SP
CAMPO ADICIONAL ATUALIZADO: CURSO TÉCNICO RETORNO - MODALIDADE = PRESENCIAL
CAMPO ADICIONAL ATUALIZADO: CURSO TÉCNICO RETORNO - LOCAL = RODOVIA JOÃO AFONSO DE SOUZA CASTELLANO, 1212 - VILA JAÚ - POÁ - SP
CAMPO ADICIONAL ATUALIZADO: CURSO TÉCNICO RETORNO - DATA INÍCIO = 2026-06-05 00:00:00
CAMPO ADICIONAL ATUALIZADO: CURSO TÉCNICO RETORNO - INSTRUTOR = 2026 VIVO T41 GLAUCIO BVG
CAMPO ADICIONAL ATUALIZADO: CURSO TÉCNICO RETORNO - DATA TÉRMINO = 2026-06-08 00:00:00
CAMPO ADICIONAL ATUALIZADO: DUPLADO FASE 2 - DATA INÍCIO = -
CAMPO ADICIONAL ATUALIZADO: DUPLADO FASE 2 - DATA TÉRMINO = -
CAMPO ADICIONAL ATUALIZADO: DUPLADO FASE 2 - GER. REGIONAL = -
CAMPO ADICIONAL ATUALIZADO: DUPLADO FASE 2 - LOCAL DE APRESENTAÇÃO = -
Processando usuário existente: r061109 (Matrícula: 61109)
SENHA ATUALIZADA: r@22897
CAMPO ADICIONAL ATUALIZADO: CADASTRO - FUNÇÃO = MULTI SKILL OPT CON
CAMPO ADICIONAL ATUALIZADO: CADASTRO - ADMISSÃO = 2026-05-06 00:00:00
CAMPO ADICIONAL ATUALIZADO: CADASTRO - GERENTE REGIONAL = ALEXANDRE LYSAK
CAMPO ADICIONAL ATUALIZADO: CADASTRO - GERENTE CORPORATIVO = JANA ROSA DE ALMEIDA SIZOTTO
CAMPO ADICIONAL ATUALIZADO: INTEGRAÇÃO - MODALIDADE = PRESENCIAL
CAMPO ADICIONAL ATUALIZADO: INTEGRAÇÃO - LOCAL = RUA SÃO QUIRINO, 758 - VILA GUILHERME - SÃO PAULO - SP
CAMPO ADICIONAL ATUALIZADO: INTEGRAÇÃO - DATA INÍCIO = 2026-05-06 00:00:00
CAMPO ADICIONAL ATUALIZADO: INTEGRAÇÃO - DATA TÉRMINO = 2026-05-06 00:00:00
CAMPO ADICIONAL ATUALIZADO: INTEGRAÇÃO - INSTRUTOR = GELSIVAN
CAMPO ADICIONAL ATUALIZADO: 1ª RETIRADA - CARREGAMENTO - LOCAL = RUA SÃO QUIRINO, 758 - VILA GUILHERME - SÃO PAULO - SP
CAMPO ADICIONAL ATUALIZADO: 1ª RETIRADA - CARREGAMENTO - DATA DE CARREGAMENTO = 2026-05-13 00:00:00
CAMPO ADICIONAL ATUALIZADO: INTRODUÇÃO A SAÚDE E SEGURANÇA DO TRABALHO - MODALIDADE = ONLINE T2
CAMPO ADICIONAL ATUALIZADO: INTRODUÇÃO A SAÚDE E SEGURANÇA DO TRABALHO - LOCAL = https://teams.microsoft.com/meet/238144599512544?p=NPH77zpsohs8Eugsac
CAMPO ADICIONAL ATUALIZADO: INTRODUÇÃO A SAÚDE E SEGURANÇA DO TRABALHO - DATA INÍCIO = 2026-05-07 00:00:00
CAMPO ADICIONAL ATUALIZADO: INTRODUÇÃO A SAÚDE E SEGURANÇA DO TRABALHO - DATA TÉRMINO = 2026-05-07 00:00:00
CAMPO ADICIONAL ATUALIZADO: INTRODUÇÃO A SAÚDE E SEGURANÇA DO TRABALHO - INSTRUTOR = SESMT
CAMPO ADICIONAL ATUALIZADO: NORMATIVO (ONLINE) - DATA INÍCIO = 2026-05-08 00:00:00
CAMPO ADICIONAL ATUALIZADO: NORMATIVO (ONLINE) - DATA TÉRMINO = 2026-05-12 00:00:00
CAMPO ADICIONAL ATUALIZADO: NORMATIVO (ONLINE) - INSTRUTOR = RODRIGO
CAMPO ADICIONAL ATUALIZADO: NORMATIVO (ONLINE) - ACESSO = https://teams.microsoft.com/meet/223076657036901?p=MZm9fP8B2rcltNC8uf
CAMPO ADICIONAL ATUALIZADO: NORMATIVO (PRESENCIAL) - LOCAL = RUA SÃO QUIRINO, 758 - VILA GUILHERME - SÃO PAULO - SP
CAMPO ADICIONAL ATUALIZADO: NORMATIVO (PRESENCIAL) - DATA INÍCIO = 2026-05-13 00:00:00
CAMPO ADICIONAL ATUALIZADO: NORMATIVO (PRESENCIAL) - DATA TÉRMINO = 2026-05-14 00:00:00
CAMPO ADICIONAL ATUALIZADO: NORMATIVO (PRESENCIAL) - INSTRUTOR = RODRIGO
CAMPO ADICIONAL ATUALIZADO: 2ª RETIRADA - CARREGAMENTO - DATA DE CARREGAMENTO = 2026-06-09 00:00:00
CAMPO ADICIONAL ATUALIZADO: 2ª RETIRADA - CARREGAMENTO - LOCAL = RUA SÃO QUIRINO, 758 - VILA GUILHERME - SÃO PAULO - SP
CAMPO ADICIONAL ATUALIZADO: OPERAÇÃO - DATA DE OPERAÇÃO = 2026-06-10 00:00:00
CAMPO ADICIONAL ATUALIZADO: OPERAÇÃO - LOCAL = RUA SÃO QUIRINO, 758 - VILA GUILHERME - SÃO PAULO - SP
CAMPO ADICIONAL ATUALIZADO: CURSO TÉCNICO - MODALIDADE = PRESENCIAL
CAMPO ADICIONAL ATUALIZADO: CURSO TÉCNICO - LOCAL = RUA SÃO QUIRINO, 758 - VILA GUILHERME - SÃO PAULO - SP
CAMPO ADICIONAL ATUALIZADO: CURSO TÉCNICO - DATA INÍCIO = 2026-05-15 00:00:00
CAMPO ADICIONAL ATUALIZADO: CURSO TÉCNICO - DATA TÉRMINO = 2026-05-20 00:00:00
CAMPO ADICIONAL ATUALIZADO: CURSO TÉCNICO - INSTRUTOR = 2026 VIVO T41 GLAUCIO BVG
CAMPO ADICIONAL ATUALIZADO: DUPLADO - DATA INÍCIO = 2026-05-21 00:00:00
CAMPO ADICIONAL ATUALIZADO: DUPLADO - DATA TÉRMINO = 2026-06-03 00:00:00
CAMPO ADICIONAL ATUALIZADO: DUPLADO - GER. REGIONAL = -
CAMPO ADICIONAL ATUALIZADO: DUPLADO - LOCAL DE APRESENTAÇÃO = RUA SÃO QUIRINO, 758 - VILA GUILHERME - SÃO PAULO - SP
CAMPO ADICIONAL ATUALIZADO: CURSO TÉCNICO RETORNO - MODALIDADE = PRESENCIAL
CAMPO ADICIONAL ATUALIZADO: CURSO TÉCNICO RETORNO - LOCAL = RUA SÃO QUIRINO, 758 - VILA GUILHERME - SÃO PAULO - SP
CAMPO ADICIONAL ATUALIZADO: CURSO TÉCNICO RETORNO - DATA INÍCIO = 2026-06-05 00:00:00
CAMPO ADICIONAL ATUALIZADO: CURSO TÉCNICO RETORNO - INSTRUTOR = 2026 VIVO T41 GLAUCIO BVG
CAMPO ADICIONAL ATUALIZADO: CURSO TÉCNICO RETORNO - DATA TÉRMINO = 2026-06-08 00:00:00
CAMPO ADICIONAL ATUALIZADO: DUPLADO FASE 2 - DATA INÍCIO = -
CAMPO ADICIONAL ATUALIZADO: DUPLADO FASE 2 - DATA TÉRMINO = -
CAMPO ADICIONAL ATUALIZADO: DUPLADO FASE 2 - GER. REGIONAL = -
CAMPO ADICIONAL ATUALIZADO: DUPLADO FASE 2 - LOCAL DE APRESENTAÇÃO = -
Processando usuário existente: r061071 (Matrícula: 61071)
SENHA ATUALIZADA: r@73866
CAMPO ADICIONAL ATUALIZADO: CADASTRO - FUNÇÃO = AUX TELECOM
CAMPO ADICIONAL ATUALIZADO: CADASTRO - ADMISSÃO = 2026-05-06 00:00:00
CAMPO ADICIONAL ATUALIZADO: CADASTRO - GERENTE REGIONAL = EDVAN PEREIRA DA ROCHA
CAMPO ADICIONAL ATUALIZADO: CADASTRO - GERENTE CORPORATIVO = PAULO HENRIQUE VALERIO DA SILVA
CAMPO ADICIONAL ATUALIZADO: INTEGRAÇÃO - MODALIDADE = PRESENCIAL
CAMPO ADICIONAL ATUALIZADO: INTEGRAÇÃO - LOCAL = RUA SÃO QUIRINO, 758 - VILA GUILHERME - SÃO PAULO - SP
CAMPO ADICIONAL ATUALIZADO: INTEGRAÇÃO - DATA INÍCIO = 2026-05-06 00:00:00
CAMPO ADICIONAL ATUALIZADO: INTEGRAÇÃO - DATA TÉRMINO = 2026-05-06 00:00:00
CAMPO ADICIONAL ATUALIZADO: INTEGRAÇÃO - INSTRUTOR = GELSIVAN
CAMPO ADICIONAL ATUALIZADO: 1ª RETIRADA - CARREGAMENTO - LOCAL = RUA ÁLVARO ALVIM, 1123 - PAULICÉIA - SÃO BERNARDO DO CAMPO - SP
CAMPO ADICIONAL ATUALIZADO: 1ª RETIRADA - CARREGAMENTO - DATA DE CARREGAMENTO = 2026-05-13 00:00:00
CAMPO ADICIONAL ATUALIZADO: INTRODUÇÃO A SAÚDE E SEGURANÇA DO TRABALHO - MODALIDADE = ONLINE T2
CAMPO ADICIONAL ATUALIZADO: INTRODUÇÃO A SAÚDE E SEGURANÇA DO TRABALHO - LOCAL = https://teams.microsoft.com/meet/238144599512544?p=NPH77zpsohs8Eugsac
CAMPO ADICIONAL ATUALIZADO: INTRODUÇÃO A SAÚDE E SEGURANÇA DO TRABALHO - DATA INÍCIO = 2026-05-07 00:00:00
CAMPO ADICIONAL ATUALIZADO: INTRODUÇÃO A SAÚDE E SEGURANÇA DO TRABALHO - DATA TÉRMINO = 2026-05-07 00:00:00
CAMPO ADICIONAL ATUALIZADO: INTRODUÇÃO A SAÚDE E SEGURANÇA DO TRABALHO - INSTRUTOR = SESMT
CAMPO ADICIONAL ATUALIZADO: NORMATIVO (ONLINE) - DATA INÍCIO = 2026-05-08 00:00:00
CAMPO ADICIONAL ATUALIZADO: NORMATIVO (ONLINE) - DATA TÉRMINO = 2026-05-14 00:00:00
CAMPO ADICIONAL ATUALIZADO: NORMATIVO (ONLINE) - INSTRUTOR = LUCIANO
CAMPO ADICIONAL ATUALIZADO: NORMATIVO (ONLINE) - ACESSO = https://teams.microsoft.com/meet/252035871893270?p=l1vJ3D0n81QLLIoTom
CAMPO ADICIONAL ATUALIZADO: NORMATIVO (PRESENCIAL) - LOCAL = RUA ÁLVARO ALVIM, 1123 - PAULICÉIA - SÃO BERNARDO DO CAMPO - SP
CAMPO ADICIONAL ATUALIZADO: NORMATIVO (PRESENCIAL) - DATA INÍCIO = 2026-05-15 00:00:00
CAMPO ADICIONAL ATUALIZADO: NORMATIVO (PRESENCIAL) - DATA TÉRMINO = 2026-05-18 00:00:00
CAMPO ADICIONAL ATUALIZADO: NORMATIVO (PRESENCIAL) - INSTRUTOR = LUCIANO
CAMPO ADICIONAL ATUALIZADO: 2ª RETIRADA - CARREGAMENTO - DATA DE CARREGAMENTO = 2026-05-19 00:00:00
CAMPO ADICIONAL ATUALIZADO: 2ª RETIRADA - CARREGAMENTO - LOCAL = RUA SÃO QUIRINO, 758 - VILA GUILHERME - SÃO PAULO - SP
CAMPO ADICIONAL ATUALIZADO: OPERAÇÃO - DATA DE OPERAÇÃO = 2026-05-20 00:00:00
CAMPO ADICIONAL ATUALIZADO: OPERAÇÃO - LOCAL = RUA SÃO QUIRINO, 758 - VILA GUILHERME - SÃO PAULO - SP
CAMPO ADICIONAL ATUALIZADO: CURSO TÉCNICO - MODALIDADE = -
CAMPO ADICIONAL ATUALIZADO: CURSO TÉCNICO - LOCAL = -
CAMPO ADICIONAL ATUALIZADO: CURSO TÉCNICO - DATA INÍCIO = -
CAMPO ADICIONAL ATUALIZADO: CURSO TÉCNICO - DATA TÉRMINO = -
CAMPO ADICIONAL ATUALIZADO: DUPLADO - DATA INÍCIO = -
CAMPO ADICIONAL ATUALIZADO: DUPLADO - DATA TÉRMINO = -
CAMPO ADICIONAL ATUALIZADO: DUPLADO - GER. REGIONAL = -
CAMPO ADICIONAL ATUALIZADO: DUPLADO - LOCAL DE APRESENTAÇÃO = -
CAMPO ADICIONAL ATUALIZADO: CURSO TÉCNICO RETORNO - MODALIDADE = -
CAMPO ADICIONAL ATUALIZADO: CURSO TÉCNICO RETORNO - LOCAL = -
CAMPO ADICIONAL ATUALIZADO: CURSO TÉCNICO RETORNO - DATA INÍCIO = -
CAMPO ADICIONAL ATUALIZADO: CURSO TÉCNICO RETORNO - INSTRUTOR = -
CAMPO ADICIONAL ATUALIZADO: CURSO TÉCNICO RETORNO - DATA TÉRMINO = -
CAMPO ADICIONAL ATUALIZADO: DUPLADO FASE 2 - DATA INÍCIO = -
CAMPO ADICIONAL ATUALIZADO: DUPLADO FASE 2 - DATA TÉRMINO = -
CAMPO ADICIONAL ATUALIZADO: DUPLADO FASE 2 - GER. REGIONAL = -
CAMPO ADICIONAL ATUALIZADO: DUPLADO FASE 2 - LOCAL DE APRESENTAÇÃO = -
Processando usuário existente: r061110 (Matrícula: 61110)
SENHA ATUALIZADA: r@22841
CAMPO ADICIONAL ATUALIZADO: CADASTRO - FUNÇÃO = MULTI SKILL OPT CON
CAMPO ADICIONAL ATUALIZADO: CADASTRO - ADMISSÃO = 2026-05-06 00:00:00
CAMPO ADICIONAL ATUALIZADO: CADASTRO - GERENTE REGIONAL = ALISSON DE JESUS CARVALHO
CAMPO ADICIONAL ATUALIZADO: CADASTRO - GERENTE CORPORATIVO = FABIO CONCEICAO DOS SANTOS
CAMPO ADICIONAL ATUALIZADO: INTEGRAÇÃO - MODALIDADE = PRESENCIAL
CAMPO ADICIONAL ATUALIZADO: INTEGRAÇÃO - LOCAL = RUA SÃO QUIRINO, 758 - VILA GUILHERME - SÃO PAULO - SP
CAMPO ADICIONAL ATUALIZADO: INTEGRAÇÃO - DATA INÍCIO = 2026-05-06 00:00:00
CAMPO ADICIONAL ATUALIZADO: INTEGRAÇÃO - DATA TÉRMINO = 2026-05-06 00:00:00
CAMPO ADICIONAL ATUALIZADO: INTEGRAÇÃO - INSTRUTOR = GELSIVAN
CAMPO ADICIONAL ATUALIZADO: 1ª RETIRADA - CARREGAMENTO - LOCAL = RUA ÁLVARO ALVIM, 1123 - PAULICÉIA - SÃO BERNARDO DO CAMPO - SP
CAMPO ADICIONAL ATUALIZADO: 1ª RETIRADA - CARREGAMENTO - DATA DE CARREGAMENTO = 2026-05-13 00:00:00
CAMPO ADICIONAL ATUALIZADO: INTRODUÇÃO A SAÚDE E SEGURANÇA DO TRABALHO - MODALIDADE = ONLINE T2
CAMPO ADICIONAL ATUALIZADO: INTRODUÇÃO A SAÚDE E SEGURANÇA DO TRABALHO - LOCAL = https://teams.microsoft.com/meet/238144599512544?p=NPH77zpsohs8Eugsac
CAMPO ADICIONAL ATUALIZADO: INTRODUÇÃO A SAÚDE E SEGURANÇA DO TRABALHO - DATA INÍCIO = 2026-05-07 00:00:00
CAMPO ADICIONAL ATUALIZADO: INTRODUÇÃO A SAÚDE E SEGURANÇA DO TRABALHO - DATA TÉRMINO = 2026-05-07 00:00:00
CAMPO ADICIONAL ATUALIZADO: INTRODUÇÃO A SAÚDE E SEGURANÇA DO TRABALHO - INSTRUTOR = SESMT
CAMPO ADICIONAL ATUALIZADO: NORMATIVO (ONLINE) - DATA INÍCIO = 2026-05-08 00:00:00
CAMPO ADICIONAL ATUALIZADO: NORMATIVO (ONLINE) - DATA TÉRMINO = 2026-05-12 00:00:00
CAMPO ADICIONAL ATUALIZADO: NORMATIVO (ONLINE) - INSTRUTOR = RODRIGO
CAMPO ADICIONAL ATUALIZADO: NORMATIVO (ONLINE) - ACESSO = https://teams.microsoft.com/meet/223076657036901?p=MZm9fP8B2rcltNC8uf
CAMPO ADICIONAL ATUALIZADO: NORMATIVO (PRESENCIAL) - LOCAL = RUA ÁLVARO ALVIM, 1123 - PAULICÉIA - SÃO BERNARDO DO CAMPO - SP
CAMPO ADICIONAL ATUALIZADO: NORMATIVO (PRESENCIAL) - DATA INÍCIO = 2026-05-13 00:00:00
CAMPO ADICIONAL ATUALIZADO: NORMATIVO (PRESENCIAL) - DATA TÉRMINO = 2026-05-14 00:00:00
CAMPO ADICIONAL ATUALIZADO: NORMATIVO (PRESENCIAL) - INSTRUTOR = RODRIGO
CAMPO ADICIONAL ATUALIZADO: 2ª RETIRADA - CARREGAMENTO - DATA DE CARREGAMENTO = 2026-06-09 00:00:00
CAMPO ADICIONAL ATUALIZADO: 2ª RETIRADA - CARREGAMENTO - LOCAL = RUA SÃO QUIRINO, 758 - VILA GUILHERME - SÃO PAULO - SP
CAMPO ADICIONAL ATUALIZADO: OPERAÇÃO - DATA DE OPERAÇÃO = 2026-06-10 00:00:00
CAMPO ADICIONAL ATUALIZADO: OPERAÇÃO - LOCAL = RUA SÃO QUIRINO, 758 - VILA GUILHERME - SÃO PAULO - SP
CAMPO ADICIONAL ATUALIZADO: CURSO TÉCNICO - MODALIDADE = PRESENCIAL
CAMPO ADICIONAL ATUALIZADO: CURSO TÉCNICO - LOCAL = RUA SÃO QUIRINO, 758 - VILA GUILHERME - SÃO PAULO - SP
CAMPO ADICIONAL ATUALIZADO: CURSO TÉCNICO - DATA INÍCIO = 2026-05-15 00:00:00
CAMPO ADICIONAL ATUALIZADO: CURSO TÉCNICO - DATA TÉRMINO = 2026-05-20 00:00:00
CAMPO ADICIONAL ATUALIZADO: CURSO TÉCNICO - INSTRUTOR = 2026 VIVO T41 GLAUCIO BVG
CAMPO ADICIONAL ATUALIZADO: DUPLADO - DATA INÍCIO = 2026-05-21 00:00:00
CAMPO ADICIONAL ATUALIZADO: DUPLADO - DATA TÉRMINO = 2026-06-03 00:00:00
CAMPO ADICIONAL ATUALIZADO: DUPLADO - GER. REGIONAL = -
CAMPO ADICIONAL ATUALIZADO: DUPLADO - LOCAL DE APRESENTAÇÃO = RUA SÃO QUIRINO, 758 - VILA GUILHERME - SÃO PAULO - SP
CAMPO ADICIONAL ATUALIZADO: CURSO TÉCNICO RETORNO - MODALIDADE = PRESENCIAL
CAMPO ADICIONAL ATUALIZADO: CURSO TÉCNICO RETORNO - LOCAL = RUA SÃO QUIRINO, 758 - VILA GUILHERME - SÃO PAULO - SP
CAMPO ADICIONAL ATUALIZADO: CURSO TÉCNICO RETORNO - DATA INÍCIO = 2026-06-05 00:00:00
CAMPO ADICIONAL ATUALIZADO: CURSO TÉCNICO RETORNO - INSTRUTOR = 2026 VIVO T41 GLAUCIO BVG
CAMPO ADICIONAL ATUALIZADO: CURSO TÉCNICO RETORNO - DATA TÉRMINO = 2026-06-08 00:00:00
CAMPO ADICIONAL ATUALIZADO: DUPLADO FASE 2 - DATA INÍCIO = -
CAMPO ADICIONAL ATUALIZADO: DUPLADO FASE 2 - DATA TÉRMINO = -
CAMPO ADICIONAL ATUALIZADO: DUPLADO FASE 2 - GER. REGIONAL = -
CAMPO ADICIONAL ATUALIZADO: DUPLADO FASE 2 - LOCAL DE APRESENTAÇÃO = -
Processando usuário existente: r061073 (Matrícula: 61073)
SENHA ATUALIZADA: r@77814
CAMPO ADICIONAL ATUALIZADO: CADASTRO - FUNÇÃO = AUX TELECOM
CAMPO ADICIONAL ATUALIZADO: CADASTRO - ADMISSÃO = 2026-05-06 00:00:00
CAMPO ADICIONAL ATUALIZADO: CADASTRO - GERENTE REGIONAL = EDERSON DOS SANTOS MAGALHAES
CAMPO ADICIONAL ATUALIZADO: CADASTRO - GERENTE CORPORATIVO = FRANCISCO ADOLFO ZAMPOL DE MARCO
CAMPO ADICIONAL ATUALIZADO: INTEGRAÇÃO - MODALIDADE = PRESENCIAL
CAMPO ADICIONAL ATUALIZADO: INTEGRAÇÃO - LOCAL = RUA SÃO QUIRINO, 758 - VILA GUILHERME - SÃO PAULO - SP
CAMPO ADICIONAL ATUALIZADO: INTEGRAÇÃO - DATA INÍCIO = 2026-05-06 00:00:00
CAMPO ADICIONAL ATUALIZADO: INTEGRAÇÃO - DATA TÉRMINO = 2026-05-06 00:00:00
CAMPO ADICIONAL ATUALIZADO: INTEGRAÇÃO - INSTRUTOR = GELSIVAN
CAMPO ADICIONAL ATUALIZADO: 1ª RETIRADA - CARREGAMENTO - LOCAL = RUA ÁLVARO ALVIM, 1123 - PAULICÉIA - SÃO BERNARDO DO CAMPO - SP
CAMPO ADICIONAL ATUALIZADO: 1ª RETIRADA - CARREGAMENTO - DATA DE CARREGAMENTO = 2026-05-13 00:00:00
CAMPO ADICIONAL ATUALIZADO: INTRODUÇÃO A SAÚDE E SEGURANÇA DO TRABALHO - MODALIDADE = ONLINE T2
CAMPO ADICIONAL ATUALIZADO: INTRODUÇÃO A SAÚDE E SEGURANÇA DO TRABALHO - LOCAL = https://teams.microsoft.com/meet/238144599512544?p=NPH77zpsohs8Eugsac
CAMPO ADICIONAL ATUALIZADO: INTRODUÇÃO A SAÚDE E SEGURANÇA DO TRABALHO - DATA INÍCIO = 2026-05-07 00:00:00
CAMPO ADICIONAL ATUALIZADO: INTRODUÇÃO A SAÚDE E SEGURANÇA DO TRABALHO - DATA TÉRMINO = 2026-05-07 00:00:00
CAMPO ADICIONAL ATUALIZADO: INTRODUÇÃO A SAÚDE E SEGURANÇA DO TRABALHO - INSTRUTOR = SESMT
CAMPO ADICIONAL ATUALIZADO: NORMATIVO (ONLINE) - DATA INÍCIO = 2026-05-08 00:00:00
CAMPO ADICIONAL ATUALIZADO: NORMATIVO (ONLINE) - DATA TÉRMINO = 2026-05-14 00:00:00
CAMPO ADICIONAL ATUALIZADO: NORMATIVO (ONLINE) - INSTRUTOR = LUCIANO
CAMPO ADICIONAL ATUALIZADO: NORMATIVO (ONLINE) - ACESSO = https://teams.microsoft.com/meet/252035871893270?p=l1vJ3D0n81QLLIoTom
CAMPO ADICIONAL ATUALIZADO: NORMATIVO (PRESENCIAL) - LOCAL = RUA ÁLVARO ALVIM, 1123 - PAULICÉIA - SÃO BERNARDO DO CAMPO - SP
CAMPO ADICIONAL ATUALIZADO: NORMATIVO (PRESENCIAL) - DATA INÍCIO = 2026-05-15 00:00:00
CAMPO ADICIONAL ATUALIZADO: NORMATIVO (PRESENCIAL) - DATA TÉRMINO = 2026-05-18 00:00:00
CAMPO ADICIONAL ATUALIZADO: NORMATIVO (PRESENCIAL) - INSTRUTOR = LUCIANO
CAMPO ADICIONAL ATUALIZADO: 2ª RETIRADA - CARREGAMENTO - DATA DE CARREGAMENTO = 2026-05-19 00:00:00
CAMPO ADICIONAL ATUALIZADO: 2ª RETIRADA - CARREGAMENTO - LOCAL = RUA SÃO QUIRINO, 758 - VILA GUILHERME - SÃO PAULO - SP
CAMPO ADICIONAL ATUALIZADO: OPERAÇÃO - DATA DE OPERAÇÃO = 2026-05-20 00:00:00
CAMPO ADICIONAL ATUALIZADO: OPERAÇÃO - LOCAL = RUA SÃO QUIRINO, 758 - VILA GUILHERME - SÃO PAULO - SP
CAMPO ADICIONAL ATUALIZADO: CURSO TÉCNICO - MODALIDADE = -
CAMPO ADICIONAL ATUALIZADO: CURSO TÉCNICO - LOCAL = -
CAMPO ADICIONAL ATUALIZADO: CURSO TÉCNICO - DATA INÍCIO = -
CAMPO ADICIONAL ATUALIZADO: CURSO TÉCNICO - DATA TÉRMINO = -
CAMPO ADICIONAL ATUALIZADO: DUPLADO - DATA INÍCIO = -
CAMPO ADICIONAL ATUALIZADO: DUPLADO - DATA TÉRMINO = -
CAMPO ADICIONAL ATUALIZADO: DUPLADO - GER. REGIONAL = -
CAMPO ADICIONAL ATUALIZADO: DUPLADO - LOCAL DE APRESENTAÇÃO = -
CAMPO ADICIONAL ATUALIZADO: CURSO TÉCNICO RETORNO - MODALIDADE = -
CAMPO ADICIONAL ATUALIZADO: CURSO TÉCNICO RETORNO - LOCAL = -
CAMPO ADICIONAL ATUALIZADO: CURSO TÉCNICO RETORNO - DATA INÍCIO = -
CAMPO ADICIONAL ATUALIZADO: CURSO TÉCNICO RETORNO - INSTRUTOR = -
CAMPO ADICIONAL ATUALIZADO: CURSO TÉCNICO RETORNO - DATA TÉRMINO = -
CAMPO ADICIONAL ATUALIZADO: DUPLADO FASE 2 - DATA INÍCIO = -
CAMPO ADICIONAL ATUALIZADO: DUPLADO FASE 2 - DATA TÉRMINO = -
CAMPO ADICIONAL ATUALIZADO: DUPLADO FASE 2 - GER. REGIONAL = -
CAMPO ADICIONAL ATUALIZADO: DUPLADO FASE 2 - LOCAL DE APRESENTAÇÃO = -
Processando usuário existente: r061112 (Matrícula: 61112)
SENHA ATUALIZADA: r@33879
CAMPO ADICIONAL ATUALIZADO: CADASTRO - FUNÇÃO = MULTI SKILL OPT CON
CAMPO ADICIONAL ATUALIZADO: CADASTRO - ADMISSÃO = 2026-05-06 00:00:00
CAMPO ADICIONAL ATUALIZADO: CADASTRO - GERENTE REGIONAL = ALISSON DE JESUS CARVALHO
CAMPO ADICIONAL ATUALIZADO: CADASTRO - GERENTE CORPORATIVO = FABIO CONCEICAO DOS SANTOS
CAMPO ADICIONAL ATUALIZADO: INTEGRAÇÃO - MODALIDADE = PRESENCIAL
CAMPO ADICIONAL ATUALIZADO: INTEGRAÇÃO - LOCAL = RUA SÃO QUIRINO, 758 - VILA GUILHERME - SÃO PAULO - SP
CAMPO ADICIONAL ATUALIZADO: INTEGRAÇÃO - DATA INÍCIO = 2026-05-06 00:00:00
CAMPO ADICIONAL ATUALIZADO: INTEGRAÇÃO - DATA TÉRMINO = 2026-05-06 00:00:00
CAMPO ADICIONAL ATUALIZADO: INTEGRAÇÃO - INSTRUTOR = GELSIVAN
CAMPO ADICIONAL ATUALIZADO: 1ª RETIRADA - CARREGAMENTO - LOCAL = RUA ÁLVARO ALVIM, 1123 - PAULICÉIA - SÃO BERNARDO DO CAMPO - SP
CAMPO ADICIONAL ATUALIZADO: 1ª RETIRADA - CARREGAMENTO - DATA DE CARREGAMENTO = 2026-05-13 00:00:00
CAMPO ADICIONAL ATUALIZADO: INTRODUÇÃO A SAÚDE E SEGURANÇA DO TRABALHO - MODALIDADE = ONLINE T2
CAMPO ADICIONAL ATUALIZADO: INTRODUÇÃO A SAÚDE E SEGURANÇA DO TRABALHO - LOCAL = https://teams.microsoft.com/meet/238144599512544?p=NPH77zpsohs8Eugsac
CAMPO ADICIONAL ATUALIZADO: INTRODUÇÃO A SAÚDE E SEGURANÇA DO TRABALHO - DATA INÍCIO = 2026-05-07 00:00:00
CAMPO ADICIONAL ATUALIZADO: INTRODUÇÃO A SAÚDE E SEGURANÇA DO TRABALHO - DATA TÉRMINO = 2026-05-07 00:00:00
CAMPO ADICIONAL ATUALIZADO: INTRODUÇÃO A SAÚDE E SEGURANÇA DO TRABALHO - INSTRUTOR = SESMT
CAMPO ADICIONAL ATUALIZADO: NORMATIVO (ONLINE) - DATA INÍCIO = 2026-05-08 00:00:00
CAMPO ADICIONAL ATUALIZADO: NORMATIVO (ONLINE) - DATA TÉRMINO = 2026-05-12 00:00:00
CAMPO ADICIONAL ATUALIZADO: NORMATIVO (ONLINE) - INSTRUTOR = RODRIGO
CAMPO ADICIONAL ATUALIZADO: NORMATIVO (ONLINE) - ACESSO = https://teams.microsoft.com/meet/223076657036901?p=MZm9fP8B2rcltNC8uf
CAMPO ADICIONAL ATUALIZADO: NORMATIVO (PRESENCIAL) - LOCAL = RUA ÁLVARO ALVIM, 1123 - PAULICÉIA - SÃO BERNARDO DO CAMPO - SP
CAMPO ADICIONAL ATUALIZADO: NORMATIVO (PRESENCIAL) - DATA INÍCIO = 2026-05-13 00:00:00
CAMPO ADICIONAL ATUALIZADO: NORMATIVO (PRESENCIAL) - DATA TÉRMINO = 2026-05-14 00:00:00
CAMPO ADICIONAL ATUALIZADO: NORMATIVO (PRESENCIAL) - INSTRUTOR = RODRIGO
CAMPO ADICIONAL ATUALIZADO: 2ª RETIRADA - CARREGAMENTO - DATA DE CARREGAMENTO = 2026-06-09 00:00:00
CAMPO ADICIONAL ATUALIZADO: 2ª RETIRADA - CARREGAMENTO - LOCAL = RUA SÃO QUIRINO, 758 - VILA GUILHERME - SÃO PAULO - SP
CAMPO ADICIONAL ATUALIZADO: OPERAÇÃO - DATA DE OPERAÇÃO = 2026-06-10 00:00:00
CAMPO ADICIONAL ATUALIZADO: OPERAÇÃO - LOCAL = RUA SÃO QUIRINO, 758 - VILA GUILHERME - SÃO PAULO - SP
CAMPO ADICIONAL ATUALIZADO: CURSO TÉCNICO - MODALIDADE = PRESENCIAL
CAMPO ADICIONAL ATUALIZADO: CURSO TÉCNICO - LOCAL = RUA SÃO QUIRINO, 758 - VILA GUILHERME - SÃO PAULO - SP
CAMPO ADICIONAL ATUALIZADO: CURSO TÉCNICO - DATA INÍCIO = 2026-05-15 00:00:00
CAMPO ADICIONAL ATUALIZADO: CURSO TÉCNICO - DATA TÉRMINO = 2026-05-20 00:00:00
CAMPO ADICIONAL ATUALIZADO: CURSO TÉCNICO - INSTRUTOR = 2026 VIVO T41 GLAUCIO BVG
CAMPO ADICIONAL ATUALIZADO: DUPLADO - DATA INÍCIO = 2026-05-21 00:00:00
CAMPO ADICIONAL ATUALIZADO: DUPLADO - DATA TÉRMINO = 2026-06-03 00:00:00
CAMPO ADICIONAL ATUALIZADO: DUPLADO - GER. REGIONAL = -
CAMPO ADICIONAL ATUALIZADO: DUPLADO - LOCAL DE APRESENTAÇÃO = RUA SÃO QUIRINO, 758 - VILA GUILHERME - SÃO PAULO - SP
CAMPO ADICIONAL ATUALIZADO: CURSO TÉCNICO RETORNO - MODALIDADE = PRESENCIAL
CAMPO ADICIONAL ATUALIZADO: CURSO TÉCNICO RETORNO - LOCAL = RUA SÃO QUIRINO, 758 - VILA GUILHERME - SÃO PAULO - SP
CAMPO ADICIONAL ATUALIZADO: CURSO TÉCNICO RETORNO - DATA INÍCIO = 2026-06-05 00:00:00
CAMPO ADICIONAL ATUALIZADO: CURSO TÉCNICO RETORNO - INSTRUTOR = 2026 VIVO T41 GLAUCIO BVG
CAMPO ADICIONAL ATUALIZADO: CURSO TÉCNICO RETORNO - DATA TÉRMINO = 2026-06-08 00:00:00
CAMPO ADICIONAL ATUALIZADO: DUPLADO FASE 2 - DATA INÍCIO = -
CAMPO ADICIONAL ATUALIZADO: DUPLADO FASE 2 - DATA TÉRMINO = -
CAMPO ADICIONAL ATUALIZADO: DUPLADO FASE 2 - GER. REGIONAL = -
CAMPO ADICIONAL ATUALIZADO: DUPLADO FASE 2 - LOCAL DE APRESENTAÇÃO = -
Processando usuário existente: r061074 (Matrícula: 61074)
SENHA ATUALIZADA: r@98826
CAMPO ADICIONAL ATUALIZADO: CADASTRO - FUNÇÃO = MULTI SKILL OPT CON
CAMPO ADICIONAL ATUALIZADO: CADASTRO - ADMISSÃO = 2026-05-06 00:00:00
CAMPO ADICIONAL ATUALIZADO: INTEGRAÇÃO - MODALIDADE = PRESENCIAL
CAMPO ADICIONAL ATUALIZADO: INTEGRAÇÃO - LOCAL = RUA SÃO QUIRINO, 758 - VILA GUILHERME - SÃO PAULO - SP
CAMPO ADICIONAL ATUALIZADO: INTEGRAÇÃO - DATA INÍCIO = 2026-05-06 00:00:00
CAMPO ADICIONAL ATUALIZADO: INTEGRAÇÃO - DATA TÉRMINO = 2026-05-06 00:00:00
CAMPO ADICIONAL ATUALIZADO: INTEGRAÇÃO - INSTRUTOR = GELSIVAN
CAMPO ADICIONAL ATUALIZADO: 1ª RETIRADA - CARREGAMENTO - LOCAL = RUA SÃO QUIRINO, 758 - VILA GUILHERME - SÃO PAULO - SP
CAMPO ADICIONAL ATUALIZADO: 1ª RETIRADA - CARREGAMENTO - DATA DE CARREGAMENTO = 2026-05-13 00:00:00
CAMPO ADICIONAL ATUALIZADO: INTRODUÇÃO A SAÚDE E SEGURANÇA DO TRABALHO - MODALIDADE = ONLINE T2
CAMPO ADICIONAL ATUALIZADO: INTRODUÇÃO A SAÚDE E SEGURANÇA DO TRABALHO - LOCAL = https://teams.microsoft.com/meet/238144599512544?p=NPH77zpsohs8Eugsac
CAMPO ADICIONAL ATUALIZADO: INTRODUÇÃO A SAÚDE E SEGURANÇA DO TRABALHO - DATA INÍCIO = 2026-05-07 00:00:00
CAMPO ADICIONAL ATUALIZADO: INTRODUÇÃO A SAÚDE E SEGURANÇA DO TRABALHO - DATA TÉRMINO = 2026-05-07 00:00:00
CAMPO ADICIONAL ATUALIZADO: INTRODUÇÃO A SAÚDE E SEGURANÇA DO TRABALHO - INSTRUTOR = SESMT
CAMPO ADICIONAL ATUALIZADO: NORMATIVO (ONLINE) - DATA INÍCIO = 2026-05-08 00:00:00
CAMPO ADICIONAL ATUALIZADO: NORMATIVO (ONLINE) - DATA TÉRMINO = 2026-05-12 00:00:00
CAMPO ADICIONAL ATUALIZADO: NORMATIVO (ONLINE) - INSTRUTOR = RODRIGO
CAMPO ADICIONAL ATUALIZADO: NORMATIVO (ONLINE) - ACESSO = https://teams.microsoft.com/meet/223076657036901?p=MZm9fP8B2rcltNC8uf
CAMPO ADICIONAL ATUALIZADO: NORMATIVO (PRESENCIAL) - LOCAL = RUA SÃO QUIRINO, 758 - VILA GUILHERME - SÃO PAULO - SP
CAMPO ADICIONAL ATUALIZADO: NORMATIVO (PRESENCIAL) - DATA INÍCIO = 2026-05-13 00:00:00
CAMPO ADICIONAL ATUALIZADO: NORMATIVO (PRESENCIAL) - DATA TÉRMINO = 2026-05-14 00:00:00
CAMPO ADICIONAL ATUALIZADO: NORMATIVO (PRESENCIAL) - INSTRUTOR = RODRIGO
CAMPO ADICIONAL ATUALIZADO: 2ª RETIRADA - CARREGAMENTO - DATA DE CARREGAMENTO = 2026-06-09 00:00:00
CAMPO ADICIONAL ATUALIZADO: 2ª RETIRADA - CARREGAMENTO - LOCAL = RUA SÃO QUIRINO, 758 - VILA GUILHERME - SÃO PAULO - SP
CAMPO ADICIONAL ATUALIZADO: OPERAÇÃO - DATA DE OPERAÇÃO = 2026-06-10 00:00:00
CAMPO ADICIONAL ATUALIZADO: OPERAÇÃO - LOCAL = RODOVIA JOÃO AFONSO DE SOUZA CASTELLANO, 1212 - VILA JAÚ - POÁ - SP
CAMPO ADICIONAL ATUALIZADO: CURSO TÉCNICO - MODALIDADE = PRESENCIAL
CAMPO ADICIONAL ATUALIZADO: CURSO TÉCNICO - LOCAL = RUA SÃO QUIRINO, 758 - VILA GUILHERME - SÃO PAULO - SP
CAMPO ADICIONAL ATUALIZADO: CURSO TÉCNICO - DATA INÍCIO = 2026-05-15 00:00:00
CAMPO ADICIONAL ATUALIZADO: CURSO TÉCNICO - DATA TÉRMINO = 2026-05-20 00:00:00
CAMPO ADICIONAL ATUALIZADO: CURSO TÉCNICO - INSTRUTOR = 2026 VIVO T41 GLAUCIO BVG
CAMPO ADICIONAL ATUALIZADO: DUPLADO - DATA INÍCIO = 2026-05-21 00:00:00
CAMPO ADICIONAL ATUALIZADO: DUPLADO - DATA TÉRMINO = 2026-06-03 00:00:00
CAMPO ADICIONAL ATUALIZADO: DUPLADO - GER. REGIONAL = -
CAMPO ADICIONAL ATUALIZADO: DUPLADO - LOCAL DE APRESENTAÇÃO = RODOVIA JOÃO AFONSO DE SOUZA CASTELLANO, 1212 - VILA JAÚ - POÁ - SP
CAMPO ADICIONAL ATUALIZADO: CURSO TÉCNICO RETORNO - MODALIDADE = PRESENCIAL
CAMPO ADICIONAL ATUALIZADO: CURSO TÉCNICO RETORNO - LOCAL = RODOVIA JOÃO AFONSO DE SOUZA CASTELLANO, 1212 - VILA JAÚ - POÁ - SP
CAMPO ADICIONAL ATUALIZADO: CURSO TÉCNICO RETORNO - DATA INÍCIO = 2026-06-05 00:00:00
CAMPO ADICIONAL ATUALIZADO: CURSO TÉCNICO RETORNO - INSTRUTOR = 2026 VIVO T41 GLAUCIO BVG
CAMPO ADICIONAL ATUALIZADO: CURSO TÉCNICO RETORNO - DATA TÉRMINO = 2026-06-08 00:00:00
CAMPO ADICIONAL ATUALIZADO: DUPLADO FASE 2 - DATA INÍCIO = -
CAMPO ADICIONAL ATUALIZADO: DUPLADO FASE 2 - DATA TÉRMINO = -
CAMPO ADICIONAL ATUALIZADO: DUPLADO FASE 2 - GER. REGIONAL = -
CAMPO ADICIONAL ATUALIZADO: DUPLADO FASE 2 - LOCAL DE APRESENTAÇÃO = -
Processando usuário existente: r061114 (Matrícula: 61114)
SENHA ATUALIZADA: r@53851
CAMPO ADICIONAL ATUALIZADO: CADASTRO - FUNÇÃO = MULTI SKILL OPT CON
CAMPO ADICIONAL ATUALIZADO: CADASTRO - ADMISSÃO = 2026-05-06 00:00:00
CAMPO ADICIONAL ATUALIZADO: CADASTRO - GERENTE REGIONAL = ALISSON DE JESUS CARVALHO
CAMPO ADICIONAL ATUALIZADO: CADASTRO - GERENTE CORPORATIVO = FABIO CONCEICAO DOS SANTOS
CAMPO ADICIONAL ATUALIZADO: INTEGRAÇÃO - MODALIDADE = PRESENCIAL
CAMPO ADICIONAL ATUALIZADO: INTEGRAÇÃO - LOCAL = RUA SÃO QUIRINO, 758 - VILA GUILHERME - SÃO PAULO - SP
CAMPO ADICIONAL ATUALIZADO: INTEGRAÇÃO - DATA INÍCIO = 2026-05-06 00:00:00
CAMPO ADICIONAL ATUALIZADO: INTEGRAÇÃO - DATA TÉRMINO = 2026-05-06 00:00:00
CAMPO ADICIONAL ATUALIZADO: INTEGRAÇÃO - INSTRUTOR = GELSIVAN
CAMPO ADICIONAL ATUALIZADO: 1ª RETIRADA - CARREGAMENTO - LOCAL = RUA SÃO QUIRINO, 758 - VILA GUILHERME - SÃO PAULO - SP
CAMPO ADICIONAL ATUALIZADO: 1ª RETIRADA - CARREGAMENTO - DATA DE CARREGAMENTO = 2026-05-13 00:00:00
CAMPO ADICIONAL ATUALIZADO: INTRODUÇÃO A SAÚDE E SEGURANÇA DO TRABALHO - MODALIDADE = ONLINE T2
CAMPO ADICIONAL ATUALIZADO: INTRODUÇÃO A SAÚDE E SEGURANÇA DO TRABALHO - LOCAL = https://teams.microsoft.com/meet/238144599512544?p=NPH77zpsohs8Eugsac
CAMPO ADICIONAL ATUALIZADO: INTRODUÇÃO A SAÚDE E SEGURANÇA DO TRABALHO - DATA INÍCIO = 2026-05-07 00:00:00
CAMPO ADICIONAL ATUALIZADO: INTRODUÇÃO A SAÚDE E SEGURANÇA DO TRABALHO - DATA TÉRMINO = 2026-05-07 00:00:00
CAMPO ADICIONAL ATUALIZADO: INTRODUÇÃO A SAÚDE E SEGURANÇA DO TRABALHO - INSTRUTOR = SESMT
CAMPO ADICIONAL ATUALIZADO: NORMATIVO (ONLINE) - DATA INÍCIO = 2026-05-08 00:00:00
CAMPO ADICIONAL ATUALIZADO: NORMATIVO (ONLINE) - DATA TÉRMINO = 2026-05-12 00:00:00
CAMPO ADICIONAL ATUALIZADO: NORMATIVO (ONLINE) - INSTRUTOR = RODRIGO
CAMPO ADICIONAL ATUALIZADO: NORMATIVO (ONLINE) - ACESSO = https://teams.microsoft.com/meet/223076657036901?p=MZm9fP8B2rcltNC8uf
CAMPO ADICIONAL ATUALIZADO: NORMATIVO (PRESENCIAL) - LOCAL = RUA SÃO QUIRINO, 758 - VILA GUILHERME - SÃO PAULO - SP
CAMPO ADICIONAL ATUALIZADO: NORMATIVO (PRESENCIAL) - DATA INÍCIO = 2026-05-13 00:00:00
CAMPO ADICIONAL ATUALIZADO: NORMATIVO (PRESENCIAL) - DATA TÉRMINO = 2026-05-14 00:00:00
CAMPO ADICIONAL ATUALIZADO: NORMATIVO (PRESENCIAL) - INSTRUTOR = RODRIGO
CAMPO ADICIONAL ATUALIZADO: 2ª RETIRADA - CARREGAMENTO - DATA DE CARREGAMENTO = 2026-06-09 00:00:00
CAMPO ADICIONAL ATUALIZADO: 2ª RETIRADA - CARREGAMENTO - LOCAL = RUA SÃO QUIRINO, 758 - VILA GUILHERME - SÃO PAULO - SP
CAMPO ADICIONAL ATUALIZADO: OPERAÇÃO - DATA DE OPERAÇÃO = 2026-06-10 00:00:00
CAMPO ADICIONAL ATUALIZADO: OPERAÇÃO - LOCAL = RUA SÃO QUIRINO, 758 - VILA GUILHERME - SÃO PAULO - SP
CAMPO ADICIONAL ATUALIZADO: CURSO TÉCNICO - MODALIDADE = PRESENCIAL
CAMPO ADICIONAL ATUALIZADO: CURSO TÉCNICO - LOCAL = RUA SÃO QUIRINO, 758 - VILA GUILHERME - SÃO PAULO - SP
CAMPO ADICIONAL ATUALIZADO: CURSO TÉCNICO - DATA INÍCIO = 2026-05-15 00:00:00
CAMPO ADICIONAL ATUALIZADO: CURSO TÉCNICO - DATA TÉRMINO = 2026-05-20 00:00:00
CAMPO ADICIONAL ATUALIZADO: CURSO TÉCNICO - INSTRUTOR = 2026 VIVO T41 GLAUCIO BVG
CAMPO ADICIONAL ATUALIZADO: DUPLADO - DATA INÍCIO = 2026-05-21 00:00:00
CAMPO ADICIONAL ATUALIZADO: DUPLADO - DATA TÉRMINO = 2026-06-03 00:00:00
CAMPO ADICIONAL ATUALIZADO: DUPLADO - GER. REGIONAL = -
CAMPO ADICIONAL ATUALIZADO: DUPLADO - LOCAL DE APRESENTAÇÃO = RUA SÃO QUIRINO, 758 - VILA GUILHERME - SÃO PAULO - SP
CAMPO ADICIONAL ATUALIZADO: CURSO TÉCNICO RETORNO - MODALIDADE = PRESENCIAL
CAMPO ADICIONAL ATUALIZADO: CURSO TÉCNICO RETORNO - LOCAL = RUA SÃO QUIRINO, 758 - VILA GUILHERME - SÃO PAULO - SP
CAMPO ADICIONAL ATUALIZADO: CURSO TÉCNICO RETORNO - DATA INÍCIO = 2026-06-05 00:00:00
CAMPO ADICIONAL ATUALIZADO: CURSO TÉCNICO RETORNO - INSTRUTOR = 2026 VIVO T41 GLAUCIO BVG
CAMPO ADICIONAL ATUALIZADO: CURSO TÉCNICO RETORNO - DATA TÉRMINO = 2026-06-08 00:00:00
CAMPO ADICIONAL ATUALIZADO: DUPLADO FASE 2 - DATA INÍCIO = -
CAMPO ADICIONAL ATUALIZADO: DUPLADO FASE 2 - DATA TÉRMINO = -
CAMPO ADICIONAL ATUALIZADO: DUPLADO FASE 2 - GER. REGIONAL = -
CAMPO ADICIONAL ATUALIZADO: DUPLADO FASE 2 - LOCAL DE APRESENTAÇÃO = -
Processando usuário existente: r061090 (Matrícula: 61090)
SENHA ATUALIZADA: r@40519
CAMPO ADICIONAL ATUALIZADO: CADASTRO - FUNÇÃO = MULTI SKILL OPT CON
CAMPO ADICIONAL ATUALIZADO: CADASTRO - ADMISSÃO = 2026-05-06 00:00:00
CAMPO ADICIONAL ATUALIZADO: INTEGRAÇÃO - MODALIDADE = PRESENCIAL
CAMPO ADICIONAL ATUALIZADO: INTEGRAÇÃO - LOCAL = RUA SÃO QUIRINO, 758 - VILA GUILHERME - SÃO PAULO - SP
CAMPO ADICIONAL ATUALIZADO: INTEGRAÇÃO - DATA INÍCIO = 2026-05-06 00:00:00
CAMPO ADICIONAL ATUALIZADO: INTEGRAÇÃO - DATA TÉRMINO = 2026-05-06 00:00:00
CAMPO ADICIONAL ATUALIZADO: INTEGRAÇÃO - INSTRUTOR = GELSIVAN
CAMPO ADICIONAL ATUALIZADO: 1ª RETIRADA - CARREGAMENTO - LOCAL = RUA ÁLVARO ALVIM, 1123 - PAULICÉIA - SÃO BERNARDO DO CAMPO - SP
CAMPO ADICIONAL ATUALIZADO: 1ª RETIRADA - CARREGAMENTO - DATA DE CARREGAMENTO = 2026-05-13 00:00:00
CAMPO ADICIONAL ATUALIZADO: INTRODUÇÃO A SAÚDE E SEGURANÇA DO TRABALHO - MODALIDADE = ONLINE T2
CAMPO ADICIONAL ATUALIZADO: INTRODUÇÃO A SAÚDE E SEGURANÇA DO TRABALHO - LOCAL = https://teams.microsoft.com/meet/238144599512544?p=NPH77zpsohs8Eugsac
CAMPO ADICIONAL ATUALIZADO: INTRODUÇÃO A SAÚDE E SEGURANÇA DO TRABALHO - DATA INÍCIO = 2026-05-07 00:00:00
CAMPO ADICIONAL ATUALIZADO: INTRODUÇÃO A SAÚDE E SEGURANÇA DO TRABALHO - DATA TÉRMINO = 2026-05-07 00:00:00
CAMPO ADICIONAL ATUALIZADO: INTRODUÇÃO A SAÚDE E SEGURANÇA DO TRABALHO - INSTRUTOR = SESMT
CAMPO ADICIONAL ATUALIZADO: NORMATIVO (ONLINE) - DATA INÍCIO = 2026-05-08 00:00:00
CAMPO ADICIONAL ATUALIZADO: NORMATIVO (ONLINE) - DATA TÉRMINO = 2026-05-12 00:00:00
CAMPO ADICIONAL ATUALIZADO: NORMATIVO (ONLINE) - INSTRUTOR = RODRIGO
CAMPO ADICIONAL ATUALIZADO: NORMATIVO (ONLINE) - ACESSO = https://teams.microsoft.com/meet/223076657036901?p=MZm9fP8B2rcltNC8uf
CAMPO ADICIONAL ATUALIZADO: NORMATIVO (PRESENCIAL) - LOCAL = RUA ÁLVARO ALVIM, 1123 - PAULICÉIA - SÃO BERNARDO DO CAMPO - SP
CAMPO ADICIONAL ATUALIZADO: NORMATIVO (PRESENCIAL) - DATA INÍCIO = 2026-05-13 00:00:00
CAMPO ADICIONAL ATUALIZADO: NORMATIVO (PRESENCIAL) - DATA TÉRMINO = 2026-05-14 00:00:00
CAMPO ADICIONAL ATUALIZADO: NORMATIVO (PRESENCIAL) - INSTRUTOR = RODRIGO
CAMPO ADICIONAL ATUALIZADO: 2ª RETIRADA - CARREGAMENTO - DATA DE CARREGAMENTO = 2026-06-09 00:00:00
CAMPO ADICIONAL ATUALIZADO: 2ª RETIRADA - CARREGAMENTO - LOCAL = RUA SÃO QUIRINO, 758 - VILA GUILHERME - SÃO PAULO - SP
CAMPO ADICIONAL ATUALIZADO: OPERAÇÃO - DATA DE OPERAÇÃO = 2026-06-10 00:00:00
CAMPO ADICIONAL ATUALIZADO: OPERAÇÃO - LOCAL = RUA SÃO QUIRINO, 758 - VILA GUILHERME - SÃO PAULO - SP
CAMPO ADICIONAL ATUALIZADO: CURSO TÉCNICO - MODALIDADE = PRESENCIAL
CAMPO ADICIONAL ATUALIZADO: CURSO TÉCNICO - LOCAL = RUA SÃO QUIRINO, 758 - VILA GUILHERME - SÃO PAULO - SP
CAMPO ADICIONAL ATUALIZADO: CURSO TÉCNICO - DATA INÍCIO = 2026-05-15 00:00:00
CAMPO ADICIONAL ATUALIZADO: CURSO TÉCNICO - DATA TÉRMINO = 2026-05-20 00:00:00
CAMPO ADICIONAL ATUALIZADO: CURSO TÉCNICO - INSTRUTOR = 2026 VIVO T41 GLAUCIO BVG
CAMPO ADICIONAL ATUALIZADO: DUPLADO - DATA INÍCIO = 2026-05-21 00:00:00
CAMPO ADICIONAL ATUALIZADO: DUPLADO - DATA TÉRMINO = 2026-06-03 00:00:00
CAMPO ADICIONAL ATUALIZADO: DUPLADO - GER. REGIONAL = -
CAMPO ADICIONAL ATUALIZADO: DUPLADO - LOCAL DE APRESENTAÇÃO = RUA SÃO QUIRINO, 758 - VILA GUILHERME - SÃO PAULO - SP
CAMPO ADICIONAL ATUALIZADO: CURSO TÉCNICO RETORNO - MODALIDADE = PRESENCIAL
CAMPO ADICIONAL ATUALIZADO: CURSO TÉCNICO RETORNO - LOCAL = RUA SÃO QUIRINO, 758 - VILA GUILHERME - SÃO PAULO - SP
CAMPO ADICIONAL ATUALIZADO: CURSO TÉCNICO RETORNO - DATA INÍCIO = 2026-06-05 00:00:00
CAMPO ADICIONAL ATUALIZADO: CURSO TÉCNICO RETORNO - INSTRUTOR = 2026 VIVO T41 GLAUCIO BVG
CAMPO ADICIONAL ATUALIZADO: CURSO TÉCNICO RETORNO - DATA TÉRMINO = 2026-06-08 00:00:00
CAMPO ADICIONAL ATUALIZADO: DUPLADO FASE 2 - DATA INÍCIO = -
CAMPO ADICIONAL ATUALIZADO: DUPLADO FASE 2 - DATA TÉRMINO = -
CAMPO ADICIONAL ATUALIZADO: DUPLADO FASE 2 - GER. REGIONAL = -
CAMPO ADICIONAL ATUALIZADO: DUPLADO FASE 2 - LOCAL DE APRESENTAÇÃO = -
Processando usuário existente: r061113 (Matrícula: 61113)
SENHA ATUALIZADA: r@95880
CAMPO ADICIONAL ATUALIZADO: CADASTRO - FUNÇÃO = MULTI SKILL OPT CON
CAMPO ADICIONAL ATUALIZADO: CADASTRO - ADMISSÃO = 2026-05-06 00:00:00
CAMPO ADICIONAL ATUALIZADO: CADASTRO - GERENTE REGIONAL = ANDRE FLOR GOMES
CAMPO ADICIONAL ATUALIZADO: CADASTRO - GERENTE CORPORATIVO = ODLEI RICARDO DOS REIS
CAMPO ADICIONAL ATUALIZADO: INTEGRAÇÃO - MODALIDADE = PRESENCIAL
CAMPO ADICIONAL ATUALIZADO: INTEGRAÇÃO - LOCAL = RUA SÃO QUIRINO, 758 - VILA GUILHERME - SÃO PAULO - SP
CAMPO ADICIONAL ATUALIZADO: INTEGRAÇÃO - DATA INÍCIO = 2026-05-06 00:00:00
CAMPO ADICIONAL ATUALIZADO: INTEGRAÇÃO - DATA TÉRMINO = 2026-05-06 00:00:00
CAMPO ADICIONAL ATUALIZADO: INTEGRAÇÃO - INSTRUTOR = GELSIVAN
CAMPO ADICIONAL ATUALIZADO: 1ª RETIRADA - CARREGAMENTO - LOCAL = RUA ÁLVARO ALVIM, 1123 - PAULICÉIA - SÃO BERNARDO DO CAMPO - SP
CAMPO ADICIONAL ATUALIZADO: 1ª RETIRADA - CARREGAMENTO - DATA DE CARREGAMENTO = 2026-05-13 00:00:00
CAMPO ADICIONAL ATUALIZADO: INTRODUÇÃO A SAÚDE E SEGURANÇA DO TRABALHO - MODALIDADE = ONLINE T2
CAMPO ADICIONAL ATUALIZADO: INTRODUÇÃO A SAÚDE E SEGURANÇA DO TRABALHO - LOCAL = https://teams.microsoft.com/meet/238144599512544?p=NPH77zpsohs8Eugsac
CAMPO ADICIONAL ATUALIZADO: INTRODUÇÃO A SAÚDE E SEGURANÇA DO TRABALHO - DATA INÍCIO = 2026-05-07 00:00:00
CAMPO ADICIONAL ATUALIZADO: INTRODUÇÃO A SAÚDE E SEGURANÇA DO TRABALHO - DATA TÉRMINO = 2026-05-07 00:00:00
CAMPO ADICIONAL ATUALIZADO: INTRODUÇÃO A SAÚDE E SEGURANÇA DO TRABALHO - INSTRUTOR = SESMT
CAMPO ADICIONAL ATUALIZADO: NORMATIVO (ONLINE) - DATA INÍCIO = 2026-05-08 00:00:00
CAMPO ADICIONAL ATUALIZADO: NORMATIVO (ONLINE) - DATA TÉRMINO = 2026-05-12 00:00:00
CAMPO ADICIONAL ATUALIZADO: NORMATIVO (ONLINE) - INSTRUTOR = RODRIGO
CAMPO ADICIONAL ATUALIZADO: NORMATIVO (ONLINE) - ACESSO = https://teams.microsoft.com/meet/223076657036901?p=MZm9fP8B2rcltNC8uf
CAMPO ADICIONAL ATUALIZADO: NORMATIVO (PRESENCIAL) - LOCAL = RUA ÁLVARO ALVIM, 1123 - PAULICÉIA - SÃO BERNARDO DO CAMPO - SP
CAMPO ADICIONAL ATUALIZADO: NORMATIVO (PRESENCIAL) - DATA INÍCIO = 2026-05-13 00:00:00
CAMPO ADICIONAL ATUALIZADO: NORMATIVO (PRESENCIAL) - DATA TÉRMINO = 2026-05-14 00:00:00
CAMPO ADICIONAL ATUALIZADO: NORMATIVO (PRESENCIAL) - INSTRUTOR = RODRIGO
CAMPO ADICIONAL ATUALIZADO: 2ª RETIRADA - CARREGAMENTO - DATA DE CARREGAMENTO = 2026-06-09 00:00:00
CAMPO ADICIONAL ATUALIZADO: 2ª RETIRADA - CARREGAMENTO - LOCAL = RUA SÃO QUIRINO, 758 - VILA GUILHERME - SÃO PAULO - SP
CAMPO ADICIONAL ATUALIZADO: OPERAÇÃO - DATA DE OPERAÇÃO = 2026-06-10 00:00:00
CAMPO ADICIONAL ATUALIZADO: OPERAÇÃO - LOCAL = RUA ÁLVARO ALVIM, 1123 - PAULICÉIA - SÃO BERNARDO DO CAMPO - SP
CAMPO ADICIONAL ATUALIZADO: CURSO TÉCNICO - MODALIDADE = PRESENCIAL
CAMPO ADICIONAL ATUALIZADO: CURSO TÉCNICO - LOCAL = RUA SÃO QUIRINO, 758 - VILA GUILHERME - SÃO PAULO - SP
CAMPO ADICIONAL ATUALIZADO: CURSO TÉCNICO - DATA INÍCIO = 2026-05-15 00:00:00
CAMPO ADICIONAL ATUALIZADO: CURSO TÉCNICO - DATA TÉRMINO = 2026-05-20 00:00:00
CAMPO ADICIONAL ATUALIZADO: CURSO TÉCNICO - INSTRUTOR = 2026 VIVO T41 GLAUCIO BVG
CAMPO ADICIONAL ATUALIZADO: DUPLADO - DATA INÍCIO = 2026-05-21 00:00:00
CAMPO ADICIONAL ATUALIZADO: DUPLADO - DATA TÉRMINO = 2026-06-03 00:00:00
CAMPO ADICIONAL ATUALIZADO: DUPLADO - GER. REGIONAL = -
CAMPO ADICIONAL ATUALIZADO: DUPLADO - LOCAL DE APRESENTAÇÃO = RUA ÁLVARO ALVIM, 1123 - PAULICÉIA - SÃO BERNARDO DO CAMPO - SP
CAMPO ADICIONAL ATUALIZADO: CURSO TÉCNICO RETORNO - MODALIDADE = PRESENCIAL
CAMPO ADICIONAL ATUALIZADO: CURSO TÉCNICO RETORNO - LOCAL = RUA ÁLVARO ALVIM, 1123 - PAULICÉIA - SÃO BERNARDO DO CAMPO - SP
CAMPO ADICIONAL ATUALIZADO: CURSO TÉCNICO RETORNO - DATA INÍCIO = 2026-06-05 00:00:00
CAMPO ADICIONAL ATUALIZADO: CURSO TÉCNICO RETORNO - INSTRUTOR = 2026 VIVO T41 GLAUCIO BVG
CAMPO ADICIONAL ATUALIZADO: CURSO TÉCNICO RETORNO - DATA TÉRMINO = 2026-06-08 00:00:00
CAMPO ADICIONAL ATUALIZADO: DUPLADO FASE 2 - DATA INÍCIO = -
CAMPO ADICIONAL ATUALIZADO: DUPLADO FASE 2 - DATA TÉRMINO = -
CAMPO ADICIONAL ATUALIZADO: DUPLADO FASE 2 - GER. REGIONAL = -
CAMPO ADICIONAL ATUALIZADO: DUPLADO FASE 2 - LOCAL DE APRESENTAÇÃO = -
Processando usuário existente: r061075 (Matrícula: 61075)
SENHA ATUALIZADA: r@64884
CAMPO ADICIONAL ATUALIZADO: CADASTRO - FUNÇÃO = MULTI SKILL OPT CON
CAMPO ADICIONAL ATUALIZADO: CADASTRO - ADMISSÃO = 2026-05-06 00:00:00
CAMPO ADICIONAL ATUALIZADO: INTEGRAÇÃO - MODALIDADE = PRESENCIAL
CAMPO ADICIONAL ATUALIZADO: INTEGRAÇÃO - LOCAL = RUA SÃO QUIRINO, 758 - VILA GUILHERME - SÃO PAULO - SP
CAMPO ADICIONAL ATUALIZADO: INTEGRAÇÃO - DATA INÍCIO = 2026-05-06 00:00:00
CAMPO ADICIONAL ATUALIZADO: INTEGRAÇÃO - DATA TÉRMINO = 2026-05-06 00:00:00
CAMPO ADICIONAL ATUALIZADO: INTEGRAÇÃO - INSTRUTOR = GELSIVAN127.0.0.1 - - [12/May/2026 17:01:04] "POST /admin/upload HTTP/1.1" 302 -
127.0.0.1 - - [12/May/2026 17:01:05] "GET /admin/upload HTTP/1.1" 200 -
127.0.0.1 - - [12/May/2026 17:01:05] "GET /static/css/style.css HTTP/1.1" 304 -
127.0.0.1 - - [12/May/2026 17:01:05] "GET /static/js/script.js HTTP/1.1" 304 -
127.0.0.1 - - [12/May/2026 17:01:08] "GET /logout HTTP/1.1" 302 -
127.0.0.1 - - [12/May/2026 17:01:08] "GET /login HTTP/1.1" 200 -
127.0.0.1 - - [12/May/2026 17:01:18] "POST /login HTTP/1.1" 302 -
127.0.0.1 - - [12/May/2026 17:01:18] "GET /greeting HTTP/1.1" 200 -
127.0.0.1 - - [12/May/2026 17:01:23] "GET /dashboard HTTP/1.1" 302 -
127.0.0.1 - - [12/May/2026 17:01:23] "GET /user/dashboard HTTP/1.1" 200 -
127.0.0.1 - - [12/May/2026 17:01:37] "GET /logout HTTP/1.1" 302 -
127.0.0.1 - - [12/May/2026 17:01:37] "GET /login HTTP/1.1" 200 -
127.0.0.1 - - [12/May/2026 17:01:45] "POST /login HTTP/1.1" 302 -
127.0.0.1 - - [12/May/2026 17:01:46] "GET /greeting HTTP/1.1" 200 -
127.0.0.1 - - [12/May/2026 17:01:47] "GET /dashboard HTTP/1.1" 302 -
127.0.0.1 - - [12/May/2026 17:01:47] "GET /user/dashboard HTTP/1.1" 200 -
127.0.0.1 - - [12/May/2026 17:02:07] "GET /favicon.ico HTTP/1.1" 404 -
127.0.0.1 - - [12/May/2026 17:03:24] "GET /login HTTP/1.1" 200 -
127.0.0.1 - - [12/May/2026 17:03:24] "GET /favicon.ico HTTP/1.1" 404 -
127.0.0.1 - - [12/May/2026 17:03:29] "POST /login HTTP/1.1" 302 -
127.0.0.1 - - [12/May/2026 17:03:29] "GET /greeting HTTP/1.1" 200 -
127.0.0.1 - - [12/May/2026 17:03:31] "POST /login HTTP/1.1" 302 -
127.0.0.1 - - [12/May/2026 17:03:31] "GET /greeting HTTP/1.1" 200 -
127.0.0.1 - - [12/May/2026 17:03:32] "GET /dashboard HTTP/1.1" 302 -
127.0.0.1 - - [12/May/2026 17:03:33] "GET /user/dashboard HTTP/1.1" 200 -
127.0.0.1 - - [12/May/2026 17:04:21] "GET /login HTTP/1.1" 200 -
127.0.0.1 - - [12/May/2026 17:04:22] "GET /favicon.ico HTTP/1.1" 404 -
127.0.0.1 - - [12/May/2026 17:04:28] "POST /login HTTP/1.1" 302 -
127.0.0.1 - - [12/May/2026 17:04:29] "POST /login HTTP/1.1" 302 -
127.0.0.1 - - [12/May/2026 17:04:30] "POST /login HTTP/1.1" 302 -
127.0.0.1 - - [12/May/2026 17:04:30] "GET /greeting HTTP/1.1" 200 -
127.0.0.1 - - [12/May/2026 17:04:31] "POST /login HTTP/1.1" 302 -
127.0.0.1 - - [12/May/2026 17:04:31] "GET /greeting HTTP/1.1" 200 -
127.0.0.1 - - [12/May/2026 17:04:34] "GET /dashboard HTTP/1.1" 302 -
127.0.0.1 - - [12/May/2026 17:04:34] "GET /user/dashboard HTTP/1.1" 200 -
127.0.0.1 - - [12/May/2026 17:06:25] "GET /login HTTP/1.1" 200 -
127.0.0.1 - - [12/May/2026 17:06:33] "POST /login HTTP/1.1" 302 -
127.0.0.1 - - [12/May/2026 17:06:33] "GET /greeting HTTP/1.1" 200 -
127.0.0.1 - - [12/May/2026 17:06:35] "GET /dashboard HTTP/1.1" 302 -
127.0.0.1 - - [12/May/2026 17:06:35] "GET /user/dashboard HTTP/1.1" 200 -
